{"type":"FeatureCollection", "features": [
{"type":"Feature","geometry":{"type":"Polygon","coordinates":[[[-68.9502,-18.9367],[-68.9252,-18.9085],[-68.9257,-18.8427],[-68.9777,-18.739],[-68.9842,-18.6786],[-69.0141,-18.6333],[-69.0365,-18.6236],[-69.0169,-18.5724],[-69.0043,-18.4755],[-69.0483,-18.4266],[-69.052,-18.3376],[-69.0382,-18.3221],[-69.0744,-18.2866],[-69.0639,-18.231],[-69.1025,-18.2102],[-69.1365,-18.1763],[-69.1406,-18.1453],[-69.0989,-18.1145],[-69.0675,-18.0671],[-69.0737,-18.042],[-69.1209,-18.0044],[-69.248,-17.982],[-69.2808,-17.9694],[-69.2956,-17.9473],[-69.3085,-17.8954],[-69.3058,-17.8446],[-69.3131,-17.7894],[-69.3303,-17.7709],[-69.3427,-17.7247],[-69.4679,-17.6049],[-69.4685,-17.4984],[-69.5524,-17.5753],[-69.6664,-17.6603],[-69.7963,-17.6459],[-69.8261,-17.706],[-69.8222,-17.744],[-69.8008,-17.7622],[-69.7992,-17.8655],[-69.7804,-17.9106],[-69.7502,-17.9473],[-69.7547,-17.9893],[-69.8162,-18.1164],[-69.8605,-18.1705],[-69.9065,-18.2033],[-69.9659,-18.2622],[-69.9852,-18.2698],[-70.0504,-18.2693],[-70.1495,-18.3194],[-70.1977,-18.3223],[-70.2747,-18.3099],[-70.3283,-18.314],[-70.3774,-18.3516],[-70.3026,-18.4487],[-70.3295,-18.4919],[-70.3167,-18.5151],[-70.3387,-18.5651],[-70.3394,-18.6256],[-70.3499,-18.6492],[-70.3367,-18.677],[-70.3373,-18.7461],[-70.3582,-18.7996],[-70.3506,-18.8372],[-70.3292,-18.8751],[-70.328,-18.9045],[-70.3065,-18.9907],[-70.3165,-19.0184],[-70.2705,-19.1423],[-70.2672,-19.1978],[-70.2853,-19.2293],[-70.1518,-19.1646],[-70.1429,-19.1604],[-70.095,-19.1178],[-70.0899,-19.1158],[-70.0652,-19.1059],[-70.0629,-19.105],[-70.053,-19.101],[-69.9901,-19.0709],[-69.9841,-19.069],[-69.9793,-19.0642],[-69.9164,-19.0502],[-69.8865,-19.0347],[-69.8282,-19.0472],[-69.7148,-19.0261],[-69.6434,-19.0211],[-69.6417,-19.0211],[-69.6167,-19.0239],[-69.6151,-19.0242],[-69.6132,-19.0242],[-69.5284,-19.0254],[-69.4751,-19.0363],[-69.4255,-19.0247],[-69.4024,-19.0345],[-69.3702,-19.0722],[-69.368,-19.074],[-69.2905,-19.1143],[-69.2888,-19.1141],[-69.2316,-19.0939],[-69.1599,-19.1048],[-69.1031,-19.0636],[-69.103,-19.0607],[-69.071,-19.029],[-69.0475,-19.0313],[-69.0098,-18.9975],[-69.0219,-18.9651],[-69.0218,-18.965],[-68.9899,-18.9556],[-68.9885,-18.9551],[-68.9502,-18.9367]]]},"properties":{"code":15}},
{"type":"Feature","geometry":{"type":"Polygon","coordinates":[[[-70.1376,-20.1927],[-70.1582,-20.2161],[-70.1308,-20.2649],[-70.1455,-20.3329],[-70.1768,-20.3508],[-70.1791,-20.3791],[-70.1588,-20.4092],[-70.1663,-20.5008],[-70.1948,-20.5265],[-70.1911,-20.5952],[-70.1982,-20.6245],[-70.1829,-20.6503],[-70.1983,-20.7151],[-70.1983,-20.7521],[-70.1852,-20.7978],[-70.1912,-20.8185],[-70.1615,-20.8488],[-70.1368,-20.893],[-70.1427,-20.9135],[-70.1309,-20.9524],[-70.1587,-20.9796],[-70.1775,-21.0245],[-70.1246,-21.0878],[-70.1337,-21.1285],[-70.1158,-21.1485],[-70.082,-21.2315],[-70.0861,-21.2564],[-70.0674,-21.3145],[-70.0975,-21.3376],[-70.0877,-21.3772],[-70.0581,-21.4302],[-70.0566,-21.4301],[-70.0549,-21.4279],[-70.0532,-21.4277],[-70.051,-21.4272],[-70.0508,-21.4272],[-70.0504,-21.4271],[-70.05,-21.4271],[-70.0481,-21.4261],[-70.0456,-21.4253],[-70.0429,-21.4257],[-70.037,-21.4257],[-70.0333,-21.4292],[-70.0324,-21.4299],[-70.032,-21.4299],[-70.0318,-21.4299],[-70.0313,-21.4297],[-70.0308,-21.4297],[-70.0304,-21.4296],[-70.03,-21.4294],[-70.0296,-21.4293],[-70.0289,-21.4292],[-70.0283,-21.4292],[-70.0277,-21.4293],[-70.0275,-21.4293],[-70.0266,-21.4298],[-70.0259,-21.43],[-70.0255,-21.4306],[-70.0253,-21.431],[-70.0251,-21.4314],[-70.0249,-21.4317],[-70.0247,-21.4319],[-70.0243,-21.432],[-70.0239,-21.4321],[-70.0237,-21.4321],[-70.0231,-21.4321],[-70.0229,-21.4321],[-70.0221,-21.4327],[-70.0213,-21.4335],[-70.0175,-21.4339],[-70.0168,-21.4339],[-70.0145,-21.4347],[-70.0118,-21.4358],[-70.0088,-21.4373],[-70.0077,-21.4382],[-70.0073,-21.4384],[-70.0052,-21.4385],[-70.0031,-21.4382],[-70.0008,-21.4379],[-70.0003,-21.4375],[-69.9999,-21.4374],[-69.9992,-21.4373],[-69.9969,-21.4374],[-69.9955,-21.4374],[-69.995,-21.4369],[-69.9938,-21.4363],[-69.9928,-21.4363],[-69.9913,-21.4353],[-69.9889,-21.4338],[-69.9878,-21.4334],[-69.9872,-21.4332],[-69.9849,-21.4335],[-69.9843,-21.4339],[-69.9822,-21.4347],[-69.9816,-21.4345],[-69.9812,-21.4345],[-69.9809,-21.4345],[-69.9806,-21.4345],[-69.98,-21.4346],[-69.9787,-21.4347],[-69.9767,-21.4342],[-69.9764,-21.4341],[-69.9759,-21.4337],[-69.9754,-21.4334],[-69.975,-21.4334],[-69.9743,-21.4333],[-69.9733,-21.4334],[-69.9723,-21.4336],[-69.971,-21.4332],[-69.9701,-21.4328],[-69.9697,-21.4324],[-69.9691,-21.4321],[-69.9685,-21.432],[-69.9638,-21.4316],[-69.9631,-21.4317],[-69.9625,-21.4315],[-69.9623,-21.4313],[-69.9607,-21.4309],[-69.9591,-21.4296],[-69.9588,-21.4291],[-69.9584,-21.4286],[-69.9578,-21.4284],[-69.9572,-21.4282],[-69.9557,-21.4279],[-69.9548,-21.4276],[-69.9544,-21.4275],[-69.9538,-21.4273],[-69.9534,-21.4269],[-69.9531,-21.4264],[-69.9522,-21.426],[-69.9519,-21.4259],[-69.9511,-21.4259],[-69.9504,-21.4259],[-69.9495,-21.4259],[-69.9488,-21.426],[-69.9482,-21.426],[-69.9479,-21.4262],[-69.9472,-21.4262],[-69.9465,-21.4263],[-69.946,-21.4261],[-69.9458,-21.4259],[-69.9453,-21.4255],[-69.9446,-21.4255],[-69.9431,-21.426],[-69.9417,-21.4258],[-69.9411,-21.4249],[-69.9408,-21.4234],[-69.9402,-21.4232],[-69.9391,-21.4231],[-69.9386,-21.4233],[-69.9382,-21.4237],[-69.9373,-21.4243],[-69.9361,-21.4241],[-69.9352,-21.424],[-69.9345,-21.4241],[-69.9336,-21.4245],[-69.9331,-21.425],[-69.9327,-21.4254],[-69.9323,-21.4255],[-69.9318,-21.4251],[-69.931,-21.4247],[-69.9303,-21.4247],[-69.9268,-21.4251],[-69.9256,-21.426],[-69.9251,-21.4265],[-69.9245,-21.4263],[-69.9239,-21.4264],[-69.9227,-21.4263],[-69.9221,-21.426],[-69.9218,-21.4262],[-69.9216,-21.4264],[-69.9213,-21.4264],[-69.9206,-21.4263],[-69.92,-21.4262],[-69.9196,-21.4259],[-69.9192,-21.4259],[-69.9178,-21.4264],[-69.9173,-21.427],[-69.9166,-21.4274],[-69.9165,-21.428],[-69.9161,-21.4284],[-69.9154,-21.4289],[-69.9136,-21.4291],[-69.9129,-21.4294],[-69.9121,-21.43],[-69.9114,-21.4299],[-69.9109,-21.4294],[-69.9102,-21.4278],[-69.9091,-21.4274],[-69.9087,-21.4273],[-69.9084,-21.4272],[-69.9081,-21.4273],[-69.9077,-21.4273],[-69.907,-21.4273],[-69.9068,-21.4272],[-69.9062,-21.4268],[-69.906,-21.4263],[-69.9055,-21.4259],[-69.9049,-21.4254],[-69.904,-21.4254],[-69.9032,-21.4258],[-69.9028,-21.4263],[-69.9024,-21.4268],[-69.9019,-21.4276],[-69.9015,-21.428],[-69.9005,-21.4285],[-69.9003,-21.4286],[-69.8996,-21.4289],[-69.9,-21.4295],[-69.899,-21.4305],[-69.8973,-21.4315],[-69.8969,-21.4318],[-69.8968,-21.4317],[-69.8963,-21.4314],[-69.8951,-21.4311],[-69.894,-21.432],[-69.8932,-21.4323],[-69.8923,-21.432],[-69.8917,-21.4319],[-69.8912,-21.4319],[-69.8901,-21.4318],[-69.8898,-21.4323],[-69.8894,-21.4327],[-69.888,-21.4333],[-69.8872,-21.4339],[-69.8865,-21.4342],[-69.8861,-21.4342],[-69.8833,-21.4354],[-69.8828,-21.4364],[-69.8826,-21.4366],[-69.8821,-21.4372],[-69.8815,-21.4373],[-69.8811,-21.4373],[-69.8805,-21.4374],[-69.8801,-21.4375],[-69.8798,-21.4375],[-69.8794,-21.4375],[-69.8793,-21.4375],[-69.8788,-21.4374],[-69.8783,-21.437],[-69.8771,-21.4364],[-69.8769,-21.4362],[-69.8761,-21.4362],[-69.8754,-21.4362],[-69.8751,-21.4363],[-69.8746,-21.4368],[-69.8742,-21.4369],[-69.8736,-21.4369],[-69.8732,-21.4368],[-69.8727,-21.4364],[-69.8725,-21.4362],[-69.8723,-21.4357],[-69.872,-21.4353],[-69.8717,-21.435],[-69.8712,-21.4345],[-69.8704,-21.434],[-69.8701,-21.4339],[-69.8697,-21.434],[-69.8315,-21.4429],[-69.8313,-21.443],[-69.8017,-21.4415],[-69.7681,-21.4237],[-69.7223,-21.4526],[-69.6665,-21.4632],[-69.6288,-21.5217],[-69.626,-21.5455],[-69.5982,-21.5614],[-69.5577,-21.6246],[-69.5575,-21.6248],[-69.5574,-21.625],[-69.5536,-21.6266],[-69.5531,-21.6275],[-69.5533,-21.6282],[-69.553,-21.6285],[-69.5514,-21.6301],[-69.414,-21.497],[-69.4043,-21.4872],[-69.3131,-21.3982],[-68.8597,-21.285],[-68.5358,-21.0647],[-68.5224,-21.0358],[-68.5206,-21.0317],[-68.4808,-20.9451],[-68.5119,-20.9368],[-68.5557,-20.8661],[-68.5407,-20.8071],[-68.5528,-20.7284],[-68.5021,-20.6698],[-68.4505,-20.6477],[-68.4834,-20.6069],[-68.516,-20.6041],[-68.535,-20.5695],[-68.5722,-20.5755],[-68.6135,-20.5363],[-68.6663,-20.5166],[-68.7388,-20.4568],[-68.7415,-20.369],[-68.6743,-20.3568],[-68.6605,-20.319],[-68.693,-20.2953],[-68.7088,-20.2092],[-68.7043,-20.1337],[-68.7739,-20.1297],[-68.7621,-20.0782],[-68.693,-20.0683],[-68.6404,-20.0489],[-68.5662,-20.0501],[-68.5513,-20.0217],[-68.5216,-19.9243],[-68.5423,-19.89],[-68.5282,-19.8455],[-68.5993,-19.828],[-68.6259,-19.7846],[-68.69,-19.7507],[-68.6817,-19.7185],[-68.6242,-19.7021],[-68.619,-19.676],[-68.5725,-19.6055],[-68.5569,-19.5964],[-68.4406,-19.4404],[-68.4049,-19.4162],[-68.4515,-19.3681],[-68.5427,-19.2967],[-68.6198,-19.2765],[-68.6283,-19.2511],[-68.806,-19.0836],[-68.8709,-19.0604],[-68.8896,-19.0434],[-68.92,-18.9767],[-68.9502,-18.9367],[-68.9885,-18.9551],[-68.9899,-18.9556],[-69.0218,-18.965],[-69.0219,-18.9651],[-69.0098,-18.9975],[-69.0475,-19.0313],[-69.071,-19.029],[-69.103,-19.0607],[-69.1031,-19.0636],[-69.1599,-19.1048],[-69.2316,-19.0939],[-69.2888,-19.1141],[-69.2905,-19.1143],[-69.368,-19.074],[-69.3702,-19.0722],[-69.4024,-19.0345],[-69.4255,-19.0247],[-69.4751,-19.0363],[-69.5284,-19.0254],[-69.6132,-19.0242],[-69.6151,-19.0242],[-69.6167,-19.0239],[-69.6417,-19.0211],[-69.6434,-19.0211],[-69.7148,-19.0261],[-69.8282,-19.0472],[-69.8865,-19.0347],[-69.9164,-19.0502],[-69.9793,-19.0642],[-69.9841,-19.069],[-69.9901,-19.0709],[-70.053,-19.101],[-70.0629,-19.105],[-70.0652,-19.1059],[-70.0899,-19.1158],[-70.095,-19.1178],[-70.1429,-19.1604],[-70.1518,-19.1646],[-70.2853,-19.2293],[-70.2835,-19.2929],[-70.2615,-19.3524],[-70.2255,-19.4074],[-70.2285,-19.4261],[-70.2023,-19.519],[-70.2123,-19.5341],[-70.2021,-19.6217],[-70.1692,-19.661],[-70.1733,-19.6969],[-70.1506,-19.7343],[-70.1587,-19.7654],[-70.1465,-19.7851],[-70.1563,-19.8259],[-70.1317,-19.8834],[-70.1434,-19.8935],[-70.1364,-19.9679],[-70.1237,-19.9895],[-70.1319,-20.0688],[-70.1214,-20.0881],[-70.1406,-20.1476],[-70.1376,-20.1927]]]},"properties":{"code":1}},
{"type":"Feature","geometry":{"type":"Polygon","coordinates":[[[-68.5455,-25.2989],[-68.5357,-25.2373],[-68.5034,-25.221],[-68.5081,-25.1726],[-68.4401,-25.1273],[-68.4085,-25.1445],[-68.3433,-25.1106],[-68.3715,-25.0642],[-68.378,-25.0337],[-68.403,-25.0315],[-68.4409,-24.9061],[-68.486,-24.8953],[-68.5321,-24.8532],[-68.5393,-24.8165],[-68.5681,-24.7955],[-68.5439,-24.7302],[-68.4964,-24.6744],[-68.4866,-24.639],[-68.433,-24.5979],[-68.4306,-24.5771],[-68.3872,-24.4858],[-68.3098,-24.4899],[-68.295,-24.453],[-68.2678,-24.4354],[-68.2458,-24.3959],[-68.065,-24.3264],[-67.3226,-24.0342],[-67.2328,-23.7554],[-66.9902,-23],[-67.1803,-22.8142],[-67.5685,-22.898],[-67.7991,-22.8812],[-67.8245,-22.8582],[-67.8832,-22.8321],[-67.8676,-22.7439],[-67.8897,-22.7182],[-67.868,-22.6795],[-67.8834,-22.628],[-67.8373,-22.5796],[-67.8929,-22.4991],[-67.8925,-22.4474],[-67.9029,-22.4025],[-67.9339,-22.3893],[-67.942,-22.336],[-67.9244,-22.2474],[-67.9406,-22.1871],[-67.9553,-22.1772],[-67.9392,-22.1079],[-67.9755,-22.0529],[-68.0713,-21.9817],[-68.0605,-21.7715],[-68.0838,-21.7502],[-68.1167,-21.6866],[-68.1807,-21.604],[-68.1791,-21.3019],[-68.2948,-21.0976],[-68.4125,-20.9345],[-68.4278,-20.9461],[-68.4808,-20.9451],[-68.5206,-21.0317],[-68.5224,-21.0358],[-68.5358,-21.0647],[-68.8597,-21.285],[-69.3131,-21.3982],[-69.4043,-21.4872],[-69.414,-21.497],[-69.5514,-21.6301],[-69.553,-21.6285],[-69.5533,-21.6282],[-69.5531,-21.6275],[-69.5536,-21.6266],[-69.5574,-21.625],[-69.5575,-21.6248],[-69.5577,-21.6246],[-69.5982,-21.5614],[-69.626,-21.5455],[-69.6288,-21.5217],[-69.6665,-21.4632],[-69.7223,-21.4526],[-69.7681,-21.4237],[-69.8017,-21.4415],[-69.8313,-21.443],[-69.8315,-21.4429],[-69.8697,-21.434],[-69.8701,-21.4339],[-69.8704,-21.434],[-69.8712,-21.4345],[-69.8717,-21.435],[-69.872,-21.4353],[-69.8723,-21.4357],[-69.8725,-21.4362],[-69.8727,-21.4364],[-69.8732,-21.4368],[-69.8736,-21.4369],[-69.8742,-21.4369],[-69.8746,-21.4368],[-69.8751,-21.4363],[-69.8754,-21.4362],[-69.8761,-21.4362],[-69.8769,-21.4362],[-69.8771,-21.4364],[-69.8783,-21.437],[-69.8788,-21.4374],[-69.8793,-21.4375],[-69.8794,-21.4375],[-69.8798,-21.4375],[-69.8801,-21.4375],[-69.8805,-21.4374],[-69.8811,-21.4373],[-69.8815,-21.4373],[-69.8821,-21.4372],[-69.8826,-21.4366],[-69.8828,-21.4364],[-69.8833,-21.4354],[-69.8861,-21.4342],[-69.8865,-21.4342],[-69.8872,-21.4339],[-69.888,-21.4333],[-69.8894,-21.4327],[-69.8898,-21.4323],[-69.8901,-21.4318],[-69.8912,-21.4319],[-69.8917,-21.4319],[-69.8923,-21.432],[-69.8932,-21.4323],[-69.894,-21.432],[-69.8951,-21.4311],[-69.8963,-21.4314],[-69.8968,-21.4317],[-69.8969,-21.4318],[-69.8973,-21.4315],[-69.899,-21.4305],[-69.9,-21.4295],[-69.8996,-21.4289],[-69.9003,-21.4286],[-69.9005,-21.4285],[-69.9015,-21.428],[-69.9019,-21.4276],[-69.9024,-21.4268],[-69.9028,-21.4263],[-69.9032,-21.4258],[-69.904,-21.4254],[-69.9049,-21.4254],[-69.9055,-21.4259],[-69.906,-21.4263],[-69.9062,-21.4268],[-69.9068,-21.4272],[-69.907,-21.4273],[-69.9077,-21.4273],[-69.9081,-21.4273],[-69.9084,-21.4272],[-69.9087,-21.4273],[-69.9091,-21.4274],[-69.9102,-21.4278],[-69.9109,-21.4294],[-69.9114,-21.4299],[-69.9121,-21.43],[-69.9129,-21.4294],[-69.9136,-21.4291],[-69.9154,-21.4289],[-69.9161,-21.4284],[-69.9165,-21.428],[-69.9166,-21.4274],[-69.9173,-21.427],[-69.9178,-21.4264],[-69.9192,-21.4259],[-69.9196,-21.4259],[-69.92,-21.4262],[-69.9206,-21.4263],[-69.9213,-21.4264],[-69.9216,-21.4264],[-69.9218,-21.4262],[-69.9221,-21.426],[-69.9227,-21.4263],[-69.9239,-21.4264],[-69.9245,-21.4263],[-69.9251,-21.4265],[-69.9256,-21.426],[-69.9268,-21.4251],[-69.9303,-21.4247],[-69.931,-21.4247],[-69.9318,-21.4251],[-69.9323,-21.4255],[-69.9327,-21.4254],[-69.9331,-21.425],[-69.9336,-21.4245],[-69.9345,-21.4241],[-69.9352,-21.424],[-69.9361,-21.4241],[-69.9373,-21.4243],[-69.9382,-21.4237],[-69.9386,-21.4233],[-69.9391,-21.4231],[-69.9402,-21.4232],[-69.9408,-21.4234],[-69.9411,-21.4249],[-69.9417,-21.4258],[-69.9431,-21.426],[-69.9446,-21.4255],[-69.9453,-21.4255],[-69.9458,-21.4259],[-69.946,-21.4261],[-69.9465,-21.4263],[-69.9472,-21.4262],[-69.9479,-21.4262],[-69.9482,-21.426],[-69.9488,-21.426],[-69.9495,-21.4259],[-69.9504,-21.4259],[-69.9511,-21.4259],[-69.9519,-21.4259],[-69.9522,-21.426],[-69.9531,-21.4264],[-69.9534,-21.4269],[-69.9538,-21.4273],[-69.9544,-21.4275],[-69.9548,-21.4276],[-69.9557,-21.4279],[-69.9572,-21.4282],[-69.9578,-21.4284],[-69.9584,-21.4286],[-69.9588,-21.4291],[-69.9591,-21.4296],[-69.9607,-21.4309],[-69.9623,-21.4313],[-69.9625,-21.4315],[-69.9631,-21.4317],[-69.9638,-21.4316],[-69.9685,-21.432],[-69.9691,-21.4321],[-69.9697,-21.4324],[-69.9701,-21.4328],[-69.971,-21.4332],[-69.9723,-21.4336],[-69.9733,-21.4334],[-69.9743,-21.4333],[-69.975,-21.4334],[-69.9754,-21.4334],[-69.9759,-21.4337],[-69.9764,-21.4341],[-69.9767,-21.4342],[-69.9787,-21.4347],[-69.98,-21.4346],[-69.9806,-21.4345],[-69.9809,-21.4345],[-69.9812,-21.4345],[-69.9816,-21.4345],[-69.9822,-21.4347],[-69.9843,-21.4339],[-69.9849,-21.4335],[-69.9872,-21.4332],[-69.9878,-21.4334],[-69.9889,-21.4338],[-69.9913,-21.4353],[-69.9928,-21.4363],[-69.9938,-21.4363],[-69.995,-21.4369],[-69.9955,-21.4374],[-69.9969,-21.4374],[-69.9992,-21.4373],[-69.9999,-21.4374],[-70.0003,-21.4375],[-70.0008,-21.4379],[-70.0031,-21.4382],[-70.0052,-21.4385],[-70.0073,-21.4384],[-70.0077,-21.4382],[-70.0088,-21.4373],[-70.0118,-21.4358],[-70.0145,-21.4347],[-70.0168,-21.4339],[-70.0175,-21.4339],[-70.0213,-21.4335],[-70.0221,-21.4327],[-70.0229,-21.4321],[-70.0231,-21.4321],[-70.0237,-21.4321],[-70.0239,-21.4321],[-70.0243,-21.432],[-70.0247,-21.4319],[-70.0249,-21.4317],[-70.0251,-21.4314],[-70.0253,-21.431],[-70.0255,-21.4306],[-70.0259,-21.43],[-70.0266,-21.4298],[-70.0275,-21.4293],[-70.0277,-21.4293],[-70.0283,-21.4292],[-70.0289,-21.4292],[-70.0296,-21.4293],[-70.03,-21.4294],[-70.0304,-21.4296],[-70.0308,-21.4297],[-70.0313,-21.4297],[-70.0318,-21.4299],[-70.032,-21.4299],[-70.0324,-21.4299],[-70.0333,-21.4292],[-70.037,-21.4257],[-70.0429,-21.4257],[-70.0456,-21.4253],[-70.0481,-21.4261],[-70.05,-21.4271],[-70.0504,-21.4271],[-70.0508,-21.4272],[-70.051,-21.4272],[-70.0532,-21.4277],[-70.0549,-21.4279],[-70.0566,-21.4301],[-70.0581,-21.4302],[-70.083,-21.4933],[-70.0726,-21.5179],[-70.0911,-21.555],[-70.0927,-21.5861],[-70.1243,-21.6299],[-70.1423,-21.6343],[-70.1533,-21.6931],[-70.1453,-21.7227],[-70.1596,-21.7609],[-70.1407,-21.8061],[-70.1495,-21.8729],[-70.1816,-21.9082],[-70.169,-21.9293],[-70.1836,-21.9979],[-70.1979,-22.0136],[-70.1889,-22.0589],[-70.2157,-22.0935],[-70.2245,-22.1524],[-70.225,-22.2091],[-70.2462,-22.2842],[-70.2371,-22.3038],[-70.2572,-22.3604],[-70.245,-22.3809],[-70.2685,-22.4606],[-70.2452,-22.4807],[-70.2526,-22.5387],[-70.2813,-22.5743],[-70.2631,-22.6375],[-70.2861,-22.6465],[-70.2785,-22.6796],[-70.2912,-22.7481],[-70.3129,-22.7647],[-70.3128,-22.8229],[-70.2909,-22.8801],[-70.3126,-22.9664],[-70.3384,-23.0123],[-70.3871,-23.0711],[-70.4225,-23.0915],[-70.4857,-23.0972],[-70.4999,-23.0471],[-70.5438,-23.0493],[-70.5822,-23.1049],[-70.5642,-23.1293],[-70.5738,-23.1562],[-70.5608,-23.1899],[-70.5924,-23.2161],[-70.6038,-23.2565],[-70.6011,-23.3034],[-70.5824,-23.3256],[-70.6035,-23.359],[-70.6072,-23.3973],[-70.5894,-23.4266],[-70.6155,-23.508],[-70.539,-23.534],[-70.5153,-23.4924],[-70.5134,-23.4677],[-70.4665,-23.4734],[-70.4313,-23.4954],[-70.3988,-23.5456],[-70.3927,-23.619],[-70.404,-23.664],[-70.4471,-23.7494],[-70.5012,-23.7914],[-70.5057,-23.8509],[-70.5233,-23.8581],[-70.4959,-23.8998],[-70.5155,-23.9702],[-70.5192,-24.0215],[-70.4983,-24.08],[-70.503,-24.1632],[-70.5221,-24.1893],[-70.5213,-24.2432],[-70.5343,-24.2702],[-70.5335,-24.3104],[-70.5498,-24.3337],[-70.5423,-24.4254],[-70.5635,-24.4726],[-70.5546,-24.4903],[-70.5802,-24.5516],[-70.5553,-24.5784],[-70.5593,-24.6443],[-70.5746,-24.6589],[-70.5653,-24.7047],[-70.5762,-24.7188],[-70.545,-24.7808],[-70.5439,-24.8434],[-70.5215,-24.8665],[-70.531,-24.8996],[-70.5181,-24.9317],[-70.4897,-24.9513],[-70.4665,-25.0053],[-70.5025,-25.1102],[-70.4638,-25.136],[-70.4354,-25.1991],[-70.4344,-25.2566],[-70.4552,-25.2983],[-70.446,-25.3413],[-70.4508,-25.3776],[-70.5273,-25.4316],[-70.5304,-25.4807],[-70.5762,-25.5068],[-70.6296,-25.507],[-70.6438,-25.5665],[-70.6455,-25.6175],[-70.6361,-25.6426],[-70.6813,-25.6662],[-70.6951,-25.7219],[-70.6849,-25.7431],[-70.7363,-25.8221],[-70.7119,-25.8384],[-70.6947,-25.8981],[-70.6476,-25.95],[-70.6267,-26.0044],[-70.6341,-26.0476],[-70.6573,-26.061],[-70.6192,-26.061],[-70.606,-26.007],[-70.6057,-26.0054],[-70.5834,-26.0041],[-70.5798,-26.0028],[-70.5692,-26.0029],[-70.5666,-26.0032],[-70.549,-26.0078],[-70.5449,-26.008],[-70.5277,-26.0096],[-70.5262,-26.0096],[-70.5241,-26.0072],[-70.5243,-26.0051],[-70.5164,-26.0017],[-70.5153,-26.0015],[-70.5138,-26.001],[-70.4888,-25.9747],[-70.4876,-25.9731],[-70.4815,-25.9687],[-70.4795,-25.9701],[-70.4505,-25.9586],[-70.4468,-25.9573],[-70.4191,-25.951],[-70.4184,-25.9494],[-70.402,-25.9387],[-70.3991,-25.9392],[-70.3377,-25.9281],[-70.3372,-25.9268],[-70.3227,-25.93],[-70.3209,-25.9267],[-70.2943,-25.8973],[-70.2914,-25.8995],[-70.2887,-25.9003],[-70.2854,-25.9016],[-70.2629,-25.9303],[-70.2608,-25.9308],[-70.2302,-25.9181],[-70.1996,-25.9418],[-70.1745,-25.942],[-70.172,-25.9401],[-70.1692,-25.94],[-70.1628,-25.9411],[-70.1608,-25.9422],[-70.1017,-25.9514],[-70.0999,-25.9515],[-70.0757,-25.9639],[-70.0507,-25.944],[-70.023,-25.9199],[-69.9582,-25.9014],[-69.9077,-25.8946],[-69.8818,-25.9135],[-69.8816,-25.9136],[-69.8565,-25.9429],[-69.8194,-25.9239],[-69.7908,-25.9241],[-69.7904,-25.9238],[-69.7303,-25.919],[-69.6747,-25.943],[-69.6457,-25.9417],[-69.6438,-25.942],[-69.503,-25.9487],[-69.5028,-25.9151],[-69.4509,-25.8932],[-69.4269,-25.8564],[-69.3815,-25.8801],[-69.3484,-25.8663],[-69.3033,-25.8698],[-69.2459,-25.8593],[-69.2297,-25.8391],[-69.1816,-25.8226],[-69.18,-25.8218],[-69.1133,-25.8065],[-69.1127,-25.8055],[-69.1116,-25.8046],[-69.0954,-25.789],[-69.0961,-25.788],[-69.0882,-25.7698],[-69.087,-25.7679],[-69.079,-25.7498],[-69.079,-25.7482],[-69.073,-25.7414],[-69.0709,-25.7404],[-69.0947,-25.72],[-69.0707,-25.6898],[-69.0508,-25.6364],[-69.0705,-25.5858],[-69.0521,-25.5437],[-69.0244,-25.511],[-68.9958,-25.5055],[-69.0024,-25.4628],[-69.0028,-25.4618],[-69.0125,-25.453],[-69.0136,-25.452],[-69.0359,-25.4423],[-68.9628,-25.3854],[-68.9622,-25.3878],[-68.9108,-25.3755],[-68.8041,-25.3805],[-68.8007,-25.3847],[-68.7828,-25.403],[-68.7496,-25.3814],[-68.7269,-25.3903],[-68.6683,-25.345],[-68.664,-25.3122],[-68.6625,-25.31],[-68.6131,-25.2992],[-68.612,-25.2983],[-68.586,-25.2895],[-68.5836,-25.2879],[-68.5455,-25.2989]]]},"properties":{"code":2}},
{"type":"Feature","geometry":{"type":"MultiPolygon","coordinates":[[[[-67.3203,-55.9201],[-67.2921,-55.9582],[-67.2488,-55.9361],[-67.3203,-55.9201]]],[[[-67.0947,-55.8138],[-67.1663,-55.8404],[-67.1722,-55.8751],[-67.1279,-55.8977],[-67.0747,-55.8322],[-67.0947,-55.8138]]],[[[-67.2995,-55.8044],[-67.3686,-55.8085],[-67.3218,-55.8729],[-67.2558,-55.8918],[-67.2093,-55.8895],[-67.2092,-55.8536],[-67.2849,-55.8231],[-67.2995,-55.8044]]],[[[-67.5955,-55.7954],[-67.5661,-55.8284],[-67.7304,-55.8334],[-67.8254,-55.8158],[-67.9132,-55.8379],[-67.8861,-55.8823],[-67.8255,-55.8799],[-67.7348,-55.8534],[-67.7138,-55.8854],[-67.6552,-55.8486],[-67.6252,-55.8488],[-67.6107,-55.889],[-67.5507,-55.8906],[-67.5475,-55.8345],[-67.5278,-55.807],[-67.5955,-55.7954]]],[[[-67.1683,-55.7581],[-67.2079,-55.7572],[-67.2606,-55.7999],[-67.1522,-55.7787],[-67.1683,-55.7581]]],[[[-67.5979,-55.6027],[-67.6278,-55.6492],[-67.6925,-55.6616],[-67.6621,-55.6873],[-67.5913,-55.6804],[-67.5466,-55.6304],[-67.5979,-55.6027]]],[[[-67.3695,-55.567],[-67.4409,-55.5732],[-67.4719,-55.6045],[-67.4152,-55.6473],[-67.407,-55.6922],[-67.505,-55.6705],[-67.5506,-55.6466],[-67.57,-55.6752],[-67.4937,-55.7535],[-67.4602,-55.7419],[-67.4094,-55.751],[-67.316,-55.7843],[-67.2672,-55.787],[-67.2588,-55.7268],[-67.3235,-55.6891],[-67.3654,-55.7194],[-67.3913,-55.6881],[-67.3582,-55.6166],[-67.3814,-55.5934],[-67.3695,-55.567]]],[[[-68.8654,-55.5277],[-68.8682,-55.5538],[-68.8102,-55.5635],[-68.8114,-55.5341],[-68.8654,-55.5277]]],[[[-68.6747,-55.5188],[-68.7218,-55.5326],[-68.6924,-55.5632],[-68.6225,-55.5805],[-68.6191,-55.5564],[-68.6747,-55.5188]]],[[[-68.5548,-55.5052],[-68.5887,-55.5242],[-68.5516,-55.5512],[-68.5234,-55.5297],[-68.5548,-55.5052]]],[[[-67.6648,-55.4971],[-67.6992,-55.5105],[-67.6873,-55.5533],[-67.7009,-55.5829],[-67.7397,-55.6007],[-67.7308,-55.6219],[-67.6544,-55.6105],[-67.6267,-55.588],[-67.6076,-55.5443],[-67.6648,-55.4971]]],[[[-68.6264,-55.4759],[-68.6831,-55.4795],[-68.6258,-55.527],[-68.5727,-55.4883],[-68.6264,-55.4759]]],[[[-69.5872,-55.4259],[-69.5815,-55.4698],[-69.4475,-55.4787],[-69.5122,-55.4428],[-69.5872,-55.4259]]],[[[-69.7661,-55.3716],[-69.781,-55.3987],[-69.7125,-55.4649],[-69.6231,-55.4245],[-69.6322,-55.4032],[-69.7661,-55.3716]]],[[[-69.1148,-55.3623],[-69.1076,-55.4061],[-69.0188,-55.4563],[-68.9777,-55.4288],[-69.0266,-55.4115],[-69.0551,-55.3847],[-69.1148,-55.3623]]],[[[-69.9775,-55.3147],[-70.0331,-55.329],[-70.0646,-55.3774],[-70.0123,-55.3801],[-69.949,-55.362],[-69.9444,-55.3315],[-69.9775,-55.3147]]],[[[-68.9698,-55.289],[-69.0155,-55.2999],[-68.9822,-55.3395],[-68.9562,-55.3355],[-68.9698,-55.289]]],[[[-69.2644,-55.2606],[-69.3631,-55.2795],[-69.3284,-55.3038],[-69.2436,-55.3026],[-69.214,-55.2812],[-69.2644,-55.2606]]],[[[-68.8656,-55.2416],[-68.9099,-55.2543],[-68.9508,-55.3171],[-68.9225,-55.3644],[-68.8907,-55.3431],[-68.8848,-55.2838],[-68.8656,-55.2416]]],[[[-66.9021,-55.2176],[-66.99,-55.2299],[-67.061,-55.277],[-67.0397,-55.3335],[-67.0162,-55.3464],[-66.8594,-55.3381],[-66.8388,-55.3034],[-66.859,-55.2765],[-66.8651,-55.2254],[-66.9021,-55.2176]]],[[[-66.5261,-55.1728],[-66.6498,-55.2094],[-66.6571,-55.2343],[-66.6403,-55.2836],[-66.55,-55.2792],[-66.5108,-55.2672],[-66.4791,-55.2232],[-66.419,-55.2188],[-66.4302,-55.1944],[-66.5261,-55.1728]]],[[[-68.2854,-55.1551],[-68.3271,-55.1672],[-68.2951,-55.2065],[-68.2283,-55.2151],[-68.2051,-55.2051],[-68.2437,-55.1659],[-68.2854,-55.1551]]],[[[-69.9865,-55.0186],[-70.0795,-55.0341],[-70.0732,-55.084],[-70.0317,-55.0815],[-69.9865,-55.0186]]],[[[-69.9499,-55.0127],[-69.9925,-55.0373],[-69.9994,-55.076],[-69.948,-55.0725],[-69.9326,-55.0456],[-69.9499,-55.0127]]],[[[-67.044,-54.9875],[-67.0514,-55.0241],[-66.8711,-55.1036],[-66.8155,-55.1195],[-66.8601,-55.028],[-66.9278,-55.0217],[-67.044,-54.9875]]],[[[-71.1706,-54.9633],[-71.1987,-54.987],[-71.1606,-55.0209],[-71.115,-54.9789],[-71.1706,-54.9633]]],[[[-71.2181,-54.9435],[-71.2678,-54.9566],[-71.2844,-55.0057],[-71.2093,-55],[-71.2181,-54.9435]]],[[[-69.9893,-54.9366],[-70.1116,-54.9486],[-70.1995,-54.9888],[-70.2056,-55.0272],[-70.0999,-55.0234],[-70.0753,-54.9901],[-69.9905,-54.9955],[-69.954,-54.965],[-69.9893,-54.9366]]],[[[-70.478,-54.9633],[-70.4666,-55.0025],[-70.3441,-54.9856],[-70.2455,-54.9519],[-70.3231,-54.9248],[-70.3699,-54.9401],[-70.4434,-54.9471],[-70.478,-54.9633]]],[[[-68.5132,-54.9259],[-68.5881,-54.9447],[-68.6284,-54.9387],[-68.7359,-54.957],[-68.821,-54.9849],[-68.9072,-54.9814],[-69.0042,-55.0001],[-69.1277,-54.9917],[-69.2075,-55.0083],[-69.2819,-55.0066],[-69.4194,-55.0386],[-69.4806,-55.0409],[-69.7047,-55.0727],[-69.8732,-55.0858],[-69.9138,-55.0941],[-69.9706,-55.1337],[-70.0169,-55.1412],[-70.0351,-55.1738],[-70.0078,-55.2063],[-69.9655,-55.1837],[-69.9218,-55.2022],[-69.9381,-55.2327],[-69.876,-55.2304],[-69.8873,-55.2934],[-69.8526,-55.3056],[-69.7034,-55.2687],[-69.6517,-55.267],[-69.6761,-55.3042],[-69.7476,-55.31],[-69.7617,-55.3441],[-69.6453,-55.3718],[-69.5739,-55.4092],[-69.5209,-55.4183],[-69.4842,-55.4408],[-69.4231,-55.4518],[-69.3386,-55.5065],[-69.2883,-55.5175],[-69.1563,-55.5188],[-69.095,-55.5382],[-69.0876,-55.4717],[-69.2002,-55.4611],[-69.1831,-55.4329],[-69.1973,-55.4006],[-69.2532,-55.3952],[-69.2766,-55.3753],[-69.2594,-55.347],[-69.3059,-55.3215],[-69.4155,-55.2841],[-69.3226,-55.2642],[-69.2854,-55.2408],[-69.2292,-55.2545],[-69.2516,-55.2064],[-69.197,-55.211],[-69.0965,-55.264],[-69.0144,-55.2845],[-68.8978,-55.236],[-68.8436,-55.243],[-68.8599,-55.2728],[-68.8544,-55.3406],[-68.9302,-55.3842],[-68.9179,-55.4612],[-68.7778,-55.5133],[-68.7257,-55.4981],[-68.7371,-55.4794],[-68.656,-55.4631],[-68.6212,-55.4687],[-68.59,-55.445],[-68.5365,-55.4289],[-68.5231,-55.4629],[-68.4039,-55.4961],[-68.3015,-55.497],[-68.2581,-55.53],[-68.2412,-55.5627],[-68.271,-55.625],[-68.1452,-55.6148],[-68.1121,-55.6423],[-68.1283,-55.6609],[-68.1005,-55.6978],[-68.0626,-55.7143],[-68.0059,-55.6692],[-67.9786,-55.6268],[-68.0196,-55.6079],[-67.9752,-55.5889],[-68.0318,-55.5658],[-68.0956,-55.52],[-68.022,-55.4776],[-68.0848,-55.4681],[-68.1266,-55.4489],[-68.1191,-55.4048],[-68.1531,-55.3872],[-68.202,-55.4087],[-68.233,-55.3892],[-68.3171,-55.3968],[-68.3114,-55.3513],[-68.5527,-55.3391],[-68.5249,-55.3218],[-68.4469,-55.3053],[-68.3489,-55.3073],[-68.2522,-55.2883],[-68.1909,-55.2915],[-68.2232,-55.2563],[-68.3174,-55.2404],[-68.3582,-55.1836],[-68.4388,-55.1823],[-68.5432,-55.1925],[-68.5819,-55.1765],[-68.6912,-55.1703],[-68.7742,-55.1487],[-68.8336,-55.155],[-68.8928,-55.1287],[-68.9721,-55.1154],[-68.9695,-55.0768],[-69.0547,-55.0725],[-69.0259,-55.0308],[-68.9673,-55.0636],[-68.9071,-55.078],[-68.7504,-55.1433],[-68.6187,-55.1636],[-68.5495,-55.147],[-68.5227,-55.1118],[-68.4307,-55.1049],[-68.3767,-55.075],[-68.3294,-55.0809],[-68.3037,-55.0326],[-68.4012,-54.9506],[-68.5132,-54.9259]]],[[[-70.1337,-54.9108],[-70.1852,-54.9235],[-70.1523,-54.9559],[-70.0678,-54.93],[-70.1337,-54.9108]]],[[[-70.4434,-54.9471],[-70.3206,-54.9171],[-70.3791,-54.8901],[-70.5129,-54.9014],[-70.6047,-54.9391],[-70.6017,-54.9659],[-70.6536,-54.9801],[-70.8014,-54.9395],[-70.8569,-54.9599],[-70.8844,-54.9355],[-71.016,-54.9603],[-70.9935,-54.9985],[-71.0305,-55.045],[-70.9517,-55.0922],[-70.8548,-55.0899],[-70.7358,-55.0624],[-70.7254,-55.1034],[-70.6725,-55.1182],[-70.6516,-55.0724],[-70.5979,-55.104],[-70.578,-55.1447],[-70.4959,-55.1728],[-70.4118,-55.1835],[-70.3838,-55.1527],[-70.4636,-55.128],[-70.4657,-55.0965],[-70.3996,-55.0951],[-70.3682,-55.1284],[-70.327,-55.1313],[-70.3008,-55.0737],[-70.3192,-55.0413],[-70.3573,-55.0382],[-70.5215,-55.05],[-70.5553,-55.0275],[-70.6545,-55.0411],[-70.6631,-55.0194],[-70.5473,-55.0209],[-70.5063,-54.992],[-70.5264,-54.9664],[-70.4931,-54.9485],[-70.4434,-54.9471]]],[[[-67.98,-54.893],[-68.093,-54.9065],[-68.159,-54.8982],[-68.2202,-54.9022],[-68.2715,-54.9269],[-68.3313,-54.9216],[-68.3757,-54.9438],[-68.3508,-54.9822],[-68.1795,-55.0068],[-68.1481,-55.0432],[-68.1708,-55.1005],[-68.1146,-55.2238],[-68.0256,-55.2376],[-67.9556,-55.2219],[-67.9253,-55.1989],[-67.8701,-55.1911],[-67.8626,-55.254],[-67.8241,-55.2611],[-67.7301,-55.2522],[-67.7141,-55.2647],[-67.6158,-55.2779],[-67.6214,-55.227],[-67.5914,-55.194],[-67.5004,-55.1767],[-67.4162,-55.2],[-67.4658,-55.2627],[-67.4346,-55.3172],[-67.3554,-55.3175],[-67.303,-55.3298],[-67.2225,-55.3212],[-67.1384,-55.2271],[-67.0872,-55.211],[-67.0483,-55.1629],[-67.0439,-55.1314],[-67.0893,-55.0505],[-67.1407,-55.0155],[-67.1674,-54.9727],[-67.2139,-54.9503],[-67.2891,-54.9405],[-67.3144,-54.9263],[-67.4244,-54.9227],[-67.4977,-54.9342],[-67.5289,-54.923],[-67.6566,-54.9394],[-67.7795,-54.9143],[-67.9006,-54.9095],[-67.98,-54.893]]],[[[-69.6699,-54.8798],[-69.7445,-54.8808],[-69.7599,-54.8969],[-69.7029,-54.9262],[-69.7416,-54.9535],[-69.8152,-54.8904],[-69.8575,-54.8897],[-69.936,-54.9174],[-69.922,-54.9563],[-69.9581,-54.9889],[-69.9161,-55.0422],[-69.9298,-55.0676],[-69.8339,-55.0687],[-69.6887,-55.0617],[-69.5941,-55.0443],[-69.381,-55.0168],[-69.2521,-54.9864],[-69.1669,-54.9823],[-69.1429,-54.9665],[-69.2209,-54.939],[-69.2757,-54.9442],[-69.3254,-54.9293],[-69.4358,-54.9131],[-69.4792,-54.9143],[-69.6004,-54.8829],[-69.6699,-54.8798]]],[[[-71.3137,-54.8143],[-71.4207,-54.819],[-71.4239,-54.8469],[-71.478,-54.8783],[-71.4257,-54.901],[-71.4449,-54.9348],[-71.3398,-54.9485],[-71.3122,-54.9081],[-71.3399,-54.8854],[-71.2574,-54.8782],[-71.1913,-54.906],[-71.1589,-54.9351],[-71.085,-54.9551],[-71.0344,-54.9468],[-71.0291,-54.9256],[-70.9464,-54.9371],[-70.9502,-54.8855],[-71.0297,-54.8681],[-71.1045,-54.8774],[-71.1004,-54.8509],[-71.1384,-54.828],[-71.2001,-54.8171],[-71.2071,-54.8405],[-71.3137,-54.8143]]],[[[-71.8707,-54.7035],[-71.8427,-54.7532],[-71.7954,-54.7328],[-71.8707,-54.7035]]],[[[-71.6035,-54.6947],[-71.6338,-54.7339],[-71.6004,-54.7583],[-71.5487,-54.7521],[-71.5279,-54.7241],[-71.5563,-54.6995],[-71.6035,-54.6947]]],[[[-71.7601,-54.6418],[-71.7523,-54.6834],[-71.7147,-54.6969],[-71.6876,-54.6683],[-71.7239,-54.6436],[-71.7601,-54.6418]]],[[[-72.0725,-54.5903],[-72.0973,-54.6387],[-72.0369,-54.65],[-71.9837,-54.7069],[-71.9428,-54.7335],[-71.9059,-54.7153],[-71.9046,-54.6875],[-72.006,-54.6154],[-72.0725,-54.5903]]],[[[-72.0353,-54.5225],[-72.0644,-54.5574],[-71.9892,-54.5631],[-72.0353,-54.5225]]],[[[-72.3106,-54.3925],[-72.3652,-54.4173],[-72.309,-54.4763],[-72.2422,-54.4686],[-72.2286,-54.4351],[-72.3106,-54.3925]]],[[[-72.088,-54.4108],[-72.1263,-54.3868],[-72.2,-54.3704],[-72.1789,-54.4333],[-72.0702,-54.4475],[-72.088,-54.4108],[-72.091,-54.4105],[-72.0922,-54.4116],[-72.0942,-54.4132],[-72.0922,-54.4116],[-72.091,-54.4105],[-72.088,-54.4108]]],[[[-72.2952,-54.2846],[-72.3502,-54.3058],[-72.2876,-54.3339],[-72.2644,-54.2971],[-72.2952,-54.2846]]],[[[-71.6936,-54.2745],[-71.762,-54.291],[-71.7324,-54.3202],[-71.6046,-54.3274],[-71.6246,-54.3048],[-71.6936,-54.2745]]],[[[-72.0286,-54.2417],[-72.0914,-54.265],[-72.021,-54.2863],[-71.9839,-54.2471],[-72.0286,-54.2417]]],[[[-72.2042,-54.2142],[-72.2447,-54.2379],[-72.2429,-54.2763],[-72.1763,-54.2959],[-72.1839,-54.2174],[-72.2042,-54.2142]]],[[[-72.6503,-54.1124],[-72.673,-54.1286],[-72.6181,-54.1606],[-72.5899,-54.1623],[-72.5541,-54.1296],[-72.6503,-54.1124]]],[[[-73.3921,-54.0101],[-73.4325,-54.036],[-73.4682,-54.0896],[-73.3621,-54.0791],[-73.3425,-54.0945],[-73.3458,-54.1361],[-73.2726,-54.1495],[-73.2548,-54.1203],[-73.2117,-54.1362],[-73.1941,-54.1026],[-73.2323,-54.0899],[-73.2428,-54.0453],[-73.3921,-54.0101]]],[[[-70.3141,-54.0434],[-70.4136,-54.0822],[-70.4846,-54.0609],[-70.5064,-54.0794],[-70.4532,-54.1259],[-70.3731,-54.155],[-70.3067,-54.1441],[-70.309,-54.1153],[-70.2797,-54.0828],[-70.3141,-54.0434]]],[[[-73.2245,-53.9184],[-73.2822,-53.941],[-73.1767,-53.948],[-73.2245,-53.9184]]],[[[-71.5894,-53.9354],[-71.6483,-53.9796],[-71.6458,-54.0346],[-71.6047,-54.0908],[-71.6494,-54.1282],[-71.7046,-54.1515],[-71.6675,-54.2317],[-71.5992,-54.2212],[-71.5393,-54.2829],[-71.4986,-54.2985],[-71.5117,-54.3231],[-71.4576,-54.341],[-71.4085,-54.3397],[-71.4187,-54.305],[-71.3938,-54.2652],[-71.3137,-54.2692],[-71.2628,-54.2484],[-71.2173,-54.2145],[-71.1962,-54.2397],[-71.2445,-54.2812],[-71.3597,-54.2881],[-71.358,-54.3174],[-71.2437,-54.3461],[-71.1416,-54.398],[-71.1036,-54.3986],[-71.0587,-54.3511],[-71.0158,-54.3307],[-70.9643,-54.2142],[-70.9729,-54.1641],[-71.0009,-54.0914],[-71.0776,-54.0639],[-71.1188,-54.0928],[-71.1836,-54.1088],[-71.1881,-54.1738],[-71.2218,-54.1665],[-71.2099,-54.1204],[-71.241,-54.0864],[-71.2747,-54.0258],[-71.2752,-53.9987],[-71.3915,-53.9785],[-71.3668,-54.0136],[-71.3997,-54.0194],[-71.444,-53.9465],[-71.5451,-53.9447],[-71.5894,-53.9354]]],[[[-72.8385,-53.8908],[-72.9213,-53.9476],[-72.8669,-53.9563],[-72.8177,-53.9371],[-72.8054,-53.9034],[-72.8385,-53.8908]]],[[[-71.9197,-53.8452],[-71.9695,-53.884],[-72.0321,-53.8949],[-72.0688,-53.9481],[-72.1092,-53.9575],[-72.1531,-53.9298],[-72.2274,-53.9133],[-72.2868,-53.9186],[-72.2665,-53.9797],[-72.2177,-54.0347],[-72.2198,-54.0621],[-72.2711,-54.0835],[-72.3397,-54.0582],[-72.4247,-54.1276],[-72.4099,-54.1697],[-72.4835,-54.1727],[-72.5083,-54.2031],[-72.5752,-54.2277],[-72.598,-54.2755],[-72.5006,-54.3015],[-72.4243,-54.2643],[-72.3888,-54.2878],[-72.429,-54.3245],[-72.5107,-54.3563],[-72.5369,-54.3863],[-72.4634,-54.4437],[-72.4377,-54.3745],[-72.3684,-54.3805],[-72.3173,-54.3721],[-72.2955,-54.336],[-72.3602,-54.3411],[-72.3926,-54.3223],[-72.3713,-54.2889],[-72.3328,-54.2771],[-72.3099,-54.2218],[-72.2736,-54.2044],[-72.2677,-54.1695],[-72.2192,-54.1424],[-72.1879,-54.1081],[-72.119,-54.0567],[-72.0843,-54.0963],[-72.1473,-54.1087],[-72.1159,-54.1348],[-72.1371,-54.1569],[-72.143,-54.2042],[-72.0131,-54.2052],[-71.9851,-54.2338],[-71.9342,-54.2403],[-71.9373,-54.2978],[-71.9533,-54.3382],[-71.8058,-54.3437],[-71.8225,-54.3063],[-71.8172,-54.2745],[-71.7461,-54.2672],[-71.7275,-54.2482],[-71.7806,-54.1849],[-71.8587,-54.1315],[-71.7464,-54.1636],[-71.7122,-54.1513],[-71.6891,-54.1179],[-71.6218,-54.0902],[-71.6843,-54.0309],[-71.6898,-54.0025],[-71.743,-54.0002],[-71.7614,-53.983],[-71.667,-53.9629],[-71.6496,-53.9254],[-71.7146,-53.8995],[-71.8214,-53.9487],[-71.818,-53.922],[-71.858,-53.8613],[-71.9197,-53.8452]]],[[[-73.2408,-53.8039],[-73.3066,-53.8207],[-73.2892,-53.843],[-73.1905,-53.8484],[-73.2022,-53.899],[-73.1495,-53.8954],[-73.0827,-53.9063],[-73.0704,-53.8298],[-73.1118,-53.8199],[-73.231,-53.8114],[-73.2408,-53.8039]]],[[[-72.0909,-53.8207],[-72.151,-53.8279],[-72.2162,-53.8796],[-72.1407,-53.9143],[-72.1048,-53.9182],[-72.0568,-53.8775],[-72.0467,-53.8348],[-72.0909,-53.8207]]],[[[-73.0654,-53.7112],[-73.0891,-53.7253],[-73.1051,-53.7844],[-73.0134,-53.7906],[-72.895,-53.7424],[-73.0654,-53.7112]]],[[[-73.1978,-53.6824],[-73.2815,-53.7104],[-73.2388,-53.7302],[-73.1799,-53.7005],[-73.1978,-53.6824]]],[[[-73.4056,-53.5922],[-73.4855,-53.6318],[-73.4404,-53.6466],[-73.3852,-53.6187],[-73.3183,-53.6392],[-73.3072,-53.6594],[-73.2513,-53.6622],[-73.3194,-53.6101],[-73.4056,-53.5922]]],[[[-72.4127,-53.5615],[-72.4249,-53.5929],[-72.3672,-53.6527],[-72.2858,-53.6743],[-72.2527,-53.6557],[-72.2981,-53.6043],[-72.4127,-53.5615]]],[[[-70.4781,-53.5659],[-70.5374,-53.5691],[-70.5418,-53.6012],[-70.6002,-53.6519],[-70.6592,-53.6856],[-70.7077,-53.6923],[-70.7015,-53.7849],[-70.6003,-53.8253],[-70.6131,-53.87],[-70.7834,-53.8239],[-70.8515,-53.8529],[-70.887,-53.8938],[-70.9014,-53.935],[-70.8665,-54.0364],[-70.8798,-54.0576],[-70.8337,-54.0895],[-70.8448,-54.1198],[-70.6708,-54.2025],[-70.5321,-54.2432],[-70.4477,-54.2504],[-70.3339,-54.281],[-70.2648,-54.286],[-70.2147,-54.2431],[-70.2822,-54.1931],[-70.357,-54.1935],[-70.4901,-54.1421],[-70.5484,-54.1137],[-70.55,-54.0668],[-70.5696,-54.0297],[-70.6706,-53.9619],[-70.6208,-53.9571],[-70.557,-53.9853],[-70.4487,-54.0571],[-70.3698,-54.0478],[-70.3326,-54.0087],[-70.3613,-53.9681],[-70.4452,-53.8978],[-70.4156,-53.8738],[-70.4514,-53.8367],[-70.4462,-53.7829],[-70.4816,-53.666],[-70.4635,-53.5788],[-70.4781,-53.5659]]],[[[-73.8394,-53.4696],[-73.8561,-53.4986],[-73.8191,-53.5179],[-73.8501,-53.547],[-73.8545,-53.6061],[-73.782,-53.5985],[-73.7806,-53.5707],[-73.6968,-53.5932],[-73.6559,-53.5668],[-73.7081,-53.547],[-73.8394,-53.4696]]],[[[-73.5729,-53.3851],[-73.5975,-53.4286],[-73.5873,-53.4587],[-73.6389,-53.4783],[-73.7058,-53.4825],[-73.7444,-53.4474],[-73.783,-53.465],[-73.7351,-53.5172],[-73.6668,-53.5234],[-73.658,-53.5541],[-73.6263,-53.5694],[-73.5632,-53.5546],[-73.4927,-53.58],[-73.4902,-53.6101],[-73.4296,-53.6001],[-73.418,-53.5835],[-73.3541,-53.593],[-73.3269,-53.5764],[-73.3896,-53.5567],[-73.3845,-53.5273],[-73.4425,-53.4591],[-73.3682,-53.4213],[-73.4464,-53.3913],[-73.52,-53.4097],[-73.5729,-53.3851]]],[[[-73.041,-53.3756],[-73.0782,-53.3803],[-73.1397,-53.4084],[-73.1568,-53.4338],[-73.1113,-53.4774],[-73.1295,-53.4966],[-73.2719,-53.4902],[-73.3419,-53.4674],[-73.427,-53.4614],[-73.3489,-53.5487],[-73.283,-53.569],[-73.2462,-53.6329],[-73.1097,-53.6437],[-73.0744,-53.6521],[-73.0057,-53.6413],[-72.994,-53.6684],[-73.1632,-53.674],[-73.1191,-53.6959],[-73.0053,-53.7014],[-72.9179,-53.7282],[-72.8621,-53.734],[-72.8827,-53.7676],[-72.9427,-53.7741],[-73.0348,-53.8106],[-73.0008,-53.8399],[-73.0366,-53.8651],[-73.0466,-53.904],[-72.9953,-53.892],[-72.9447,-53.9055],[-72.8538,-53.8835],[-72.7952,-53.8871],[-72.8078,-53.955],[-72.8784,-53.9759],[-72.8525,-54.0276],[-72.9011,-54.0456],[-72.9374,-54.027],[-72.9691,-54.0527],[-72.9252,-54.0705],[-73.0653,-54.0785],[-73.0691,-54.0951],[-72.9441,-54.104],[-72.9167,-54.137],[-72.8261,-54.1354],[-72.8093,-54.1152],[-72.7497,-54.1219],[-72.6652,-54.059],[-72.625,-54.0973],[-72.55,-54.1103],[-72.5288,-54.0649],[-72.5525,-54.04],[-72.5439,-54.002],[-72.4745,-54.0664],[-72.4197,-54.0534],[-72.3769,-54.0586],[-72.337,-54.0343],[-72.3619,-53.9516],[-72.4094,-53.9386],[-72.4175,-53.9],[-72.3367,-53.9053],[-72.3761,-53.8457],[-72.3302,-53.8382],[-72.2252,-53.8587],[-72.1493,-53.7954],[-72.1601,-53.7765],[-72.23,-53.7452],[-72.2643,-53.7595],[-72.28,-53.7086],[-72.3444,-53.686],[-72.3967,-53.681],[-72.4236,-53.7097],[-72.4611,-53.6758],[-72.3857,-53.6423],[-72.4237,-53.6114],[-72.4574,-53.6205],[-72.482,-53.5753],[-72.5433,-53.5655],[-72.5687,-53.5758],[-72.6596,-53.5245],[-72.6824,-53.5287],[-72.6401,-53.588],[-72.6514,-53.6373],[-72.7027,-53.6097],[-72.7297,-53.5383],[-72.7658,-53.5098],[-72.767,-53.4841],[-72.8513,-53.4515],[-72.855,-53.4765],[-72.8144,-53.5241],[-72.8145,-53.5604],[-72.871,-53.5607],[-72.8543,-53.5111],[-72.9038,-53.4414],[-72.9515,-53.4088],[-73.041,-53.3756]]],[[[-74.0954,-53.253],[-74.1575,-53.2674],[-74.1854,-53.2921],[-74.28,-53.3244],[-74.198,-53.3514],[-74.1779,-53.3375],[-74.0996,-53.3275],[-74.0986,-53.2986],[-74.0612,-53.2722],[-74.0954,-53.253]]],[[[-74.3594,-53.1269],[-74.3476,-53.1809],[-74.2902,-53.1497],[-74.3594,-53.1269]]],[[[-73.981,-53.137],[-74.0685,-53.1544],[-74.0446,-53.1984],[-73.9902,-53.2023],[-73.9555,-53.1833],[-73.981,-53.137]]],[[[-73.8884,-53.1088],[-73.9702,-53.1244],[-73.9156,-53.1655],[-73.8526,-53.1811],[-73.8143,-53.2374],[-73.7735,-53.2221],[-73.8201,-53.1704],[-73.8449,-53.1261],[-73.8884,-53.1088]]],[[[-73.5639,-52.9257],[-73.595,-52.9876],[-73.5375,-52.9632],[-73.5639,-52.9257]]],[[[-73.591,-52.8369],[-73.6467,-52.859],[-73.7437,-52.8705],[-73.7313,-52.9162],[-73.643,-52.9122],[-73.6176,-52.8923],[-73.5575,-52.9096],[-73.5127,-52.8961],[-73.4691,-52.9225],[-73.4965,-52.9464],[-73.4133,-52.9674],[-73.3369,-52.9365],[-73.3885,-52.8879],[-73.4561,-52.8825],[-73.5104,-52.8637],[-73.585,-52.8518],[-73.591,-52.8369]]],[[[-74.6871,-52.715],[-74.7226,-52.7344],[-74.7134,-52.7992],[-74.6349,-52.8415],[-74.6541,-52.8596],[-74.6102,-52.8883],[-74.5867,-52.9479],[-74.5452,-52.9624],[-74.5178,-52.9164],[-74.4739,-52.9226],[-74.5203,-52.9677],[-74.4546,-53.0079],[-74.4209,-53.0057],[-74.4098,-53.0451],[-74.3403,-53.0655],[-74.32,-53.1263],[-74.1893,-53.1191],[-74.0871,-53.1297],[-74.0547,-53.1399],[-73.9991,-53.1264],[-73.9816,-53.1036],[-73.8463,-53.104],[-73.8409,-53.1201],[-73.7603,-53.1928],[-73.7011,-53.1862],[-73.6408,-53.225],[-73.5943,-53.2403],[-73.6134,-53.2607],[-73.5863,-53.3405],[-73.4957,-53.3514],[-73.4154,-53.3294],[-73.304,-53.3635],[-73.2757,-53.3489],[-73.2097,-53.3811],[-73.0965,-53.3748],[-73.0956,-53.3489],[-73.198,-53.3269],[-73.2151,-53.2971],[-73.2873,-53.2681],[-73.3685,-53.1939],[-73.4288,-53.1568],[-73.4774,-53.1427],[-73.5133,-53.1572],[-73.4914,-53.1974],[-73.517,-53.264],[-73.5603,-53.2047],[-73.5311,-53.1628],[-73.5868,-53.1152],[-73.6501,-53.0891],[-73.66,-53.1263],[-73.7332,-53.0841],[-73.7844,-53.0686],[-73.8949,-53.0176],[-73.994,-52.9843],[-74.0521,-52.9809],[-74.0737,-52.961],[-74.1245,-53.0079],[-74.2017,-52.9553],[-74.2547,-52.9601],[-74.3867,-52.9362],[-74.364,-52.9056],[-74.3707,-52.8768],[-74.427,-52.832],[-74.5037,-52.7979],[-74.5283,-52.8031],[-74.5758,-52.7763],[-74.6228,-52.7698],[-74.6341,-52.7422],[-74.6871,-52.715]]],[[[-73.6546,-52.7564],[-73.6951,-52.7705],[-73.6868,-52.7939],[-73.6382,-52.7892],[-73.6546,-52.7564]]],[[[-70.6339,-52.8449],[-70.6906,-52.8514],[-70.7849,-52.8918],[-70.7277,-52.9088],[-70.652,-52.8666],[-70.6339,-52.8449]]],[[[-72.4041,-52.7225],[-72.4571,-52.731],[-72.4911,-52.7542],[-72.4631,-52.7905],[-72.3811,-52.7634],[-72.3701,-52.7346],[-72.4041,-52.7225]]],[[[-74.1145,-52.5696],[-74.1595,-52.5921],[-74.1587,-52.6107],[-74.0738,-52.6081],[-74.066,-52.5866],[-74.1145,-52.5696]]],[[[-71.4685,-52.6577],[-71.5427,-52.6541],[-71.6709,-52.6967],[-71.8199,-52.7017],[-71.8894,-52.6941],[-71.9522,-52.6744],[-71.9605,-52.6525],[-72.0506,-52.6825],[-72.085,-52.6614],[-72.1642,-52.6602],[-72.2017,-52.7032],[-72.2544,-52.7134],[-72.2946,-52.7565],[-72.3622,-52.7779],[-72.4237,-52.8151],[-72.4303,-52.8436],[-72.5486,-52.8155],[-72.6125,-52.8073],[-72.6024,-52.77],[-72.6232,-52.7504],[-72.6927,-52.7244],[-72.7372,-52.7814],[-72.7846,-52.8026],[-72.815,-52.7946],[-72.9054,-52.8451],[-72.9322,-52.8373],[-73.0086,-52.8612],[-72.954,-52.8824],[-72.92,-52.9143],[-72.963,-52.9403],[-72.9161,-53.0059],[-72.9182,-53.0435],[-72.8798,-53.0549],[-72.9273,-53.1059],[-72.9196,-53.131],[-72.8766,-53.1525],[-72.8215,-53.1379],[-72.7755,-53.1499],[-72.7394,-53.1995],[-72.8124,-53.1816],[-72.8513,-53.1877],[-72.734,-53.2327],[-72.7531,-53.243],[-72.8517,-53.2119],[-72.9424,-53.1731],[-72.9689,-53.1938],[-73.0151,-53.1703],[-73.0988,-53.1829],[-73.2585,-53.1941],[-73.2132,-53.2434],[-73.156,-53.2741],[-73.0591,-53.3056],[-73.0087,-53.3099],[-72.9109,-53.3833],[-72.8561,-53.3858],[-72.7651,-53.4242],[-72.7362,-53.454],[-72.6761,-53.4678],[-72.5565,-53.5392],[-72.4253,-53.5382],[-72.3871,-53.5255],[-72.4645,-53.4633],[-72.5217,-53.4019],[-72.5788,-53.385],[-72.5087,-53.3605],[-72.5366,-53.3177],[-72.5214,-53.3025],[-72.4633,-53.3021],[-72.4236,-53.2568],[-72.5012,-53.2063],[-72.4323,-53.198],[-72.4211,-53.2302],[-72.3332,-53.2332],[-72.2831,-53.2138],[-72.2292,-53.209],[-72.2219,-53.1717],[-72.342,-53.138],[-72.3375,-53.108],[-72.3903,-53.084],[-72.3674,-53.0586],[-72.2309,-53.116],[-72.2174,-53.0717],[-72.1533,-53.1335],[-72.099,-53.148],[-72.0225,-53.1314],[-71.9822,-53.1008],[-71.963,-53.0591],[-71.9235,-53.0362],[-71.9087,-53.003],[-71.8516,-52.9886],[-71.7066,-52.9361],[-71.6014,-52.8874],[-71.5799,-52.8901],[-71.4825,-52.8356],[-71.4091,-52.8331],[-71.3964,-52.8127],[-71.4177,-52.7526],[-71.3962,-52.7379],[-71.4685,-52.6577]]],[[[-73.9825,-52.4188],[-74.052,-52.4273],[-74.0343,-52.4485],[-73.9825,-52.4188]]],[[[-73.7255,-52.4199],[-73.8276,-52.443],[-73.839,-52.4827],[-73.9618,-52.5278],[-73.9942,-52.5729],[-74.0369,-52.5944],[-74.0345,-52.6218],[-74.0025,-52.651],[-73.9066,-52.5884],[-73.8753,-52.5896],[-73.9661,-52.6664],[-73.937,-52.7054],[-73.9391,-52.7298],[-73.9033,-52.7532],[-73.7958,-52.7221],[-73.7652,-52.7019],[-73.7173,-52.6456],[-73.695,-52.5852],[-73.7223,-52.5514],[-73.7024,-52.5213],[-73.6482,-52.4929],[-73.6814,-52.4713],[-73.6811,-52.4463],[-73.7255,-52.4199]]],[[[-73.8831,-52.405],[-73.9489,-52.443],[-73.9655,-52.477],[-73.9071,-52.4815],[-73.8531,-52.4552],[-73.8432,-52.4329],[-73.8831,-52.405]]],[[[-74.6343,-52.3397],[-74.6686,-52.3466],[-74.7022,-52.3754],[-74.6617,-52.3969],[-74.6041,-52.3909],[-74.5789,-52.3684],[-74.6343,-52.3397]]],[[[-70.705,-54.3524],[-70.7271,-54.3354],[-70.7966,-54.3264],[-70.8545,-54.33],[-70.9356,-54.3696],[-70.9133,-54.4163],[-71.0025,-54.455],[-71.1326,-54.4186],[-71.1856,-54.4336],[-71.2298,-54.4072],[-71.3594,-54.3693],[-71.4045,-54.3768],[-71.4257,-54.4381],[-71.5308,-54.4346],[-71.5852,-54.4098],[-71.5844,-54.4573],[-71.5261,-54.4797],[-71.5318,-54.5144],[-71.5947,-54.4949],[-71.6102,-54.4754],[-71.6641,-54.4594],[-71.727,-54.3968],[-71.8322,-54.4058],[-71.8443,-54.447],[-71.7042,-54.4851],[-71.73,-54.5456],[-71.7835,-54.5367],[-71.8232,-54.5049],[-71.8433,-54.4658],[-71.902,-54.4447],[-71.9922,-54.4532],[-71.9724,-54.478],[-72.0188,-54.5102],[-71.987,-54.5477],[-71.9229,-54.5858],[-71.9708,-54.6084],[-71.9118,-54.632],[-71.8503,-54.6305],[-71.8232,-54.6478],[-71.7536,-54.6158],[-71.6791,-54.6037],[-71.6851,-54.6553],[-71.6166,-54.6354],[-71.5754,-54.6494],[-71.5356,-54.6322],[-71.4928,-54.6852],[-71.396,-54.6479],[-71.391,-54.5998],[-71.3598,-54.5986],[-71.3234,-54.5669],[-71.2684,-54.5953],[-71.2518,-54.6368],[-71.2985,-54.6423],[-71.2759,-54.6757],[-71.2166,-54.6961],[-71.1396,-54.6899],[-71.1113,-54.648],[-71.0719,-54.6615],[-71.0261,-54.6389],[-70.9867,-54.6537],[-70.9802,-54.7133],[-71.0297,-54.7567],[-71.0012,-54.7838],[-70.9634,-54.739],[-70.8823,-54.6732],[-70.8821,-54.7126],[-70.9317,-54.7499],[-70.841,-54.7637],[-70.8093,-54.7985],[-70.8364,-54.8345],[-70.7175,-54.8451],[-70.6868,-54.8775],[-70.6127,-54.9109],[-70.5154,-54.8868],[-70.464,-54.8851],[-70.3697,-54.8661],[-70.424,-54.8355],[-70.5144,-54.8226],[-70.5674,-54.8357],[-70.6402,-54.8118],[-70.5639,-54.7977],[-70.347,-54.8265],[-70.3136,-54.7525],[-70.2481,-54.7529],[-70.3324,-54.8087],[-70.3208,-54.8603],[-70.2098,-54.8758],[-70.168,-54.8741],[-70.1266,-54.8429],[-70.059,-54.8685],[-69.9529,-54.8448],[-69.8564,-54.8463],[-69.7355,-54.8342],[-69.6885,-54.8364],[-69.5582,-54.8612],[-69.4983,-54.8858],[-69.2808,-54.9225],[-69.1863,-54.9289],[-69.1009,-54.9595],[-68.8414,-54.9536],[-68.705,-54.9116],[-68.7454,-54.8812],[-68.8178,-54.8552],[-68.8036,-54.8403],[-68.706,-54.8572],[-68.659,-54.8963],[-68.6091,-54.8928],[-68.5964,-54.873],[-68.5954,-54.8091],[-68.606,-54.5706],[-68.6081,-54.4174],[-68.6071,-54.023],[-68.6065,-53.7046],[-68.6061,-53.4034],[-68.6065,-52.9631],[-68.6067,-52.659],[-68.6931,-52.6073],[-68.7641,-52.5426],[-68.7957,-52.5821],[-68.9504,-52.6409],[-69.0276,-52.6636],[-69.0748,-52.6908],[-69.1206,-52.6996],[-69.1982,-52.6756],[-69.3165,-52.5536],[-69.3776,-52.4749],[-69.4303,-52.453],[-69.4635,-52.4776],[-69.5315,-52.4953],[-69.5845,-52.5254],[-69.6103,-52.5808],[-69.5943,-52.6507],[-69.6869,-52.7276],[-69.6948,-52.7468],[-69.7471,-52.7765],[-69.8414,-52.7883],[-69.8931,-52.8337],[-69.9695,-52.8488],[-70.0471,-52.8153],[-70.1182,-52.7544],[-70.1299,-52.7329],[-70.3302,-52.744],[-70.4235,-52.7672],[-70.421,-52.786],[-70.3405,-52.7795],[-70.2757,-52.8085],[-70.2596,-52.8666],[-70.2335,-52.8815],[-70.145,-52.8973],[-70.0911,-52.9196],[-70.11,-52.9749],[-70.1382,-53.014],[-70.2523,-53.0631],[-70.3442,-53.0613],[-70.3113,-53.0355],[-70.3374,-53.0139],[-70.334,-52.9683],[-70.4177,-53.0126],[-70.4326,-53.0443],[-70.442,-53.1122],[-70.4335,-53.1693],[-70.4499,-53.1878],[-70.4667,-53.2798],[-70.4448,-53.3755],[-70.4035,-53.3893],[-70.3318,-53.3943],[-70.2644,-53.4619],[-70.2136,-53.4772],[-70.1137,-53.4563],[-69.9682,-53.3995],[-69.8853,-53.3794],[-69.7399,-53.373],[-69.5741,-53.3463],[-69.4782,-53.361],[-69.4322,-53.3517],[-69.3687,-53.3586],[-69.3264,-53.411],[-69.3079,-53.4775],[-69.3532,-53.5217],[-69.5321,-53.5825],[-69.6626,-53.6423],[-69.7813,-53.6664],[-69.8631,-53.6698],[-69.8998,-53.6598],[-69.9561,-53.7088],[-70.0058,-53.7269],[-70.1279,-53.7462],[-70.1662,-53.779],[-70.1745,-53.8343],[-70.1414,-53.8868],[-70.137,-53.9373],[-70.0819,-53.9859],[-70.0414,-54.0569],[-70.0416,-54.0958],[-69.9614,-54.125],[-69.8918,-54.1685],[-69.8635,-54.1682],[-69.5247,-54.2533],[-69.4893,-54.2703],[-69.319,-54.3172],[-69.1654,-54.3753],[-69.1632,-54.3843],[-69.0092,-54.4258],[-68.9753,-54.4477],[-69.0177,-54.4707],[-69.1299,-54.4523],[-69.1723,-54.505],[-69.1306,-54.5695],[-69.194,-54.5487],[-69.2608,-54.5438],[-69.2975,-54.5783],[-69.3283,-54.6281],[-69.3865,-54.6317],[-69.3471,-54.5685],[-69.2966,-54.5466],[-69.2446,-54.4953],[-69.2108,-54.4926],[-69.2016,-54.4486],[-69.2329,-54.4455],[-69.3546,-54.4074],[-69.4266,-54.3758],[-69.4556,-54.3461],[-69.5374,-54.3363],[-69.5597,-54.4361],[-69.6313,-54.4738],[-69.6424,-54.4443],[-69.6205,-54.4264],[-69.6319,-54.382],[-69.6108,-54.3655],[-69.6541,-54.3403],[-69.7318,-54.3124],[-69.8458,-54.2876],[-69.869,-54.321],[-69.8243,-54.356],[-69.8011,-54.4266],[-69.7615,-54.4436],[-69.7143,-54.4972],[-69.7466,-54.5154],[-69.8272,-54.4456],[-69.8781,-54.4225],[-69.8783,-54.398],[-69.9526,-54.3429],[-69.9393,-54.3136],[-70.0042,-54.2628],[-70.0672,-54.2522],[-70.1272,-54.2923],[-70.1885,-54.3139],[-70.2009,-54.3396],[-70.136,-54.3841],[-70.1565,-54.4136],[-70.2176,-54.3981],[-70.2038,-54.3744],[-70.3921,-54.3003],[-70.5045,-54.2778],[-70.6006,-54.2462],[-70.7116,-54.1896],[-70.7641,-54.1797],[-70.8294,-54.1417],[-70.9269,-54.1373],[-70.8719,-54.2566],[-70.8282,-54.2723],[-70.7467,-54.2735],[-70.5839,-54.2883],[-70.5204,-54.3053],[-70.4913,-54.3443],[-70.5138,-54.3884],[-70.4155,-54.4387],[-70.407,-54.4518],[-70.3078,-54.4833],[-70.35,-54.5014],[-70.4234,-54.4843],[-70.5576,-54.4015],[-70.644,-54.4465],[-70.7052,-54.5441],[-70.7348,-54.5216],[-70.699,-54.4956],[-70.7061,-54.4559],[-70.5753,-54.3547],[-70.6641,-54.3387],[-70.705,-54.3524]]],[[[-74.3217,-52.254],[-74.392,-52.2703],[-74.3548,-52.2932],[-74.3217,-52.254]]],[[[-74.5702,-52.2342],[-74.5963,-52.2509],[-74.6069,-52.3052],[-74.5444,-52.302],[-74.5366,-52.2665],[-74.5702,-52.2342]]],[[[-74.1669,-52.2277],[-74.2111,-52.2648],[-74.1565,-52.3137],[-74.2268,-52.3342],[-74.1798,-52.3704],[-74.1609,-52.4115],[-74.1079,-52.3996],[-74.0789,-52.4154],[-74.032,-52.4042],[-73.9483,-52.3632],[-74.0324,-52.3053],[-74.0615,-52.2987],[-74.1275,-52.2452],[-74.1669,-52.2277]]],[[[-74.5914,-52.2086],[-74.6835,-52.246],[-74.6858,-52.2694],[-74.748,-52.2607],[-74.7947,-52.2225],[-74.851,-52.1971],[-74.9028,-52.2319],[-74.8335,-52.2647],[-74.7751,-52.3201],[-74.739,-52.3327],[-74.667,-52.3332],[-74.6147,-52.3079],[-74.6187,-52.2735],[-74.5912,-52.243],[-74.5914,-52.2086]]],[[[-74.229,-52.2117],[-74.2819,-52.2202],[-74.3043,-52.2448],[-74.2595,-52.2549],[-74.2137,-52.2274],[-74.229,-52.2117]]],[[[-73.7452,-52.2094],[-73.7617,-52.2535],[-73.6884,-52.2793],[-73.6754,-52.2551],[-73.7452,-52.2094]]],[[[-74.4015,-52.151],[-74.4655,-52.1897],[-74.3667,-52.1999],[-74.3415,-52.1863],[-74.3756,-52.1702],[-74.4015,-52.151]]],[[[-73.91,-52.1419],[-73.9324,-52.1635],[-73.8639,-52.1983],[-73.847,-52.1765],[-73.91,-52.1419]]],[[[-74.5758,-52.0857],[-74.6481,-52.108],[-74.7128,-52.145],[-74.7932,-52.1797],[-74.7535,-52.2135],[-74.6609,-52.2046],[-74.629,-52.1909],[-74.5952,-52.1411],[-74.5502,-52.0968],[-74.5758,-52.0857]]],[[[-74.2758,-52.0935],[-74.3382,-52.12],[-74.3926,-52.1303],[-74.388,-52.1514],[-74.3595,-52.1758],[-74.2455,-52.2],[-74.2225,-52.1826],[-74.1996,-52.2098],[-74.162,-52.2208],[-74.1058,-52.252],[-74.0634,-52.2885],[-73.9782,-52.3279],[-73.9333,-52.362],[-73.9028,-52.3382],[-73.962,-52.3063],[-74.0528,-52.2168],[-74.1839,-52.129],[-74.2758,-52.0935]]],[[[-74.2091,-52.0819],[-74.2013,-52.1148],[-74.146,-52.1297],[-74.113,-52.1719],[-74.0729,-52.1813],[-74.0309,-52.2304],[-73.9801,-52.27],[-73.9151,-52.3052],[-73.8387,-52.3303],[-73.8809,-52.382],[-73.8133,-52.4153],[-73.752,-52.4053],[-73.7326,-52.3493],[-73.7547,-52.3274],[-73.7486,-52.2809],[-73.8219,-52.23],[-73.9462,-52.177],[-74.0023,-52.1665],[-74.0338,-52.1177],[-74.1335,-52.0882],[-74.2091,-52.0819]]],[[[-74.3496,-52.0573],[-74.3758,-52.0825],[-74.3389,-52.1073],[-74.3053,-52.0862],[-74.3496,-52.0573]]],[[[-74.0249,-52.0656],[-73.9689,-52.1271],[-73.9247,-52.1021],[-74.0249,-52.0656]]],[[[-74.4454,-52.0234],[-74.5038,-52.0454],[-74.5515,-52.0798],[-74.5011,-52.0844],[-74.4434,-52.0474],[-74.4454,-52.0234]]],[[[-74.4948,-51.9424],[-74.5289,-51.9466],[-74.6497,-52.0076],[-74.6859,-52.0374],[-74.6968,-52.0656],[-74.6982,-52.1186],[-74.5568,-52.065],[-74.4926,-52.0302],[-74.4582,-51.9946],[-74.4602,-51.9684],[-74.4948,-51.9424]]],[[[-74.0429,-51.902],[-74.0947,-51.9198],[-74.079,-51.9449],[-74.0948,-52.0172],[-74.0639,-52.0396],[-73.876,-52.1026],[-73.8157,-52.1524],[-73.7516,-52.1761],[-73.6775,-52.2199],[-73.6635,-52.1762],[-73.7028,-52.1568],[-73.7357,-52.0908],[-73.8591,-51.9917],[-73.9087,-51.9753],[-73.9455,-51.9446],[-73.9758,-51.9404],[-74.0429,-51.902]]],[[[-73.7878,-51.8935],[-73.7914,-51.9101],[-73.8569,-51.951],[-73.8051,-51.9971],[-73.7577,-52.0122],[-73.6915,-51.9848],[-73.7632,-51.9293],[-73.7878,-51.8935]]],[[[-74.7242,-51.8337],[-74.7644,-51.8731],[-74.8261,-52.0297],[-74.8215,-52.0648],[-74.873,-52.1132],[-74.8865,-52.1533],[-74.8216,-52.1629],[-74.7775,-52.1364],[-74.7852,-52.1009],[-74.7274,-52.1],[-74.7075,-52.0843],[-74.6952,-52.0501],[-74.6969,-52.0255],[-74.6762,-52.0219],[-74.6344,-51.9908],[-74.6513,-51.9289],[-74.5967,-51.8896],[-74.5965,-51.8623],[-74.6951,-51.8586],[-74.7242,-51.8337]]],[[[-74.544,-51.8249],[-74.5868,-51.8964],[-74.634,-51.9448],[-74.5962,-51.9463],[-74.5345,-51.9039],[-74.544,-51.8249]]],[[[-74.9318,-51.8076],[-74.9597,-51.8386],[-75.0069,-51.9355],[-74.978,-51.9665],[-75.0451,-51.9965],[-75.0537,-52.0479],[-75.0059,-52.0731],[-75.0167,-52.0906],[-74.9708,-52.134],[-74.9157,-52.1197],[-74.8706,-52.0914],[-74.8726,-52.0433],[-74.8365,-52.0227],[-74.7799,-51.8782],[-74.8184,-51.8618],[-74.8649,-51.875],[-74.9255,-51.8381],[-74.9318,-51.8076]]],[[[-72.8952,-51.8728],[-72.9173,-51.8991],[-72.9856,-51.9014],[-73.002,-51.9205],[-73.0501,-51.9294],[-73.0865,-51.9517],[-73.1288,-52.0413],[-73.1104,-52.087],[-72.9969,-52.0475],[-72.9603,-51.9902],[-72.95,-51.9525],[-72.903,-51.9269],[-72.8952,-51.8728]]],[[[-73.7591,-51.8255],[-73.7997,-51.8472],[-73.7422,-51.9257],[-73.6986,-51.9027],[-73.7211,-51.8549],[-73.7591,-51.8255]]],[[[-74.6586,-51.7656],[-74.7227,-51.7912],[-74.7275,-51.8218],[-74.6408,-51.8524],[-74.6004,-51.8097],[-74.6586,-51.7656]]],[[[-74.1581,-51.7615],[-74.1184,-51.804],[-74.057,-51.8509],[-74.0159,-51.8256],[-74.0713,-51.8073],[-74.1581,-51.7615]]],[[[-74.983,-51.7192],[-75.0459,-51.7286],[-75.0661,-51.7479],[-75.0802,-51.8041],[-75.1203,-51.8178],[-75.0614,-51.8551],[-75.0927,-51.874],[-75.089,-51.9183],[-74.9984,-51.8961],[-74.9527,-51.7971],[-74.9564,-51.7433],[-74.983,-51.7192]]],[[[-74.4934,-51.7101],[-74.4172,-51.8198],[-74.4143,-51.8459],[-74.3547,-51.9011],[-74.2537,-51.9392],[-74.188,-51.9437],[-74.1175,-51.9819],[-74.0957,-51.9676],[-74.0992,-51.9215],[-74.0508,-51.888],[-74.1409,-51.8746],[-74.1465,-51.8467],[-74.2021,-51.8413],[-74.2166,-51.816],[-74.2854,-51.8267],[-74.3327,-51.7561],[-74.4934,-51.7101]]],[[[-74.6641,-51.6974],[-74.7242,-51.7103],[-74.7246,-51.7805],[-74.6874,-51.7623],[-74.6641,-51.6974]]],[[[-74.5312,-51.6764],[-74.4635,-51.7069],[-74.4564,-51.6866],[-74.5312,-51.6764]]],[[[-74.8556,-51.6257],[-74.919,-51.6383],[-74.9327,-51.6576],[-74.8893,-51.686],[-74.8873,-51.7076],[-74.8288,-51.7577],[-74.8713,-51.7627],[-74.8791,-51.7921],[-74.8518,-51.8501],[-74.79,-51.8637],[-74.7662,-51.8531],[-74.7435,-51.792],[-74.764,-51.6609],[-74.8556,-51.6257]]],[[[-73.9281,-51.6504],[-73.9397,-51.6856],[-73.8795,-51.7387],[-73.8671,-51.7741],[-73.8267,-51.8119],[-73.7796,-51.7773],[-73.7772,-51.7205],[-73.8246,-51.7118],[-73.842,-51.6807],[-73.9281,-51.6504]]],[[[-74.053,-51.53],[-74.1078,-51.5468],[-74.1037,-51.5735],[-74.1458,-51.5906],[-74.1154,-51.631],[-74.1176,-51.6549],[-74.2325,-51.6763],[-74.2262,-51.7364],[-74.1553,-51.7499],[-74.0953,-51.7819],[-74.0238,-51.8032],[-73.9629,-51.8041],[-73.9405,-51.8435],[-73.955,-51.8936],[-73.8821,-51.8923],[-73.8448,-51.9107],[-73.7882,-51.8846],[-73.8169,-51.8425],[-73.899,-51.7987],[-73.9197,-51.7435],[-73.94,-51.7264],[-73.9922,-51.732],[-73.9898,-51.6599],[-74.0153,-51.6363],[-74.031,-51.5604],[-74.053,-51.53]]],[[[-74.9099,-51.4667],[-74.992,-51.4976],[-74.967,-51.5442],[-74.9125,-51.5552],[-74.885,-51.533],[-74.9123,-51.5125],[-74.9099,-51.4667]]],[[[-74.6777,-51.3317],[-74.7047,-51.3552],[-74.7557,-51.4474],[-74.6841,-51.4359],[-74.6593,-51.3495],[-74.6777,-51.3317]]],[[[-75.1207,-51.2482],[-75.1622,-51.2914],[-75.1894,-51.2976],[-75.2216,-51.3369],[-75.185,-51.3725],[-75.209,-51.4002],[-75.2124,-51.4566],[-75.1955,-51.4855],[-75.2685,-51.5225],[-75.3332,-51.5342],[-75.3188,-51.5708],[-75.3487,-51.5871],[-75.2959,-51.6238],[-75.2564,-51.6144],[-75.2145,-51.6291],[-75.1676,-51.597],[-75.1354,-51.5337],[-75.1462,-51.4561],[-75.0834,-51.4433],[-75.0726,-51.4189],[-75.0005,-51.4021],[-74.98,-51.3536],[-74.9923,-51.3249],[-75.0893,-51.3146],[-75.1207,-51.2482]]],[[[-74.2141,-51.288],[-74.2539,-51.3013],[-74.2528,-51.3659],[-74.217,-51.3875],[-74.1817,-51.4419],[-74.1218,-51.428],[-74.089,-51.4019],[-74.1249,-51.3658],[-74.1366,-51.3148],[-74.2141,-51.288]]],[[[-74.9327,-51.2273],[-74.9794,-51.2501],[-75.0375,-51.2562],[-75.0661,-51.2843],[-75.0444,-51.3043],[-74.9773,-51.3144],[-74.8768,-51.2395],[-74.9327,-51.2273]]],[[[-73.8002,-51.2473],[-73.8985,-51.2927],[-73.8684,-51.3549],[-73.8143,-51.3711],[-73.7317,-51.362],[-73.7258,-51.3035],[-73.7532,-51.2707],[-73.8002,-51.2473]]],[[[-74.0416,-51.2235],[-74.0995,-51.2317],[-74.1032,-51.3077],[-74.0506,-51.384],[-74.011,-51.3821],[-73.9667,-51.3451],[-73.9244,-51.3362],[-73.9312,-51.2859],[-73.9546,-51.2308],[-74.0416,-51.2235]]],[[[-74.607,-51.189],[-74.6396,-51.2013],[-74.6712,-51.2032],[-74.7195,-51.1894],[-74.7487,-51.2092],[-74.8033,-51.2135],[-74.8492,-51.2653],[-74.9298,-51.2916],[-74.9812,-51.3444],[-74.949,-51.3875],[-74.9715,-51.4185],[-75.0322,-51.4298],[-75.0294,-51.4795],[-74.9681,-51.4785],[-74.9075,-51.4528],[-74.8786,-51.4607],[-74.8052,-51.4486],[-74.7382,-51.4068],[-74.6882,-51.3202],[-74.648,-51.3467],[-74.633,-51.3776],[-74.592,-51.406],[-74.5553,-51.3924],[-74.5219,-51.3546],[-74.5425,-51.3289],[-74.4986,-51.2814],[-74.5506,-51.2137],[-74.5918,-51.2149],[-74.607,-51.189]]],[[[-74.486,-51.1899],[-74.5247,-51.1952],[-74.5127,-51.226],[-74.4443,-51.2325],[-74.486,-51.1899]]],[[[-74.8414,-51.1656],[-74.9792,-51.184],[-75.0197,-51.2099],[-75.0032,-51.2322],[-74.94,-51.2128],[-74.8792,-51.2189],[-74.847,-51.2448],[-74.8009,-51.1865],[-74.8414,-51.1656]]],[[[-74.9034,-51.0917],[-74.9501,-51.0934],[-74.9891,-51.1125],[-75.0169,-51.1834],[-74.8314,-51.1558],[-74.8157,-51.1228],[-74.848,-51.0974],[-74.9034,-51.0917]]],[[[-74.6101,-51.0883],[-74.682,-51.143],[-74.7526,-51.1369],[-74.7505,-51.1627],[-74.7176,-51.1854],[-74.6602,-51.2013],[-74.6412,-51.1917],[-74.6296,-51.1513],[-74.6047,-51.1643],[-74.5646,-51.1645],[-74.5861,-51.103],[-74.6101,-51.0883]]],[[[-74.4538,-51.0161],[-74.5892,-51.0661],[-74.5645,-51.1536],[-74.5177,-51.1799],[-74.4402,-51.1967],[-74.3862,-51.2212],[-74.3567,-51.1492],[-74.3757,-51.108],[-74.427,-51.1082],[-74.4618,-51.0753],[-74.4275,-51.0578],[-74.4538,-51.0161]]],[[[-74.8598,-50.9845],[-74.8868,-50.9818],[-74.951,-51.0219],[-74.8814,-51.0368],[-74.8357,-51.0021],[-74.8598,-50.9845]]],[[[-75.0346,-50.9715],[-75.0625,-50.9955],[-75.0189,-51.0113],[-74.9743,-50.9919],[-75.0346,-50.9715]]],[[[-74.3086,-50.9089],[-74.3426,-50.9124],[-74.3268,-50.979],[-74.2893,-51.0873],[-74.2949,-51.1096],[-74.2628,-51.2308],[-74.2235,-51.2489],[-74.1965,-51.2101],[-74.1662,-51.2026],[-74.2024,-51.1034],[-74.2849,-50.9371],[-74.3086,-50.9089]]],[[[-74.6361,-50.7097],[-74.6854,-50.7373],[-74.6031,-50.7978],[-74.5953,-50.8295],[-74.6232,-50.8401],[-74.6382,-50.8957],[-74.6642,-50.908],[-74.7833,-50.9082],[-74.8166,-50.8879],[-74.8708,-50.8765],[-74.9067,-50.8851],[-74.9437,-50.9227],[-74.955,-50.9772],[-74.94,-50.9936],[-74.8732,-50.9769],[-74.785,-50.9814],[-74.8348,-51.0039],[-74.8902,-51.0566],[-74.79,-51.0728],[-74.735,-50.9971],[-74.6385,-51.0114],[-74.6423,-51.0308],[-74.7398,-51.0294],[-74.7487,-51.0799],[-74.7311,-51.1061],[-74.6894,-51.1193],[-74.6411,-51.1009],[-74.5576,-51.0385],[-74.4493,-51],[-74.4165,-51.0656],[-74.3543,-51.028],[-74.3865,-50.9295],[-74.3732,-50.8866],[-74.3815,-50.8486],[-74.4431,-50.8161],[-74.4267,-50.7735],[-74.5407,-50.7371],[-74.5911,-50.7429],[-74.6048,-50.7146],[-74.6361,-50.7097]]],[[[-74.8244,-50.6543],[-74.8433,-50.6862],[-74.885,-50.6715],[-74.9242,-50.6954],[-74.9417,-50.7257],[-74.9485,-50.7885],[-74.9008,-50.8035],[-74.9307,-50.8315],[-74.9154,-50.8667],[-74.8715,-50.8667],[-74.7499,-50.8985],[-74.6848,-50.9034],[-74.6359,-50.8172],[-74.6892,-50.8045],[-74.7301,-50.7668],[-74.735,-50.7186],[-74.716,-50.6963],[-74.8244,-50.6543]]],[[[-74.9705,-50.6432],[-75.0156,-50.6593],[-75.0459,-50.6527],[-75.0569,-50.6967],[-75.0986,-50.7149],[-75.0669,-50.7504],[-75.0541,-50.7858],[-74.9875,-50.8175],[-74.9738,-50.8043],[-74.9705,-50.6432]]],[[[-74.4803,-50.5328],[-74.5179,-50.5356],[-74.5092,-50.5783],[-74.4649,-50.5489],[-74.4803,-50.5328]]],[[[-74.6166,-50.5085],[-74.6874,-50.5215],[-74.6627,-50.5613],[-74.6567,-50.6087],[-74.5854,-50.5624],[-74.5788,-50.5366],[-74.6166,-50.5085]]],[[[-75.3697,-50.4643],[-75.423,-50.4708],[-75.4743,-50.5013],[-75.4325,-50.5524],[-75.3773,-50.5757],[-75.4495,-50.6112],[-75.4456,-50.6426],[-75.4849,-50.6442],[-75.5086,-50.6693],[-75.4335,-50.6801],[-75.4525,-50.7134],[-75.42,-50.7417],[-75.428,-50.7634],[-75.374,-50.791],[-75.3426,-50.7808],[-75.2967,-50.8007],[-75.2531,-50.7801],[-75.2365,-50.7454],[-75.2566,-50.722],[-75.2319,-50.705],[-75.2612,-50.6495],[-75.2272,-50.6374],[-75.1674,-50.5906],[-75.1555,-50.5695],[-75.0762,-50.5232],[-75.0714,-50.4999],[-75.1352,-50.4946],[-75.2387,-50.4979],[-75.3697,-50.4643]]],[[[-75.0361,-50.4083],[-75.0707,-50.4104],[-75.0916,-50.4485],[-75.0726,-50.4762],[-75.0323,-50.4736],[-75.0119,-50.4345],[-75.0361,-50.4083]]],[[[-74.234,-50.8483],[-74.1453,-50.8461],[-74.1527,-50.774],[-74.196,-50.7321],[-74.2125,-50.6715],[-74.2641,-50.6215],[-74.2962,-50.6062],[-74.3397,-50.5405],[-74.3558,-50.4618],[-74.4635,-50.4744],[-74.5408,-50.4129],[-74.6195,-50.4457],[-74.6909,-50.4897],[-74.6291,-50.4947],[-74.5734,-50.5122],[-74.4792,-50.5175],[-74.4421,-50.5533],[-74.5233,-50.5962],[-74.5328,-50.6219],[-74.601,-50.6252],[-74.558,-50.6598],[-74.5486,-50.6962],[-74.5077,-50.7328],[-74.4232,-50.762],[-74.3669,-50.7982],[-74.3326,-50.8397],[-74.2661,-50.7839],[-74.2255,-50.7783],[-74.206,-50.817],[-74.234,-50.8483]]],[[[-75.3404,-50.3654],[-75.3932,-50.4028],[-75.3564,-50.4182],[-75.3143,-50.3749],[-75.3404,-50.3654]]],[[[-75.3786,-50.3403],[-75.3867,-50.3567],[-75.4032,-50.3772],[-75.4765,-50.4053],[-75.4234,-50.4225],[-75.4042,-50.3877],[-75.3615,-50.3552],[-75.3779,-50.3469],[-75.3786,-50.3403]]],[[[-74.6894,-50.3499],[-74.7558,-50.393],[-74.7307,-50.4192],[-74.7833,-50.4898],[-74.7513,-50.5158],[-74.5906,-50.429],[-74.5396,-50.405],[-74.5802,-50.3647],[-74.6894,-50.3499]]],[[[-74.9304,-50.2676],[-74.9528,-50.2698],[-75.073,-50.348],[-75.0923,-50.382],[-75.0628,-50.4082],[-75.0222,-50.3994],[-74.9894,-50.4098],[-74.9685,-50.3668],[-74.9086,-50.3507],[-74.8826,-50.311],[-74.9304,-50.2676]]],[[[-74.6443,-50.2773],[-74.7038,-50.2786],[-74.733,-50.3163],[-74.6522,-50.3189],[-74.5829,-50.2963],[-74.6443,-50.2773]]],[[[-74.9161,-50.229],[-74.9155,-50.2598],[-74.8601,-50.2859],[-74.8347,-50.2507],[-74.9161,-50.229]]],[[[-75.2239,-50.1967],[-75.2482,-50.2239],[-75.209,-50.2411],[-75.1863,-50.2171],[-75.2239,-50.1967]]],[[[-74.7237,-50.2176],[-74.7422,-50.2527],[-74.6695,-50.2528],[-74.7237,-50.2176]]],[[[-74.7058,-50.0685],[-74.751,-50.0874],[-74.7579,-50.1119],[-74.722,-50.1276],[-74.6838,-50.11],[-74.6611,-50.0786],[-74.7058,-50.0685]]],[[[-75.0389,-50.0229],[-75.0682,-50.0335],[-75.0335,-50.0733],[-75.0145,-50.0288],[-75.0389,-50.0229]]],[[[-75.2968,-49.9931],[-75.4001,-50.017],[-75.4082,-50.0576],[-75.3353,-50.097],[-75.3386,-50.1253],[-75.2282,-50.1613],[-75.1869,-50.1587],[-75.1455,-50.1841],[-75.1656,-50.2553],[-75.205,-50.2575],[-75.3067,-50.206],[-75.246,-50.1864],[-75.363,-50.1465],[-75.4057,-50.157],[-75.4103,-50.206],[-75.4405,-50.226],[-75.4005,-50.2636],[-75.4511,-50.2674],[-75.47,-50.305],[-75.4694,-50.3653],[-75.4183,-50.3738],[-75.3972,-50.3385],[-75.3639,-50.3312],[-75.3742,-50.3421],[-75.3577,-50.3512],[-75.2889,-50.3157],[-75.2705,-50.3285],[-75.2784,-50.3813],[-75.3023,-50.3909],[-75.3306,-50.4405],[-75.225,-50.4539],[-75.1597,-50.4765],[-75.0949,-50.4253],[-75.0887,-50.3955],[-75.154,-50.3924],[-75.111,-50.3485],[-75.0238,-50.3081],[-74.9305,-50.2474],[-74.95,-50.2089],[-74.8676,-50.239],[-74.8314,-50.2306],[-74.7717,-50.1689],[-74.7905,-50.1309],[-74.8678,-50.1043],[-74.8912,-50.1329],[-74.9346,-50.1057],[-74.9554,-50.0676],[-75.0518,-50.1069],[-75.0981,-50.0771],[-75.0937,-50.0507],[-75.1366,-50.0225],[-75.2124,-50.0143],[-75.2413,-50.0601],[-75.2968,-49.9931]]],[[[-75.5393,-49.7009],[-75.5091,-49.7249],[-75.5726,-49.7353],[-75.6301,-49.7756],[-75.5825,-49.8419],[-75.5052,-49.7853],[-75.4488,-49.7609],[-75.3794,-49.748],[-75.3501,-49.7614],[-75.3747,-49.7915],[-75.3758,-49.8207],[-75.3485,-49.8526],[-75.3048,-49.8775],[-75.2505,-49.8839],[-75.2197,-49.8705],[-75.1661,-49.8803],[-75.1565,-49.8387],[-75.1951,-49.7947],[-75.2854,-49.6474],[-75.3146,-49.6073],[-75.3697,-49.5948],[-75.4436,-49.5955],[-75.5262,-49.5872],[-75.5945,-49.6243],[-75.5999,-49.6323],[-75.58,-49.644],[-75.5779,-49.6879],[-75.5393,-49.7009]]],[[[-75.3112,-49.5366],[-75.3318,-49.5634],[-75.3129,-49.5882],[-75.2732,-49.5726],[-75.3112,-49.5366]]],[[[-75.5227,-49.4319],[-75.525,-49.4715],[-75.4561,-49.5043],[-75.4305,-49.4706],[-75.5227,-49.4319]]],[[[-74.3819,-49.4138],[-74.4213,-49.4532],[-74.4361,-49.5147],[-74.4039,-49.539],[-74.4169,-49.6122],[-74.3845,-49.6359],[-74.271,-49.5824],[-74.2331,-49.5503],[-74.2621,-49.529],[-74.3095,-49.4572],[-74.3819,-49.4138]]],[[[-75.1868,-49.1624],[-75.2183,-49.1789],[-75.2051,-49.2112],[-75.1624,-49.2389],[-75.0661,-49.2446],[-75.0443,-49.2267],[-75.127,-49.2008],[-75.1316,-49.1752],[-75.1868,-49.1624]]],[[[-75.6209,-48.9742],[-75.6637,-48.9836],[-75.6634,-49.0198],[-75.622,-49.0136],[-75.6048,-49.0488],[-75.5419,-49.0496],[-75.5216,-49.0666],[-75.4695,-49.0611],[-75.4559,-49.0382],[-75.5166,-49.0006],[-75.6209,-48.9742]]],[[[-75.0449,-49.001],[-75.0749,-48.9814],[-75.1785,-49.0805],[-75.2024,-49.1336],[-75.1625,-49.1496],[-75.0661,-49.1526],[-75.0068,-49.1739],[-74.9531,-49.2414],[-74.8682,-49.2862],[-74.8504,-49.1754],[-74.829,-49.1233],[-74.8241,-49.0763],[-74.8489,-49.047],[-74.9225,-49.0028],[-74.952,-49.0375],[-75.0449,-49.001]]],[[[-74.9913,-48.9646],[-75.0699,-48.9739],[-74.9608,-49.0299],[-74.9565,-48.9918],[-74.9913,-48.9646]]],[[[-75.5852,-49.15],[-75.6257,-49.1842],[-75.594,-49.2136],[-75.5658,-49.2134],[-75.465,-49.2439],[-75.4252,-49.2182],[-75.4419,-49.2027],[-75.4073,-49.1537],[-75.372,-49.177],[-75.2659,-49.1037],[-75.2369,-49.0736],[-75.2724,-49.0253],[-75.2805,-48.9339],[-75.3387,-48.9544],[-75.4196,-49.0315],[-75.4059,-49.0415],[-75.4845,-49.0801],[-75.5441,-49.0929],[-75.587,-49.1324],[-75.5852,-49.15]]],[[[-75.2276,-48.769],[-75.2541,-48.7953],[-75.2193,-48.8373],[-75.3572,-48.797],[-75.5108,-48.8066],[-75.5779,-48.8209],[-75.5995,-48.8519],[-75.6336,-48.8634],[-75.6136,-48.9232],[-75.5269,-48.9615],[-75.449,-49.0373],[-75.359,-48.9548],[-75.2796,-48.9237],[-75.2598,-48.9831],[-75.2501,-49.0482],[-75.1901,-49.0492],[-75.1053,-48.964],[-75.0747,-48.9452],[-75.0039,-48.9357],[-75.0555,-48.9044],[-75.0186,-48.895],[-75.0142,-48.8719],[-75.0531,-48.8321],[-75.145,-48.7904],[-75.2276,-48.769]]],[[[-75.2902,-48.7586],[-75.3289,-48.7755],[-75.3036,-48.8056],[-75.2528,-48.8118],[-75.2902,-48.7586]]],[[[-71.8746,-53.6826],[-71.9193,-53.7006],[-71.8436,-53.7499],[-71.7604,-53.7655],[-71.7256,-53.7908],[-71.6422,-53.8116],[-71.584,-53.8115],[-71.4716,-53.8441],[-71.4101,-53.8508],[-71.3056,-53.8952],[-71.2454,-53.8893],[-71.0788,-53.8336],[-71.0373,-53.8032],[-70.9734,-53.7818],[-70.9656,-53.7202],[-70.9742,-53.6811],[-70.9233,-53.6243],[-70.9365,-53.5459],[-70.9604,-53.4958],[-70.9884,-53.39],[-70.9605,-53.3625],[-70.9342,-53.3042],[-70.9488,-53.2529],[-70.9176,-53.1714],[-70.8544,-53.1312],[-70.8786,-53.1015],[-70.8154,-53.0067],[-70.8259,-52.9625],[-70.7815,-52.9371],[-70.86,-52.9229],[-70.8362,-52.8944],[-70.8379,-52.8611],[-70.7933,-52.8127],[-70.7963,-52.7557],[-70.7314,-52.718],[-70.7178,-52.7485],[-70.554,-52.6762],[-70.5624,-52.7186],[-70.5263,-52.7257],[-70.3946,-52.6797],[-70.3201,-52.6411],[-70.2752,-52.6358],[-70.2153,-52.6524],[-70.1642,-52.5884],[-70.1019,-52.5776],[-69.9303,-52.5262],[-69.846,-52.4878],[-69.7761,-52.5274],[-69.7041,-52.5441],[-69.6706,-52.5384],[-69.6337,-52.5082],[-69.5424,-52.4542],[-69.5744,-52.4293],[-69.5382,-52.3965],[-69.4839,-52.3878],[-69.4799,-52.2962],[-69.4395,-52.257],[-69.3235,-52.2351],[-69.2293,-52.1994],[-69.1386,-52.1988],[-69.0501,-52.2339],[-68.9694,-52.2913],[-68.786,-52.3186],[-68.7414,-52.3084],[-68.6278,-52.3206],[-68.586,-52.3067],[-68.7097,-52.2855],[-68.838,-52.2777],[-68.9869,-52.2036],[-69.0786,-52.1835],[-69.1901,-52.15],[-69.4861,-52.1516],[-69.9955,-52.0007],[-70.5,-52],[-71,-52],[-71.5,-52],[-71.8904,-52.0001],[-72.0102,-51.9774],[-72.0336,-51.9602],[-71.9386,-51.9084],[-71.9669,-51.8651],[-72.0255,-51.809],[-72.1309,-51.7431],[-72.1847,-51.7352],[-72.1998,-51.713],[-72.2962,-51.6999],[-72.2876,-51.6326],[-72.3191,-51.6254],[-72.3382,-51.5841],[-72.3815,-51.594],[-72.4414,-51.5853],[-72.4304,-51.5547],[-72.3928,-51.5237],[-72.3446,-51.5206],[-72.354,-51.4935],[-72.3244,-51.4758],[-72.3381,-51.4244],[-72.308,-51.3774],[-72.3579,-51.3182],[-72.3077,-51.3074],[-72.2735,-51.2861],[-72.2586,-51.2442],[-72.3139,-51.2096],[-72.3481,-51.204],[-72.3595,-51.1689],[-72.3947,-51.1451],[-72.4085,-51.1076],[-72.3762,-51.08],[-72.3731,-51.0224],[-72.2786,-51.0293],[-72.2647,-51.0015],[-72.2632,-50.9444],[-72.2488,-50.8792],[-72.2963,-50.7905],[-72.3488,-50.7549],[-72.347,-50.7299],[-72.3023,-50.7022],[-72.2856,-50.6599],[-72.3378,-50.6494],[-72.3608,-50.617],[-72.4045,-50.6369],[-72.4257,-50.6168],[-72.481,-50.6018],[-72.5472,-50.6222],[-72.5743,-50.6473],[-72.577,-50.6762],[-72.6926,-50.6491],[-72.7266,-50.6177],[-72.8465,-50.6516],[-72.8927,-50.6709],[-72.9338,-50.7031],[-72.9551,-50.741],[-73.008,-50.762],[-73.0419,-50.7612],[-73.0696,-50.7892],[-73.1497,-50.7678],[-73.1985,-50.7407],[-73.1448,-50.6524],[-73.1936,-50.6153],[-73.2438,-50.5941],[-73.2871,-50.5894],[-73.3312,-50.5622],[-73.3645,-50.5186],[-73.3583,-50.4287],[-73.3978,-50.3708],[-73.4361,-50.3628],[-73.3626,-50.3011],[-73.4545,-50.2341],[-73.4243,-50.2059],[-73.5215,-50.1536],[-73.5151,-50.1082],[-73.4816,-50.084],[-73.4362,-50.0112],[-73.446,-49.9642],[-73.5038,-49.966],[-73.5606,-49.9421],[-73.5484,-49.9093],[-73.5108,-49.88],[-73.4833,-49.8367],[-73.4909,-49.8169],[-73.4598,-49.7994],[-73.4536,-49.7992],[-73.4518,-49.7987],[-73.4507,-49.7985],[-73.4491,-49.7981],[-73.4501,-49.7889],[-73.3088,-49.736],[-73.2168,-49.669],[-73.1302,-49.5246],[-73.0542,-49.4653],[-73.0418,-49.4198],[-73.0771,-49.3809],[-73.0821,-49.2832],[-73.1328,-49.2668],[-73.1428,-49.2117],[-73.2348,-49.1554],[-73.5591,-48.9605],[-73.9592,-48.722],[-73.9763,-48.716],[-74.0433,-48.7279],[-74.1537,-48.7014],[-74.2097,-48.728],[-74.2783,-48.7257],[-74.3259,-48.7413],[-74.4018,-48.8036],[-74.403,-48.8784],[-74.3119,-48.9263],[-74.3632,-48.9441],[-74.3622,-48.989],[-74.4132,-48.9771],[-74.4244,-49.0211],[-74.4178,-49.0633],[-74.346,-49.0659],[-74.3682,-49.1122],[-74.3466,-49.1601],[-74.3667,-49.1929],[-74.3597,-49.2754],[-74.3449,-49.3245],[-74.384,-49.3624],[-74.3909,-49.3886],[-74.3431,-49.4246],[-74.3084,-49.4287],[-74.2778,-49.4549],[-74.2148,-49.5351],[-74.1726,-49.5451],[-74.1543,-49.5222],[-74.1444,-49.4101],[-74.1055,-49.3534],[-74.0946,-49.2672],[-74.0268,-49.2138],[-73.9896,-49.2289],[-74.0063,-49.2568],[-74.047,-49.2842],[-74.044,-49.3481],[-74.0725,-49.4087],[-74.0561,-49.447],[-74.0728,-49.5057],[-73.9797,-49.5254],[-73.8867,-49.5236],[-73.8511,-49.5459],[-73.8344,-49.6112],[-73.8074,-49.6462],[-73.8607,-49.649],[-73.8842,-49.5766],[-73.9364,-49.556],[-73.9826,-49.5632],[-74.0125,-49.5478],[-74.0766,-49.5398],[-74.0906,-49.5606],[-74.1403,-49.574],[-74.2004,-49.5766],[-74.306,-49.6426],[-74.29,-49.7164],[-74.2563,-49.7373],[-74.179,-49.7291],[-74.266,-49.8005],[-74.3341,-49.8064],[-74.3226,-49.8829],[-74.2764,-49.9069],[-74.1326,-49.9189],[-74.0934,-49.9695],[-74.0225,-49.9834],[-73.9235,-50.0235],[-73.9821,-50.037],[-74.0733,-49.9977],[-74.1147,-50.0062],[-74.2167,-49.9419],[-74.2743,-49.9506],[-74.3119,-49.9239],[-74.3438,-49.9467],[-74.3519,-50.0019],[-74.274,-50.0758],[-74.1979,-50.1223],[-74.2068,-50.1587],[-74.1507,-50.2118],[-74.166,-50.2472],[-74.2093,-50.2012],[-74.2583,-50.1829],[-74.2443,-50.1492],[-74.2593,-50.1278],[-74.3048,-50.1112],[-74.3651,-50.0524],[-74.4276,-50.0212],[-74.5725,-50.0709],[-74.572,-50.1033],[-74.648,-50.1366],[-74.6826,-50.1622],[-74.7053,-50.2028],[-74.6746,-50.2216],[-74.5789,-50.2441],[-74.522,-50.2804],[-74.5407,-50.3081],[-74.4762,-50.3369],[-74.4591,-50.359],[-74.353,-50.3972],[-74.3349,-50.352],[-74.2926,-50.3017],[-74.2585,-50.3176],[-74.2936,-50.3416],[-74.3257,-50.4048],[-74.308,-50.4268],[-74.2268,-50.4498],[-74.1369,-50.4378],[-74.09,-50.4603],[-74.0798,-50.4973],[-74.1655,-50.4827],[-74.1982,-50.4664],[-74.2839,-50.488],[-74.2603,-50.5379],[-74.227,-50.5599],[-74.2079,-50.6311],[-74.1691,-50.6767],[-74.1549,-50.7291],[-74.0512,-50.692],[-74.0479,-50.728],[-74.1265,-50.7663],[-74.0288,-50.8426],[-74.0007,-50.8319],[-73.9242,-50.8414],[-73.9001,-50.8037],[-73.822,-50.7746],[-73.8169,-50.7494],[-73.8304,-50.6774],[-73.7909,-50.627],[-73.7996,-50.6009],[-73.7691,-50.5618],[-73.7565,-50.5074],[-73.6564,-50.4816],[-73.6345,-50.4924],[-73.6097,-50.4294],[-73.5709,-50.4633],[-73.6225,-50.5008],[-73.6938,-50.4933],[-73.7458,-50.5345],[-73.6918,-50.571],[-73.6442,-50.6174],[-73.5605,-50.6246],[-73.6011,-50.655],[-73.6384,-50.6341],[-73.6946,-50.6567],[-73.7618,-50.6561],[-73.7989,-50.6833],[-73.7718,-50.7436],[-73.7863,-50.8034],[-73.8356,-50.7991],[-73.8749,-50.8493],[-73.8381,-50.8603],[-73.7931,-50.8941],[-73.797,-50.9163],[-73.7424,-50.937],[-73.7597,-50.9634],[-73.8504,-50.9373],[-73.8655,-50.8743],[-73.9072,-50.8684],[-73.9792,-50.8887],[-74.0363,-50.8856],[-74.0962,-50.8698],[-74.1679,-50.8776],[-74.2325,-50.925],[-74.2452,-50.9627],[-74.2177,-50.9955],[-74.2073,-51.0546],[-74.145,-51.0648],[-74.1097,-51.1316],[-74.1247,-51.183],[-74.0792,-51.203],[-74.0016,-51.2056],[-73.9954,-51.1492],[-73.9618,-51.1529],[-73.9357,-51.2086],[-73.8955,-51.2583],[-73.7502,-51.1747],[-73.7275,-51.1406],[-73.6626,-51.2803],[-73.6906,-51.2759],[-73.6962,-51.2155],[-73.7207,-51.1879],[-73.774,-51.213],[-73.7682,-51.245],[-73.7099,-51.2905],[-73.7076,-51.3737],[-73.6791,-51.4302],[-73.6362,-51.4535],[-73.6231,-51.4849],[-73.6806,-51.5278],[-73.7227,-51.4556],[-73.7807,-51.437],[-73.8056,-51.3958],[-73.8529,-51.3955],[-73.8931,-51.3684],[-73.916,-51.4065],[-73.9593,-51.4152],[-73.924,-51.4675],[-73.979,-51.4874],[-73.9731,-51.5074],[-73.9231,-51.5179],[-73.8537,-51.5515],[-73.8565,-51.5806],[-73.9243,-51.5949],[-73.9193,-51.6229],[-73.8333,-51.627],[-73.8195,-51.6687],[-73.7605,-51.7139],[-73.7095,-51.7876],[-73.6654,-51.7441],[-73.641,-51.6977],[-73.6032,-51.7182],[-73.5951,-51.7447],[-73.5574,-51.7752],[-73.5172,-51.8449],[-73.5556,-51.8686],[-73.5855,-51.8106],[-73.6452,-51.8227],[-73.6409,-51.8687],[-73.6184,-51.8853],[-73.5657,-52.0178],[-73.521,-52.0367],[-73.5228,-52.0643],[-73.4055,-52.0951],[-73.3782,-52.1339],[-73.3451,-52.1321],[-73.2701,-52.1615],[-73.261,-52.0983],[-73.2834,-52.0279],[-73.2871,-51.9734],[-73.3179,-51.8839],[-73.257,-51.9318],[-73.2714,-51.9519],[-73.2604,-52.0242],[-73.2305,-52.0983],[-73.1525,-52.0951],[-73.1601,-52.023],[-73.1246,-51.9383],[-73.0748,-51.9138],[-73.0234,-51.9071],[-72.9682,-51.8855],[-72.9366,-51.8922],[-72.9117,-51.8526],[-72.9759,-51.8012],[-73.0353,-51.8219],[-73.0438,-51.7862],[-73.0138,-51.7561],[-73.0932,-51.6971],[-73.1636,-51.7188],[-73.2244,-51.6818],[-73.1473,-51.6696],[-73.1349,-51.7015],[-73.089,-51.6758],[-73.0532,-51.7085],[-73.0093,-51.7174],[-72.971,-51.7698],[-72.8693,-51.7522],[-72.8123,-51.7622],[-72.7699,-51.8132],[-72.711,-51.8127],[-72.6502,-51.8292],[-72.6127,-51.8177],[-72.5506,-51.7776],[-72.5531,-51.7467],[-72.5302,-51.7186],[-72.6015,-51.7124],[-72.6454,-51.68],[-72.6886,-51.6958],[-72.745,-51.6068],[-72.7966,-51.587],[-72.9296,-51.5634],[-72.9988,-51.5106],[-73.0333,-51.5301],[-73.075,-51.4891],[-73.1538,-51.4903],[-73.213,-51.5072],[-73.2672,-51.4907],[-73.2259,-51.4686],[-73.1773,-51.4666],[-73.1193,-51.4437],[-73.0353,-51.4877],[-72.9441,-51.5037],[-72.906,-51.5446],[-72.8425,-51.5437],[-72.8239,-51.56],[-72.7444,-51.561],[-72.6996,-51.5786],[-72.683,-51.6296],[-72.6326,-51.6597],[-72.516,-51.7024],[-72.5125,-51.7342],[-72.4559,-51.7714],[-72.5116,-51.8417],[-72.4598,-51.881],[-72.4629,-51.9208],[-72.5298,-51.9482],[-72.6065,-51.9566],[-72.6527,-51.9338],[-72.6674,-52.0485],[-72.6384,-52.0818],[-72.5659,-52.1347],[-72.5229,-52.1866],[-72.4739,-52.2164],[-72.5077,-52.2961],[-72.5188,-52.3524],[-72.5844,-52.4014],[-72.6432,-52.4047],[-72.6678,-52.4202],[-72.6054,-52.4475],[-72.5855,-52.4395],[-72.5313,-52.4685],[-72.5583,-52.4822],[-72.6043,-52.4508],[-72.6594,-52.435],[-72.7369,-52.434],[-72.8378,-52.4645],[-72.8695,-52.4831],[-72.9087,-52.4729],[-72.8173,-52.4318],[-72.7841,-52.4275],[-72.7087,-52.3489],[-72.6266,-52.3516],[-72.5893,-52.3339],[-72.5988,-52.2872],[-72.5653,-52.2299],[-72.5433,-52.2141],[-72.6199,-52.1189],[-72.6699,-52.1306],[-72.6907,-52.0963],[-72.7318,-52.0649],[-72.7228,-52.0177],[-72.751,-51.965],[-72.8063,-51.9395],[-72.8804,-51.964],[-72.9059,-52.0747],[-72.9361,-52.0667],[-72.9705,-52.1055],[-72.9615,-52.18],[-72.8942,-52.2127],[-72.8758,-52.1866],[-72.8749,-52.1392],[-72.8453,-52.1191],[-72.8223,-52.0754],[-72.7607,-52.0587],[-72.7546,-52.0842],[-72.7961,-52.1005],[-72.8461,-52.1493],[-72.8869,-52.2688],[-72.9418,-52.2605],[-72.937,-52.2219],[-72.9963,-52.181],[-73.0565,-52.183],[-73.0819,-52.2325],[-73.1286,-52.2244],[-73.0197,-52.111],[-73.0258,-52.0642],[-73.1623,-52.1222],[-73.2325,-52.1136],[-73.232,-52.1765],[-73.2523,-52.2],[-73.3654,-52.221],[-73.4058,-52.1657],[-73.4517,-52.1328],[-73.4711,-52.1663],[-73.5363,-52.1907],[-73.5415,-52.1443],[-73.5724,-52.1432],[-73.6593,-52.0673],[-73.662,-52.0379],[-73.7062,-52.0242],[-73.7341,-52.0453],[-73.6356,-52.143],[-73.627,-52.1751],[-73.5962,-52.2091],[-73.5487,-52.2294],[-73.5931,-52.2672],[-73.5939,-52.3175],[-73.5442,-52.3314],[-73.5617,-52.3581],[-73.5502,-52.3917],[-73.6183,-52.3917],[-73.6502,-52.4302],[-73.6124,-52.4611],[-73.5345,-52.4686],[-73.5787,-52.5251],[-73.5925,-52.561],[-73.6682,-52.6343],[-73.6241,-52.6748],[-73.6465,-52.7005],[-73.7172,-52.7388],[-73.6952,-52.7611],[-73.6512,-52.7518],[-73.5917,-52.7536],[-73.5391,-52.706],[-73.4789,-52.6835],[-73.4048,-52.6803],[-73.4278,-52.7252],[-73.3793,-52.7314],[-73.3271,-52.6939],[-73.2484,-52.7007],[-73.2525,-52.7357],[-73.2988,-52.7485],[-73.2982,-52.8014],[-73.3202,-52.8255],[-73.3841,-52.7955],[-73.4214,-52.8198],[-73.4958,-52.7933],[-73.5332,-52.7949],[-73.5702,-52.8177],[-73.4645,-52.8617],[-73.3519,-52.883],[-73.3567,-52.8997],[-73.2698,-52.9393],[-73.3257,-52.9543],[-73.3599,-52.9972],[-73.4314,-53.0137],[-73.4205,-53.042],[-73.3777,-53.0689],[-73.2124,-53.1129],[-73.1711,-53.0997],[-73.1247,-53.1121],[-73.0266,-53.0739],[-72.989,-53.076],[-72.9698,-53.02],[-72.9422,-53.0052],[-72.975,-52.945],[-72.9427,-52.9067],[-73.0183,-52.8615],[-73.0089,-52.8481],[-72.9217,-52.8146],[-72.8708,-52.8172],[-72.6832,-52.6932],[-72.6832,-52.6635],[-72.7921,-52.6325],[-72.8536,-52.5839],[-72.8376,-52.54],[-72.7637,-52.5776],[-72.6778,-52.5483],[-72.5681,-52.5868],[-72.5314,-52.5498],[-72.4933,-52.5491],[-72.3947,-52.5129],[-72.3883,-52.5583],[-72.4895,-52.5556],[-72.5595,-52.6104],[-72.5108,-52.6261],[-72.4538,-52.6603],[-72.4097,-52.6131],[-72.3521,-52.5807],[-72.338,-52.5369],[-72.2815,-52.5282],[-72.2392,-52.5514],[-72.126,-52.5173],[-72.075,-52.5475],[-71.9686,-52.559],[-71.939,-52.5439],[-71.8184,-52.5545],[-71.7661,-52.5683],[-71.692,-52.5611],[-71.6377,-52.5773],[-71.5596,-52.5627],[-71.5243,-52.5887],[-71.46,-52.6635],[-71.3835,-52.7216],[-71.3983,-52.7504],[-71.3586,-52.8074],[-71.2508,-52.7926],[-71.1469,-52.8285],[-71.1164,-52.8851],[-71.1192,-52.9124],[-71.1932,-52.952],[-71.2453,-52.9894],[-71.2611,-53.0325],[-71.3231,-53.0781],[-71.3407,-53.113],[-71.4074,-53.14],[-71.5076,-53.144],[-71.5436,-53.1698],[-71.5933,-53.1664],[-71.6063,-53.1997],[-71.67,-53.1993],[-71.7312,-53.2315],[-71.76,-53.2695],[-71.7799,-53.3265],[-71.7496,-53.3726],[-71.7694,-53.4146],[-71.7481,-53.4472],[-71.7785,-53.4916],[-71.821,-53.5223],[-71.8937,-53.5327],[-72.0049,-53.5667],[-72.0048,-53.5249],[-71.9216,-53.5121],[-71.8557,-53.4783],[-71.837,-53.4844],[-71.7695,-53.4397],[-71.8266,-53.3644],[-71.8253,-53.2738],[-71.8563,-53.2325],[-71.9089,-53.2356],[-71.9783,-53.2254],[-72.0211,-53.2337],[-72.044,-53.2862],[-72.0212,-53.3361],[-72.0179,-53.3783],[-72.0767,-53.386],[-72.0915,-53.4117],[-72.1645,-53.4353],[-72.0954,-53.3589],[-72.1205,-53.2529],[-72.1492,-53.2594],[-72.1743,-53.2636],[-72.2907,-53.2509],[-72.343,-53.272],[-72.4198,-53.3185],[-72.4676,-53.3751],[-72.4686,-53.4239],[-72.3974,-53.5043],[-72.3452,-53.534],[-72.1479,-53.6675],[-72.0296,-53.7069],[-72.0061,-53.6936],[-71.9371,-53.7035],[-71.8746,-53.6826]]],[[[-75.2532,-49.6182],[-75.2529,-49.656],[-75.1052,-49.865],[-75.0582,-49.8674],[-75.0466,-49.8989],[-75.0118,-49.9028],[-74.9839,-49.8826],[-74.9946,-49.8614],[-74.9275,-49.7987],[-74.9165,-49.7527],[-74.9727,-49.7065],[-74.9335,-49.658],[-74.9272,-49.6215],[-74.9807,-49.5945],[-74.9458,-49.5339],[-74.8964,-49.5275],[-74.8133,-49.4716],[-74.7837,-49.4703],[-74.7168,-49.412],[-74.6894,-49.4225],[-74.7851,-49.4873],[-74.8062,-49.4837],[-74.8734,-49.5304],[-74.8597,-49.5554],[-74.8785,-49.6387],[-74.9026,-49.6567],[-74.8744,-49.7099],[-74.886,-49.7826],[-74.8332,-49.8154],[-74.8308,-49.8529],[-74.886,-49.8597],[-74.912,-49.9339],[-74.8834,-49.9504],[-74.8806,-49.9893],[-74.8456,-50.0398],[-74.7538,-50.0475],[-74.669,-50.0415],[-74.6353,-50.059],[-74.4657,-49.959],[-74.4277,-49.9073],[-74.3972,-49.8482],[-74.4068,-49.7798],[-74.3861,-49.7631],[-74.3893,-49.6786],[-74.4399,-49.6241],[-74.4724,-49.5505],[-74.4795,-49.514],[-74.4466,-49.4809],[-74.4282,-49.4107],[-74.3888,-49.3106],[-74.4027,-49.2112],[-74.4008,-49.1677],[-74.4304,-49.1274],[-74.4049,-49.0946],[-74.4484,-49.0537],[-74.4558,-49.0061],[-74.4052,-48.9612],[-74.4506,-48.9114],[-74.4648,-48.8735],[-74.4649,-48.8037],[-74.455,-48.7504],[-74.4612,-48.7051],[-74.4839,-48.6942],[-74.5659,-48.7319],[-74.6152,-48.6845],[-74.637,-48.6905],[-74.6914,-48.6582],[-74.7503,-48.6816],[-74.7816,-48.6728],[-74.8224,-48.6875],[-74.8451,-48.7156],[-74.9863,-48.7649],[-75.0152,-48.8225],[-74.9377,-48.9499],[-74.9374,-48.976],[-74.8689,-49.01],[-74.8091,-49.059],[-74.7746,-49.0757],[-74.8111,-49.1087],[-74.8148,-49.138],[-74.848,-49.2029],[-74.8566,-49.299],[-74.8871,-49.2993],[-74.9718,-49.2405],[-75.0067,-49.2335],[-75.0846,-49.2486],[-75.0998,-49.262],[-75.1688,-49.2516],[-75.2124,-49.2312],[-75.2909,-49.2304],[-75.3062,-49.261],[-75.2383,-49.3765],[-75.1541,-49.4113],[-75.2203,-49.4174],[-75.2549,-49.3851],[-75.3227,-49.2539],[-75.3561,-49.2462],[-75.4494,-49.2738],[-75.4343,-49.3194],[-75.4519,-49.3416],[-75.3922,-49.4812],[-75.3386,-49.4637],[-75.2978,-49.5333],[-75.2622,-49.5307],[-75.254,-49.5677],[-75.2942,-49.603],[-75.2532,-49.6182]]],[[[-74.9558,-48.6014],[-74.9588,-48.6562],[-74.9872,-48.7347],[-74.9321,-48.7409],[-74.8482,-48.7068],[-74.7696,-48.6459],[-74.914,-48.6301],[-74.9558,-48.6014]]],[[[-75.005,-48.5959],[-75.0948,-48.6738],[-75.2061,-48.7314],[-75.2216,-48.7534],[-75.0484,-48.827],[-75.0141,-48.7589],[-74.9919,-48.6741],[-75.005,-48.5959]]]]},"properties":{"code":12}},
{"type":"Feature","geometry":{"type":"MultiPolygon","coordinates":[[[[-75.2346,-48.6169],[-75.3099,-48.6663],[-75.339,-48.7145],[-75.2937,-48.7238],[-75.2137,-48.6747],[-75.2346,-48.6169]]],[[[-75.2503,-48.5853],[-75.2927,-48.6047],[-75.354,-48.6487],[-75.415,-48.6641],[-75.4644,-48.6925],[-75.5045,-48.6758],[-75.5947,-48.6727],[-75.5971,-48.7316],[-75.5423,-48.7705],[-75.4902,-48.7653],[-75.4169,-48.7283],[-75.3588,-48.7141],[-75.2977,-48.6465],[-75.2486,-48.617],[-75.2503,-48.5853]]],[[[-75.3077,-48.4858],[-75.2876,-48.4067],[-75.3552,-48.4081],[-75.4437,-48.439],[-75.5435,-48.4204],[-75.5431,-48.448],[-75.589,-48.467],[-75.5784,-48.5264],[-75.6042,-48.5397],[-75.5788,-48.5947],[-75.5296,-48.6067],[-75.5631,-48.6427],[-75.4627,-48.6814],[-75.3279,-48.627],[-75.2339,-48.5591],[-75.26,-48.5097],[-75.2713,-48.4592],[-75.3077,-48.4858]]],[[[-74.4629,-48.3724],[-74.4532,-48.4326],[-74.4017,-48.463],[-74.4006,-48.5119],[-74.3552,-48.539],[-74.274,-48.5051],[-74.2376,-48.4696],[-74.3246,-48.4275],[-74.3968,-48.4063],[-74.4629,-48.3724]]],[[[-74.1169,-48.352],[-74.1755,-48.3544],[-74.2012,-48.3878],[-74.1016,-48.4552],[-73.9932,-48.4959],[-73.9948,-48.4222],[-74.0051,-48.3931],[-74.0483,-48.4001],[-74.1051,-48.3743],[-74.1169,-48.352]]],[[[-75.4113,-48.2556],[-75.4671,-48.2666],[-75.4932,-48.2953],[-75.4729,-48.3222],[-75.4421,-48.321],[-75.4113,-48.2556]]],[[[-74.2784,-48.2719],[-74.3179,-48.2865],[-74.3672,-48.3284],[-74.4458,-48.3547],[-74.3859,-48.3888],[-74.3079,-48.4104],[-74.2795,-48.4379],[-74.2232,-48.4692],[-74.1557,-48.4457],[-74.1422,-48.4309],[-74.2092,-48.3965],[-74.2441,-48.3435],[-74.2442,-48.2946],[-74.2784,-48.2719]]],[[[-74.7644,-48.1283],[-74.8054,-48.1415],[-74.8265,-48.1708],[-74.8148,-48.1951],[-74.7441,-48.1434],[-74.7644,-48.1283]]],[[[-74.6902,-48.1155],[-74.7137,-48.1474],[-74.7138,-48.2011],[-74.7259,-48.2457],[-74.753,-48.2509],[-74.7668,-48.2901],[-74.7601,-48.3463],[-74.7319,-48.3955],[-74.6565,-48.4474],[-74.6921,-48.4877],[-74.7159,-48.4864],[-74.76,-48.4373],[-74.7618,-48.383],[-74.7962,-48.3781],[-74.8845,-48.4113],[-74.9709,-48.4773],[-74.9518,-48.538],[-74.9533,-48.5802],[-74.8955,-48.615],[-74.7946,-48.6149],[-74.7628,-48.6279],[-74.6844,-48.6265],[-74.6441,-48.6583],[-74.5923,-48.6635],[-74.5553,-48.6894],[-74.4577,-48.6746],[-74.4284,-48.6314],[-74.44,-48.5776],[-74.4877,-48.5661],[-74.5064,-48.607],[-74.5655,-48.536],[-74.5538,-48.4595],[-74.5967,-48.4167],[-74.5532,-48.4084],[-74.5351,-48.3825],[-74.5888,-48.3016],[-74.6126,-48.2941],[-74.6243,-48.2545],[-74.6112,-48.2364],[-74.6657,-48.1978],[-74.6345,-48.1743],[-74.6593,-48.1319],[-74.6902,-48.1155]]],[[[-74.5524,-48.105],[-74.5482,-48.2559],[-74.4948,-48.2951],[-74.4864,-48.3297],[-74.4579,-48.3443],[-74.4101,-48.3318],[-74.3461,-48.2986],[-74.3069,-48.2641],[-74.3212,-48.2444],[-74.4756,-48.1225],[-74.5524,-48.105]]],[[[-75.1687,-48.0673],[-75.1942,-48.0932],[-75.1472,-48.1816],[-75.1397,-48.2277],[-75.1185,-48.2407],[-75.0924,-48.3012],[-75.0475,-48.3323],[-74.9831,-48.4308],[-74.9603,-48.4486],[-74.8973,-48.3959],[-74.8396,-48.3661],[-74.7768,-48.3664],[-74.7669,-48.3454],[-74.7817,-48.2829],[-74.7364,-48.1709],[-74.7774,-48.1829],[-74.7939,-48.2113],[-74.8363,-48.1911],[-74.8389,-48.1597],[-74.9892,-48.0806],[-75.0726,-48.0835],[-75.1687,-48.0673]]],[[[-75.0853,-48.012],[-75.175,-48.0293],[-75.129,-48.0585],[-75.0752,-48.0254],[-75.0853,-48.012]]],[[[-75.314,-47.9968],[-75.3436,-48.0007],[-75.3772,-48.0667],[-75.4247,-48.0397],[-75.5264,-48.0839],[-75.5244,-48.121],[-75.499,-48.1489],[-75.4972,-48.1769],[-75.4517,-48.1808],[-75.4815,-48.2172],[-75.4558,-48.2359],[-75.4022,-48.2245],[-75.4228,-48.3131],[-75.4489,-48.3384],[-75.5,-48.3594],[-75.4838,-48.4042],[-75.4208,-48.4149],[-75.3569,-48.3846],[-75.2865,-48.3813],[-75.2247,-48.4126],[-75.2238,-48.4355],[-75.2562,-48.4661],[-75.2283,-48.5134],[-75.2324,-48.5689],[-75.2147,-48.643],[-75.1843,-48.6869],[-75.1,-48.6513],[-75.007,-48.5926],[-75.0022,-48.5802],[-75.0243,-48.4524],[-75.0745,-48.3833],[-75.1353,-48.3162],[-75.2031,-48.204],[-75.2013,-48.1568],[-75.2693,-48.1346],[-75.2745,-48.111],[-75.2388,-48.0944],[-75.2834,-48.0712],[-75.2723,-48.0382],[-75.314,-47.9968]]],[[[-74.7371,-48.0236],[-74.7479,-48.046],[-74.7305,-48.0929],[-74.6938,-48.0807],[-74.7371,-48.0236]]],[[[-73.6177,-48.0358],[-73.6113,-48.0753],[-73.5674,-48.0701],[-73.6177,-48.0358]]],[[[-74.7445,-47.9019],[-74.7624,-47.9212],[-74.7413,-47.9713],[-74.7392,-48.015],[-74.6859,-48.0267],[-74.694,-47.9422],[-74.7445,-47.9019]]],[[[-75.0591,-47.8777],[-75.0804,-47.8926],[-75.1729,-47.9239],[-75.1943,-47.9554],[-75.0625,-47.9044],[-75.0591,-47.8777]]],[[[-74.5298,-47.8963],[-74.6116,-47.9108],[-74.6023,-47.9619],[-74.5654,-47.9549],[-74.5298,-47.8963]]],[[[-74.9834,-47.8682],[-74.9963,-47.8954],[-75.0692,-47.9304],[-75.1277,-47.931],[-75.2063,-47.9758],[-75.2035,-48.031],[-75.0872,-47.9989],[-75.056,-48.0291],[-75.0857,-48.0671],[-74.9951,-48.0621],[-74.9142,-48.1073],[-74.8866,-48.1129],[-74.8625,-48.1445],[-74.814,-48.1483],[-74.7844,-48.1157],[-74.8118,-48.0798],[-74.753,-48.0399],[-74.7728,-48.0074],[-74.811,-48.0109],[-74.9108,-47.9717],[-74.9634,-47.9424],[-74.9409,-47.9062],[-74.9834,-47.8682]]],[[[-75.0657,-47.854],[-75.105,-47.8533],[-75.1266,-47.9039],[-75.0539,-47.8638],[-75.0657,-47.854]]],[[[-73.702,-47.8656],[-73.7278,-47.869],[-73.7413,-47.9353],[-73.7226,-47.9597],[-73.6657,-47.9952],[-73.6241,-47.9711],[-73.6194,-47.9264],[-73.6436,-47.8798],[-73.702,-47.8656]]],[[[-74.844,-47.7888],[-74.8671,-47.8364],[-74.9143,-47.8466],[-74.9313,-47.8782],[-74.9247,-47.9173],[-74.9462,-47.9487],[-74.8453,-47.9881],[-74.7662,-47.994],[-74.7871,-47.9294],[-74.7567,-47.8861],[-74.7624,-47.8104],[-74.844,-47.7888]]],[[[-74.5375,-47.7996],[-74.6177,-47.8068],[-74.607,-47.8493],[-74.5254,-47.8773],[-74.5129,-47.8232],[-74.5375,-47.7996]]],[[[-74.6818,-47.8559],[-74.6219,-47.8826],[-74.6325,-47.7968],[-74.6997,-47.8184],[-74.6818,-47.8559]]],[[[-74.0355,-47.8733],[-73.9989,-47.8385],[-74.1693,-47.7894],[-74.2379,-47.7785],[-74.2987,-47.8102],[-74.3497,-47.8116],[-74.4695,-47.8879],[-74.3894,-47.9182],[-74.3175,-47.9262],[-74.2896,-47.9567],[-74.2592,-47.9637],[-74.2128,-47.9514],[-74.1261,-47.9483],[-74.0792,-47.928],[-74.0233,-47.9434],[-73.9562,-47.9288],[-73.8937,-47.9008],[-73.8914,-47.9386],[-73.7747,-47.927],[-73.7466,-47.8592],[-73.8046,-47.8403],[-73.8559,-47.8699],[-73.9594,-47.8182],[-73.9922,-47.8405],[-74.0355,-47.8733]]],[[[-73.6133,-47.7965],[-73.6505,-47.8132],[-73.637,-47.8373],[-73.5872,-47.8101],[-73.6133,-47.7965]]],[[[-74.3851,-47.7619],[-74.4395,-47.7807],[-74.4679,-47.8083],[-74.4819,-47.8722],[-74.4594,-47.875],[-74.3392,-47.7898],[-74.3851,-47.7619]]],[[[-74.0587,-47.7765],[-74.1354,-47.7774],[-74.0317,-47.816],[-74.0587,-47.7765]]],[[[-75.0321,-47.6681],[-75.058,-47.6786],[-75.0377,-47.7284],[-74.9582,-47.771],[-74.867,-47.7661],[-74.9156,-47.6924],[-75.0321,-47.6681]]],[[[-75.0786,-47.664],[-75.1223,-47.6903],[-75.1112,-47.7059],[-75.1748,-47.7404],[-75.2767,-47.7146],[-75.3459,-47.7391],[-75.3302,-47.7777],[-75.2865,-47.7575],[-75.2345,-47.7796],[-75.1429,-47.7922],[-75.1331,-47.8407],[-75.0397,-47.8109],[-75.0154,-47.7873],[-75.0378,-47.7594],[-75.0786,-47.664]]],[[[-74.3482,-47.5996],[-74.342,-47.6451],[-74.288,-47.6077],[-74.3482,-47.5996]]],[[[-74.2924,-47.0291],[-74.3616,-47.0362],[-74.4485,-47.0743],[-74.4016,-47.158],[-74.3681,-47.1271],[-74.2811,-47.0912],[-74.2494,-47.0549],[-74.2924,-47.0291]]],[[[-74.6731,-46.8143],[-74.6314,-46.8753],[-74.5922,-46.8555],[-74.5345,-46.8835],[-74.4273,-46.8935],[-74.3943,-46.88],[-74.3853,-46.8481],[-74.4567,-46.8506],[-74.5209,-46.824],[-74.6157,-46.843],[-74.6415,-46.839],[-74.6731,-46.8143]]],[[[-75.208,-46.7181],[-75.1818,-46.7546],[-75.1459,-46.7351],[-75.208,-46.7181]]],[[[-75.2043,-46.6839],[-75.1574,-46.7216],[-75.1397,-46.7002],[-75.2043,-46.6839]]],[[[-73.9137,-46.0941],[-73.9402,-46.1275],[-73.8699,-46.1184],[-73.9137,-46.0941]]],[[[-73.8666,-45.9962],[-73.9004,-46.0019],[-73.9215,-46.0827],[-73.8552,-46.1039],[-73.7851,-46.1898],[-73.7262,-46.2085],[-73.6851,-46.1579],[-73.6441,-46.0816],[-73.6782,-46.0555],[-73.7462,-46.0329],[-73.8065,-46.0238],[-73.8289,-45.9985],[-73.8666,-45.9962]]],[[[-74.0494,-45.8691],[-74.1292,-45.8873],[-74.0717,-45.9044],[-74.0494,-45.8691]]],[[[-73.5286,-45.862],[-73.5803,-45.9034],[-73.5955,-45.946],[-73.6359,-45.9745],[-73.6139,-45.9976],[-73.6103,-46.1009],[-73.6496,-46.2194],[-73.6625,-46.2975],[-73.6438,-46.3035],[-73.576,-46.2563],[-73.5685,-46.2305],[-73.6051,-46.2223],[-73.5381,-46.1844],[-73.5231,-46.1429],[-73.4346,-46.0687],[-73.3982,-46.0128],[-73.3728,-45.9516],[-73.3221,-45.8972],[-73.3784,-45.8974],[-73.4073,-45.8853],[-73.4753,-45.8829],[-73.5286,-45.862]]],[[[-73.6978,-45.8069],[-73.8059,-45.8325],[-73.8115,-45.8501],[-73.9003,-45.8929],[-73.9224,-45.9501],[-73.8872,-45.9952],[-73.8241,-45.9856],[-73.809,-45.946],[-73.7793,-45.9189],[-73.7945,-45.8897],[-73.7065,-45.8793],[-73.7558,-45.9138],[-73.7875,-45.9631],[-73.7972,-46.0047],[-73.6963,-46.0338],[-73.6553,-46.0138],[-73.6649,-45.9273],[-73.685,-45.9142],[-73.6583,-45.8836],[-73.6762,-45.8286],[-73.6978,-45.8069]]],[[[-74.4872,-45.7413],[-74.5582,-45.7649],[-74.5742,-45.7873],[-74.5424,-45.8132],[-74.4991,-45.821],[-74.4635,-45.8049],[-74.4872,-45.7413]]],[[[-73.8323,-45.7648],[-73.8844,-45.8101],[-73.862,-45.8531],[-73.8231,-45.8449],[-73.8116,-45.8189],[-73.7643,-45.8029],[-73.8021,-45.7723],[-73.8323,-45.7648]]],[[[-74.025,-45.7378],[-74.0454,-45.7732],[-74.0949,-45.7947],[-74.0248,-45.853],[-73.9966,-45.934],[-73.9544,-45.9129],[-73.9306,-45.8499],[-73.9407,-45.7832],[-73.8944,-45.7583],[-74.025,-45.7378]]],[[[-74.1931,-45.7398],[-74.2178,-45.7133],[-74.2739,-45.7083],[-74.2901,-45.7448],[-74.3203,-45.75],[-74.3115,-45.7909],[-74.2643,-45.8224],[-74.1691,-45.798],[-74.1243,-45.7972],[-74.1158,-45.7777],[-74.1436,-45.7488],[-74.1931,-45.7398]]],[[[-73.7382,-45.7089],[-73.7527,-45.6839],[-73.8007,-45.6857],[-73.7552,-45.7508],[-73.71,-45.7632],[-73.7095,-45.7247],[-73.7382,-45.7089]]],[[[-74.8257,-45.5987],[-74.8594,-45.6247],[-74.8649,-45.6491],[-74.7707,-45.6869],[-74.7373,-45.6767],[-74.7853,-45.613],[-74.8257,-45.5987]]],[[[-74.521,-45.5769],[-74.6242,-45.6169],[-74.6648,-45.6664],[-74.6838,-45.7165],[-74.6627,-45.7526],[-74.6153,-45.7668],[-74.5853,-45.7615],[-74.5433,-45.7124],[-74.5307,-45.6755],[-74.5486,-45.6644],[-74.5085,-45.6092],[-74.521,-45.5769]]],[[[-73.9837,-45.5345],[-74.0595,-45.5659],[-74.0949,-45.6039],[-74.0656,-45.6378],[-74.0577,-45.6816],[-74.0355,-45.7226],[-73.9615,-45.7347],[-73.8809,-45.6959],[-73.8585,-45.6113],[-73.8883,-45.5727],[-73.9119,-45.5735],[-73.9837,-45.5345]]],[[[-74.3899,-45.4466],[-74.4418,-45.5093],[-74.4616,-45.5707],[-74.4479,-45.607],[-74.4849,-45.6099],[-74.454,-45.6538],[-74.4416,-45.693],[-74.4762,-45.7393],[-74.4484,-45.7838],[-74.3664,-45.7747],[-74.3058,-45.7369],[-74.2904,-45.6916],[-74.2069,-45.6925],[-74.1775,-45.6187],[-74.2124,-45.5822],[-74.2137,-45.5485],[-74.2739,-45.4799],[-74.3212,-45.4591],[-74.3899,-45.4466]]],[[[-74.4317,-45.4367],[-74.4929,-45.4439],[-74.5253,-45.4835],[-74.5318,-45.5347],[-74.4987,-45.5714],[-74.467,-45.5761],[-74.4529,-45.4978],[-74.4222,-45.4658],[-74.4317,-45.4367]]],[[[-74.0307,-45.4251],[-74.0863,-45.4799],[-74.1226,-45.5612],[-74.1026,-45.5919],[-74.068,-45.5478],[-74.0227,-45.5233],[-73.939,-45.5316],[-73.8368,-45.574],[-73.7962,-45.5106],[-73.777,-45.4619],[-73.8233,-45.4511],[-73.8516,-45.4726],[-73.9316,-45.459],[-73.9436,-45.4452],[-74.0307,-45.4251]]],[[[-73.6713,-45.435],[-73.7221,-45.476],[-73.7521,-45.5173],[-73.7785,-45.5841],[-73.7697,-45.6047],[-73.8142,-45.6234],[-73.7681,-45.6696],[-73.7152,-45.688],[-73.6211,-45.7666],[-73.588,-45.7351],[-73.58,-45.6863],[-73.602,-45.6364],[-73.5669,-45.6217],[-73.5768,-45.5747],[-73.5495,-45.5138],[-73.5486,-45.4667],[-73.6713,-45.435]]],[[[-73.7935,-45.3693],[-73.8644,-45.3861],[-73.9266,-45.3773],[-73.9776,-45.3841],[-74.0177,-45.4187],[-73.9592,-45.423],[-73.8775,-45.4518],[-73.8379,-45.4263],[-73.7874,-45.4132],[-73.7935,-45.3693]]],[[[-74.0572,-45.343],[-74.0687,-45.3438],[-74.0735,-45.3739],[-74.0804,-45.3804],[-74.0462,-45.4094],[-74.0209,-45.4088],[-73.984,-45.3786],[-74.0365,-45.3508],[-74.0572,-45.343]]],[[[-74.3056,-45.3236],[-74.2844,-45.3674],[-74.2481,-45.4033],[-74.2283,-45.3921],[-74.2442,-45.3544],[-74.2709,-45.3293],[-74.2894,-45.3324],[-74.3056,-45.3236]]],[[[-74.1727,-45.3217],[-74.2055,-45.3646],[-74.2031,-45.3842],[-74.1266,-45.3667],[-74.1727,-45.3217]]],[[[-74.3963,-45.2825],[-74.4613,-45.2917],[-74.5162,-45.3107],[-74.511,-45.3416],[-74.4696,-45.3762],[-74.3907,-45.3987],[-74.3417,-45.4265],[-74.2613,-45.4086],[-74.3275,-45.311],[-74.3963,-45.2825]]],[[[-73.4996,-45.3183],[-73.5829,-45.3275],[-73.5785,-45.3602],[-73.5425,-45.3535],[-73.4804,-45.3604],[-73.4559,-45.3353],[-73.4996,-45.3183]]],[[[-73.3247,-45.3001],[-73.4234,-45.3006],[-73.4072,-45.3402],[-73.3431,-45.3172],[-73.3247,-45.3001]]],[[[-73.5418,-45.2407],[-73.5737,-45.3069],[-73.5357,-45.3127],[-73.4915,-45.2908],[-73.4872,-45.2643],[-73.5418,-45.2407]]],[[[-73.7652,-45.3577],[-73.7558,-45.3295],[-73.7723,-45.2848],[-73.8286,-45.2487],[-73.8843,-45.2632],[-73.9824,-45.264],[-74.011,-45.2385],[-74.0182,-45.2082],[-74.0496,-45.2042],[-74.1448,-45.2282],[-74.158,-45.2564],[-74.1412,-45.2914],[-74.087,-45.3481],[-74.055,-45.3385],[-74.0493,-45.343],[-73.955,-45.3723],[-73.8457,-45.371],[-73.7652,-45.3577]]],[[[-74.4959,-45.155],[-74.5723,-45.2041],[-74.543,-45.2314],[-74.492,-45.2183],[-74.4799,-45.186],[-74.4959,-45.155]]],[[[-74.3581,-45.1611],[-74.3872,-45.1892],[-74.3991,-45.2376],[-74.3808,-45.2704],[-74.2877,-45.3284],[-74.2765,-45.3135],[-74.2834,-45.2899],[-74.268,-45.281],[-74.275,-45.2436],[-74.261,-45.2431],[-74.2378,-45.2687],[-74.2538,-45.2759],[-74.2613,-45.3004],[-74.2387,-45.3463],[-74.1973,-45.3455],[-74.187,-45.3238],[-74.1978,-45.2768],[-74.1816,-45.2601],[-74.1952,-45.2217],[-74.2394,-45.2146],[-74.3581,-45.1611]]],[[[-74.3719,-45.0407],[-74.4233,-45.1031],[-74.3754,-45.1433],[-74.3213,-45.1447],[-74.2588,-45.1695],[-74.2508,-45.1195],[-74.2905,-45.096],[-74.329,-45.1295],[-74.3627,-45.0999],[-74.2869,-45.0692],[-74.3719,-45.0407]]],[[[-73.3849,-45.0681],[-73.4392,-45.0953],[-73.416,-45.1432],[-73.3966,-45.1538],[-73.332,-45.1566],[-73.3355,-45.1326],[-73.369,-45.1087],[-73.3849,-45.0681]]],[[[-73.807,-44.985],[-73.9049,-44.9946],[-73.9544,-45.0205],[-74.0516,-45.0344],[-74.1715,-45.0297],[-74.1881,-45.0562],[-74.2345,-45.0766],[-74.2155,-45.1673],[-74.1637,-45.1778],[-74.1484,-45.1614],[-74.0849,-45.1679],[-74.0046,-45.2035],[-73.9754,-45.2561],[-73.8792,-45.252],[-73.8093,-45.2366],[-73.758,-45.2838],[-73.6938,-45.2863],[-73.6801,-45.2759],[-73.7209,-45.2358],[-73.6769,-45.1984],[-73.6764,-45.1408],[-73.7084,-45.0573],[-73.754,-45.0426],[-73.807,-44.985]]],[[[-73.6957,-44.9775],[-73.7164,-44.9804],[-73.6898,-45.0397],[-73.6477,-45.0257],[-73.6957,-44.9775]]],[[[-74.2713,-44.8711],[-74.3225,-44.9058],[-74.3896,-44.9129],[-74.4316,-44.8911],[-74.456,-44.9241],[-74.4019,-44.9634],[-74.3197,-44.9432],[-74.3009,-44.9146],[-74.2577,-44.8972],[-74.2713,-44.8711]]],[[[-74.139,-44.8629],[-74.1771,-44.8668],[-74.222,-44.8906],[-74.2412,-44.9218],[-74.386,-45.0027],[-74.3567,-45.0247],[-74.2779,-45.0364],[-74.209,-45.0242],[-74.1903,-45.0004],[-74.1487,-45.0105],[-73.9762,-44.9909],[-73.8921,-44.9612],[-73.9535,-44.8945],[-74.027,-44.8971],[-74.0869,-44.8666],[-74.139,-44.8629]]],[[[-75.1391,-44.7646],[-75.2023,-44.8122],[-75.1481,-44.8727],[-75.1536,-44.9225],[-75.0729,-44.9196],[-75.0357,-44.8933],[-75.0232,-44.8491],[-75.0656,-44.8284],[-75.0984,-44.7766],[-75.1391,-44.7646]]],[[[-73.9929,-44.7708],[-74.1188,-44.8064],[-74.1525,-44.8324],[-74.0737,-44.8382],[-74.0369,-44.8601],[-73.9915,-44.86],[-73.9312,-44.834],[-73.9335,-44.7871],[-73.9929,-44.7708]]],[[[-73.8618,-44.7739],[-73.9096,-44.7897],[-73.9084,-44.8606],[-73.8834,-44.9156],[-73.8245,-44.9602],[-73.7708,-44.9585],[-73.7424,-44.941],[-73.7931,-44.8041],[-73.8618,-44.7739]]],[[[-74.4549,-44.7115],[-74.5348,-44.7397],[-74.4993,-44.7704],[-74.4683,-44.82],[-74.4226,-44.8312],[-74.3818,-44.8602],[-74.3048,-44.8413],[-74.327,-44.8034],[-74.3804,-44.7829],[-74.4293,-44.7191],[-74.4549,-44.7115]]],[[[-73.6121,-44.7348],[-73.673,-44.7569],[-73.7367,-44.7548],[-73.7306,-44.8043],[-73.6801,-44.8415],[-73.6353,-44.8483],[-73.6033,-44.8306],[-73.58,-44.7485],[-73.6121,-44.7348]]],[[[-73.8445,-44.7157],[-73.9147,-44.7212],[-73.8975,-44.7447],[-73.813,-44.7344],[-73.8445,-44.7157]]],[[[-74.4522,-44.6937],[-74.4526,-44.6366],[-74.5111,-44.6207],[-74.5687,-44.6169],[-74.6427,-44.6266],[-74.6434,-44.6746],[-74.6103,-44.6931],[-74.4791,-44.6989],[-74.4522,-44.6937]]],[[[-74.105,-44.5932],[-74.1411,-44.5908],[-74.2733,-44.601],[-74.3013,-44.6206],[-74.3854,-44.6145],[-74.4062,-44.661],[-74.4005,-44.6929],[-74.3669,-44.722],[-74.3374,-44.7764],[-74.2884,-44.798],[-74.236,-44.8074],[-74.2054,-44.7851],[-74.1433,-44.7705],[-74.0937,-44.7687],[-73.9284,-44.6987],[-73.8459,-44.6874],[-73.8681,-44.6507],[-73.9278,-44.6111],[-73.9753,-44.5991],[-74.0474,-44.6021],[-74.105,-44.5932]]],[[[-74.7816,-44.5401],[-74.8068,-44.543],[-74.8199,-44.601],[-74.8006,-44.6549],[-74.7285,-44.6641],[-74.7353,-44.634],[-74.7143,-44.5899],[-74.7394,-44.5495],[-74.7816,-44.5401]]],[[[-73.9075,-44.5629],[-73.9767,-44.5888],[-73.8904,-44.6253],[-73.8932,-44.5772],[-73.9075,-44.5629]]],[[[-73.6818,-44.5311],[-73.7883,-44.5533],[-73.8357,-44.5848],[-73.8802,-44.5956],[-73.8011,-44.6869],[-73.7696,-44.7017],[-73.7408,-44.751],[-73.6771,-44.7421],[-73.6111,-44.7155],[-73.5639,-44.708],[-73.6037,-44.6719],[-73.5841,-44.5918],[-73.6081,-44.5634],[-73.6818,-44.5311]]],[[[-74.1838,-44.4708],[-74.2277,-44.5003],[-74.2874,-44.4913],[-74.3003,-44.5018],[-74.315,-44.4997],[-74.3247,-44.5056],[-74.3386,-44.5092],[-74.3595,-44.5412],[-74.3118,-44.5762],[-74.2399,-44.5696],[-74.2062,-44.5554],[-74.1062,-44.5558],[-74.1838,-44.4708]]],[[[-73.7681,-44.5047],[-73.7879,-44.4819],[-73.8301,-44.4966],[-73.793,-44.5173],[-73.7681,-44.5047]]],[[[-73.8418,-44.4781],[-73.8939,-44.4867],[-73.8784,-44.5247],[-73.835,-44.5131],[-73.8418,-44.4781]]],[[[-73.7557,-44.4798],[-73.7487,-44.5182],[-73.6937,-44.5197],[-73.7216,-44.4873],[-73.7557,-44.4798]]],[[[-73.6723,-44.4758],[-73.6949,-44.4802],[-73.669,-44.5277],[-73.592,-44.536],[-73.6055,-44.5104],[-73.6723,-44.4758]]],[[[-74.1654,-44.4155],[-74.1294,-44.4707],[-73.9743,-44.4795],[-73.9919,-44.5201],[-74.0207,-44.4956],[-74.0897,-44.4954],[-74.1234,-44.5113],[-74.102,-44.5371],[-74.0085,-44.5589],[-73.9217,-44.5394],[-73.9144,-44.5142],[-73.9398,-44.4708],[-73.972,-44.447],[-74.0796,-44.4492],[-74.1654,-44.4155]]],[[[-73.6268,-44.4424],[-73.6351,-44.4806],[-73.5684,-44.4854],[-73.564,-44.4385],[-73.5982,-44.4234],[-73.6268,-44.4424]]],[[[-74.3007,-44.3885],[-74.3579,-44.4094],[-74.3564,-44.4272],[-74.409,-44.4412],[-74.4874,-44.4171],[-74.54,-44.4408],[-74.5581,-44.479],[-74.522,-44.5135],[-74.4031,-44.5428],[-74.3727,-44.5344],[-74.3797,-44.5045],[-74.3648,-44.5013],[-74.3283,-44.5063],[-74.3165,-44.498],[-74.3008,-44.4967],[-74.2885,-44.4884],[-74.2217,-44.4902],[-74.2015,-44.4679],[-74.2463,-44.4043],[-74.3007,-44.3885]]],[[[-73.8234,-44.3729],[-73.8893,-44.4032],[-73.8838,-44.4407],[-73.8128,-44.4633],[-73.7486,-44.4409],[-73.7601,-44.417],[-73.8234,-44.3729]]],[[[-74.3172,-44.3267],[-74.3766,-44.3465],[-74.3398,-44.3864],[-74.3028,-44.3699],[-74.2549,-44.3768],[-74.2539,-44.3498],[-74.3059,-44.3418],[-74.3172,-44.3267]]],[[[-73.6535,-44.3402],[-73.6749,-44.3695],[-73.7829,-44.3649],[-73.7882,-44.3821],[-73.7216,-44.4276],[-73.6571,-44.4395],[-73.6434,-44.4159],[-73.7014,-44.3973],[-73.6277,-44.3785],[-73.6535,-44.3402]]],[[[-72.9729,-44.3639],[-73.0376,-44.3863],[-73.0888,-44.3764],[-73.0954,-44.4057],[-73.2096,-44.4112],[-73.2479,-44.4388],[-73.2571,-44.4805],[-73.2244,-44.5218],[-73.1243,-44.5456],[-73.1562,-44.5618],[-73.2453,-44.5369],[-73.2783,-44.5419],[-73.2646,-44.612],[-73.3081,-44.6016],[-73.353,-44.6063],[-73.4035,-44.5829],[-73.452,-44.6391],[-73.4276,-44.6851],[-73.424,-44.7252],[-73.3568,-44.802],[-73.3095,-44.7754],[-73.2209,-44.7866],[-73.2604,-44.8074],[-73.2892,-44.7924],[-73.3197,-44.8179],[-73.3802,-44.8121],[-73.3912,-44.8313],[-73.3298,-44.8679],[-73.2633,-44.9302],[-73.2152,-44.9375],[-73.0933,-44.9011],[-73.0349,-44.8727],[-72.9967,-44.8283],[-72.896,-44.7575],[-72.8769,-44.763],[-72.821,-44.7344],[-72.7879,-44.6766],[-72.915,-44.6468],[-72.9141,-44.6061],[-72.8518,-44.6407],[-72.8044,-44.6467],[-72.7087,-44.5673],[-72.685,-44.5302],[-72.765,-44.4737],[-72.7704,-44.4534],[-72.8132,-44.4518],[-72.9108,-44.4146],[-72.9579,-44.3868],[-72.9729,-44.3639]]],[[[-74.1394,-44.3029],[-74.1898,-44.3649],[-74.1844,-44.3836],[-74.1012,-44.4162],[-74.0953,-44.363],[-74.1151,-44.3193],[-74.1394,-44.3029]]],[[[-74.0785,-44.2976],[-74.0804,-44.3219],[-74.0503,-44.3935],[-73.9578,-44.4255],[-73.9243,-44.4537],[-73.9025,-44.4397],[-73.9076,-44.3845],[-73.8879,-44.3543],[-73.9601,-44.3385],[-74.0195,-44.3422],[-74.0785,-44.2976]]],[[[-73.2359,-44.3116],[-73.2855,-44.3376],[-73.2929,-44.3697],[-73.2644,-44.3971],[-73.1958,-44.3787],[-73.1667,-44.3867],[-73.1893,-44.3234],[-73.2359,-44.3116]]],[[[-73.051,-44.3099],[-73.0904,-44.3329],[-73.0449,-44.3659],[-72.9796,-44.3489],[-72.9938,-44.3179],[-73.051,-44.3099]]],[[[-73.8055,-44.2617],[-73.8443,-44.2958],[-73.8875,-44.3008],[-73.9381,-44.2568],[-73.9742,-44.2698],[-73.9554,-44.2979],[-73.9443,-44.3249],[-73.8144,-44.3571],[-73.7837,-44.3514],[-73.7628,-44.3249],[-73.7804,-44.2686],[-73.8055,-44.2617]]],[[[-73.9001,-44.2456],[-73.9311,-44.2559],[-73.8884,-44.2919],[-73.8459,-44.2671],[-73.9001,-44.2456]]],[[[-74.3167,-44.2253],[-74.417,-44.2541],[-74.3435,-44.3037],[-74.271,-44.3118],[-74.2314,-44.3016],[-74.253,-44.2556],[-74.3167,-44.2253]]],[[[-74.1374,-44.228],[-74.1923,-44.2624],[-74.1643,-44.2916],[-74.1147,-44.307],[-74.0993,-44.2651],[-74.1374,-44.228]]],[[[-73.6698,-44.2372],[-73.6969,-44.2537],[-73.7442,-44.2525],[-73.7184,-44.3055],[-73.6833,-44.3049],[-73.6314,-44.2619],[-73.6698,-44.2372]]],[[[-74.2789,-44.1295],[-74.337,-44.1293],[-74.3231,-44.1847],[-74.2949,-44.1711],[-74.2315,-44.1634],[-74.2789,-44.1295]]],[[[-74.0172,-44.1367],[-74.0601,-44.1542],[-74.1045,-44.2048],[-74.0722,-44.2535],[-74.0627,-44.2927],[-74.0121,-44.3368],[-73.9556,-44.3344],[-73.9456,-44.3218],[-73.9865,-44.27],[-73.9355,-44.2395],[-73.8605,-44.2363],[-73.8867,-44.197],[-73.953,-44.2002],[-74.0172,-44.1367]]],[[[-73.6651,-44.1541],[-73.7206,-44.1966],[-73.6527,-44.1996],[-73.6651,-44.1541]]],[[[-74.0571,-44.1122],[-74.0851,-44.1112],[-74.1543,-44.162],[-74.1222,-44.1789],[-74.0598,-44.1341],[-74.0571,-44.1122]]],[[[-74.3393,-44.0919],[-74.3517,-44.1181],[-74.2762,-44.1165],[-74.1968,-44.1376],[-74.1927,-44.1148],[-74.3393,-44.0919]]],[[[-73.9244,-44.0956],[-73.9953,-44.1441],[-73.9526,-44.1854],[-73.8725,-44.1891],[-73.8428,-44.2032],[-73.801,-44.1842],[-73.8439,-44.143],[-73.8397,-44.1212],[-73.9244,-44.0956]]],[[[-73.511,-44.1002],[-73.5392,-44.108],[-73.5161,-44.1659],[-73.4459,-44.1312],[-73.511,-44.1002]]],[[[-73.5772,-44.0184],[-73.6123,-44.0322],[-73.5481,-44.0673],[-73.5411,-44.0355],[-73.5772,-44.0184]]],[[[-73.8947,-43.9321],[-73.9234,-43.946],[-73.9069,-43.9701],[-73.85,-43.9924],[-73.7934,-43.9897],[-73.802,-43.9613],[-73.8947,-43.9321]]],[[[-73.6928,-43.934],[-73.7331,-43.9828],[-73.7142,-44.0323],[-73.6501,-44.0738],[-73.6597,-44.1266],[-73.6147,-44.1308],[-73.5768,-44.0977],[-73.5768,-44.0681],[-73.6292,-44.0266],[-73.6147,-43.9998],[-73.6928,-43.934]]],[[[-73.7632,-43.9053],[-73.8393,-43.9076],[-73.8268,-43.9368],[-73.774,-43.9407],[-73.7632,-43.9053]]],[[[-73.1418,-43.8797],[-73.2418,-43.9162],[-73.2654,-43.9704],[-73.2554,-43.9903],[-73.1968,-44.0367],[-73.1468,-44.0138],[-73.1329,-43.9937],[-73.1147,-43.902],[-73.1418,-43.8797]]],[[[-73.7727,-43.8263],[-73.832,-43.8653],[-73.8886,-43.8595],[-73.884,-43.8856],[-73.8503,-43.9014],[-73.7602,-43.8957],[-73.7334,-43.8782],[-73.7727,-43.8263]]],[[[-73.845,-43.772],[-73.8755,-43.7997],[-73.8971,-43.8398],[-73.9586,-43.8472],[-74.0551,-43.806],[-74.1079,-43.8104],[-74.1582,-43.8621],[-74.1478,-43.879],[-74.0751,-43.9052],[-74.0214,-43.9086],[-73.9426,-43.9543],[-73.8693,-43.9083],[-73.9211,-43.8938],[-73.9322,-43.8552],[-73.8142,-43.8505],[-73.788,-43.8263],[-73.8052,-43.7954],[-73.845,-43.772]]],[[[-74.4316,-47.7234],[-74.3914,-47.7366],[-74.3143,-47.7782],[-74.2248,-47.7562],[-74.1561,-47.7809],[-74.1245,-47.7693],[-74.0203,-47.7668],[-73.9914,-47.8074],[-73.9344,-47.8067],[-73.8699,-47.8265],[-73.8161,-47.8001],[-73.7677,-47.7945],[-73.7158,-47.7724],[-73.7363,-47.7266],[-73.7152,-47.6557],[-73.6756,-47.6349],[-73.6796,-47.6012],[-73.6762,-47.5994],[-73.676,-47.5992],[-73.676,-47.5987],[-73.676,-47.5992],[-73.6762,-47.5994],[-73.6796,-47.6012],[-73.6737,-47.6257],[-73.6455,-47.6379],[-73.6838,-47.6588],[-73.7025,-47.6924],[-73.681,-47.7598],[-73.6373,-47.7802],[-73.5757,-47.786],[-73.571,-47.8073],[-73.4938,-47.8312],[-73.4752,-47.8772],[-73.4949,-47.9049],[-73.4305,-47.9437],[-73.3903,-47.9462],[-73.3162,-47.9316],[-73.3067,-47.9517],[-73.387,-47.9645],[-73.4429,-47.9559],[-73.5026,-47.9253],[-73.5036,-47.8829],[-73.6023,-47.8625],[-73.6194,-47.8881],[-73.6056,-47.9314],[-73.6182,-47.9562],[-73.5914,-48.0003],[-73.4626,-48.0992],[-73.4492,-48.1239],[-73.3695,-48.1445],[-73.3183,-48.1755],[-73.3157,-48.2043],[-73.3588,-48.2052],[-73.3826,-48.1763],[-73.4404,-48.1659],[-73.4886,-48.2042],[-73.464,-48.2239],[-73.5036,-48.2461],[-73.5306,-48.2258],[-73.549,-48.129],[-73.6048,-48.1072],[-73.6225,-48.1188],[-73.7086,-48.0687],[-73.7015,-48.0409],[-73.7772,-48.0475],[-73.8307,-48.0397],[-73.8651,-48.015],[-73.9198,-48.038],[-73.9863,-47.9935],[-73.9764,-47.9775],[-74.0551,-47.9677],[-74.2593,-48.0001],[-74.2445,-48.0516],[-74.2076,-48.0951],[-74.1851,-48.1718],[-74.2757,-48.0338],[-74.2867,-48.0005],[-74.3559,-47.9655],[-74.4109,-47.9571],[-74.4907,-47.9282],[-74.5362,-47.9645],[-74.5959,-47.9824],[-74.6048,-48.0429],[-74.5599,-48.0876],[-74.4702,-48.0798],[-74.4484,-48.1232],[-74.3781,-48.1815],[-74.316,-48.2053],[-74.2539,-48.213],[-74.265,-48.2324],[-74.2111,-48.2627],[-74.2024,-48.302],[-74.2288,-48.3201],[-74.1967,-48.3485],[-74.0933,-48.3494],[-74.0541,-48.3891],[-74.004,-48.3884],[-73.976,-48.4067],[-73.98,-48.4997],[-74.0002,-48.5164],[-73.9122,-48.5601],[-73.9212,-48.5811],[-74.0386,-48.5113],[-74.1458,-48.4661],[-74.1949,-48.4797],[-74.2433,-48.5279],[-74.3598,-48.5869],[-74.3468,-48.6093],[-74.3049,-48.6302],[-74.3343,-48.6506],[-74.2435,-48.7179],[-74.2138,-48.7158],[-74.1597,-48.6885],[-74.0635,-48.6978],[-74.0256,-48.7204],[-73.9763,-48.716],[-73.9592,-48.722],[-73.5591,-48.9605],[-73.2348,-49.1554],[-73.1428,-49.2117],[-73.1418,-49.18],[-73.1244,-49.1703],[-73.1203,-49.169],[-73.118,-49.168],[-73.1107,-49.1519],[-73.0823,-49.1452],[-73.0457,-49.081],[-73.0045,-49.0635],[-73.0112,-49.0429],[-72.9469,-48.9462],[-72.9197,-48.9359],[-72.849,-48.9654],[-72.7893,-48.9596],[-72.7396,-48.9032],[-72.6967,-48.8968],[-72.6884,-48.8648],[-72.6396,-48.8662],[-72.6017,-48.8359],[-72.53,-48.7962],[-72.5419,-48.7386],[-72.541,-48.635],[-72.565,-48.5832],[-72.5572,-48.5603],[-72.58,-48.4866],[-72.5355,-48.482],[-72.504,-48.5175],[-72.4431,-48.5132],[-72.3934,-48.4819],[-72.3742,-48.4489],[-72.4051,-48.4143],[-72.3458,-48.3846],[-72.3813,-48.3509],[-72.3424,-48.3451],[-72.28,-48.361],[-72.2444,-48.3474],[-72.228,-48.3185],[-72.3151,-48.2351],[-72.3053,-48.1393],[-72.3591,-48.1001],[-72.3601,-48.0733],[-72.4173,-48.0768],[-72.4433,-48.0625],[-72.4284,-48.0094],[-72.4295,-47.9716],[-72.523,-47.945],[-72.523,-47.91],[-72.4752,-47.8626],[-72.4689,-47.8129],[-72.4999,-47.7882],[-72.5006,-47.7523],[-72.4366,-47.7329],[-72.4504,-47.707],[-72.4186,-47.6943],[-72.4201,-47.6643],[-72.3799,-47.6358],[-72.3534,-47.6372],[-72.3109,-47.5913],[-72.3268,-47.572],[-72.2921,-47.5122],[-72.3088,-47.4806],[-72.3421,-47.4558],[-72.2943,-47.446],[-72.2753,-47.4214],[-72.2226,-47.4052],[-72.1976,-47.4165],[-72.1587,-47.3892],[-72.13,-47.3295],[-72.0465,-47.3391],[-71.9968,-47.295],[-72.0143,-47.2527],[-71.9858,-47.2094],[-71.8926,-47.2138],[-71.8903,-47.1873],[-71.8511,-47.1649],[-71.88,-47.1075],[-71.9552,-47.0769],[-71.9143,-47.0582],[-71.8802,-47.011],[-71.9577,-46.9736],[-71.9701,-46.9038],[-71.9316,-46.8683],[-71.9558,-46.8152],[-71.9062,-46.7982],[-71.8603,-46.8036],[-71.7709,-46.7655],[-71.6903,-46.702],[-71.6478,-46.6883],[-71.6459,-46.638],[-71.6674,-46.6167],[-71.6687,-46.5291],[-71.7568,-46.3462],[-71.7239,-46.2848],[-71.7531,-46.2281],[-71.7942,-46.192],[-71.8601,-46.1939],[-71.9141,-46.1384],[-71.8253,-46.1096],[-71.7605,-46.1096],[-71.7476,-46.0914],[-71.6668,-46.0401],[-71.6478,-45.9862],[-71.6162,-45.9743],[-71.6584,-45.8833],[-71.6941,-45.865],[-71.7551,-45.8541],[-71.7674,-45.8355],[-71.7423,-45.8061],[-71.756,-45.7691],[-71.7988,-45.7115],[-71.7728,-45.6964],[-71.7946,-45.6627],[-71.7821,-45.6324],[-71.7482,-45.6085],[-71.7647,-45.5738],[-71.7417,-45.5405],[-71.7056,-45.5367],[-71.6726,-45.5141],[-71.5543,-45.5225],[-71.4774,-45.4968],[-71.5317,-45.4099],[-71.5278,-45.3917],[-71.4606,-45.3843],[-71.449,-45.3683],[-71.3854,-45.3497],[-71.3333,-45.3187],[-71.3208,-45.2907],[-71.3504,-45.2688],[-71.3332,-45.2413],[-71.3702,-45.2247],[-71.4243,-45.161],[-71.4655,-45.15],[-71.509,-45.0642],[-71.558,-45.0304],[-71.5406,-45],[-71.5599,-44.9779],[-71.6549,-44.9755],[-71.7005,-44.9576],[-71.7445,-44.955],[-71.8148,-44.9197],[-71.8864,-44.95],[-71.9338,-44.9427],[-71.9787,-44.904],[-72.051,-44.8815],[-72.0664,-44.8487],[-72.0322,-44.8016],[-72.0584,-44.7934],[-72.0641,-44.7574],[-72.0064,-44.7838],[-71.9587,-44.7856],[-71.9289,-44.8033],[-71.8502,-44.8015],[-71.7835,-44.7516],[-71.7354,-44.7688],[-71.6754,-44.7707],[-71.6713,-44.7874],[-71.4965,-44.7377],[-71.471,-44.7377],[-71.3948,-44.7907],[-71.3272,-44.8087],[-71.2765,-44.81],[-71.2363,-44.7679],[-71.2057,-44.7513],[-71.2142,-44.7108],[-71.1947,-44.6866],[-71.2344,-44.6519],[-71.1864,-44.5937],[-71.1141,-44.5951],[-71.0963,-44.5852],[-71.0917,-44.5353],[-71.1596,-44.4945],[-71.1289,-44.4711],[-71.1683,-44.4427],[-71.2359,-44.4215],[-71.3236,-44.4278],[-71.3898,-44.3858],[-71.5517,-44.4089],[-71.6401,-44.3991],[-71.6694,-44.4094],[-71.6955,-44.3838],[-71.7944,-44.4146],[-71.8213,-44.3919],[-71.8401,-44.3508],[-71.7861,-44.331],[-71.8085,-44.2866],[-71.8129,-44.2383],[-71.7818,-44.2202],[-71.7978,-44.1929],[-71.8414,-44.1639],[-71.8469,-44.1104],[-71.7801,-44.1118],[-71.737,-44.067],[-71.7903,-44.0551],[-71.8217,-44.0109],[-71.828,-43.9827],[-71.8076,-43.9549],[-71.8567,-43.9292],[-71.9164,-43.9401],[-71.9588,-43.9258],[-71.9626,-43.9647],[-72.0263,-43.9581],[-72.0325,-43.9416],[-72.0975,-43.9448],[-72.0997,-43.9436],[-72.1055,-43.9395],[-72.1063,-43.9387],[-72.0817,-43.9079],[-72.0794,-43.9069],[-72.0785,-43.8994],[-72.0794,-43.8986],[-72.1099,-43.8869],[-72.1107,-43.8861],[-72.1139,-43.8796],[-72.1148,-43.8789],[-72.1433,-43.8872],[-72.1441,-43.8863],[-72.1456,-43.8847],[-72.1465,-43.8839],[-72.1821,-43.8942],[-72.1826,-43.8932],[-72.1859,-43.8722],[-72.1867,-43.8714],[-72.193,-43.8674],[-72.1946,-43.8665],[-72.1948,-43.8658],[-72.1952,-43.8599],[-72.1961,-43.8596],[-72.1979,-43.8584],[-72.2034,-43.8539],[-72.1925,-43.843],[-72.1933,-43.8424],[-72.2516,-43.8418],[-72.254,-43.8419],[-72.2815,-43.8319],[-72.2822,-43.8312],[-72.2407,-43.8068],[-72.2467,-43.8016],[-72.2501,-43.796],[-72.2509,-43.7956],[-72.2548,-43.7943],[-72.2579,-43.7937],[-72.2924,-43.7908],[-72.2929,-43.7901],[-72.2944,-43.788],[-72.295,-43.7874],[-72.3029,-43.7812],[-72.3035,-43.7806],[-72.2733,-43.7575],[-72.2757,-43.756],[-72.2927,-43.7494],[-72.2928,-43.7487],[-72.2949,-43.7443],[-72.2966,-43.7431],[-72.2991,-43.7414],[-72.2998,-43.7405],[-72.3032,-43.7356],[-72.3041,-43.7351],[-72.3086,-43.7329],[-72.3091,-43.7322],[-72.3051,-43.7223],[-72.3036,-43.721],[-72.2983,-43.7135],[-72.2994,-43.7132],[-72.3174,-43.7096],[-72.3181,-43.7089],[-72.3244,-43.6807],[-72.333,-43.6747],[-72.4168,-43.704],[-72.4192,-43.7216],[-72.4214,-43.7245],[-72.4798,-43.7464],[-72.4784,-43.7472],[-72.4761,-43.7488],[-72.4752,-43.7502],[-72.4838,-43.7593],[-72.4837,-43.7609],[-72.4837,-43.7698],[-72.4801,-43.7723],[-72.5198,-43.7936],[-72.521,-43.793],[-72.5226,-43.7889],[-72.5279,-43.7854],[-72.5541,-43.7786],[-72.5556,-43.7774],[-72.5754,-43.7737],[-72.5779,-43.7701],[-72.5848,-43.7667],[-72.5877,-43.7615],[-72.6113,-43.7553],[-72.7508,-43.7688],[-72.7522,-43.7688],[-72.7618,-43.7704],[-72.7636,-43.7701],[-72.7669,-43.7628],[-72.7677,-43.762],[-72.7724,-43.7594],[-72.7732,-43.7588],[-72.7667,-43.7511],[-72.7673,-43.7502],[-72.798,-43.7426],[-72.7989,-43.7422],[-72.7832,-43.7255],[-72.7842,-43.7241],[-72.7822,-43.7172],[-72.7835,-43.7154],[-72.7748,-43.7012],[-72.776,-43.6998],[-72.7666,-43.6855],[-72.7668,-43.6849],[-72.7903,-43.6743],[-72.7927,-43.6714],[-72.7893,-43.6537],[-72.7914,-43.6512],[-72.7909,-43.6444],[-72.7953,-43.6413],[-72.8308,-43.6706],[-72.8313,-43.6729],[-72.8435,-43.6968],[-72.8424,-43.6972],[-72.8402,-43.698],[-72.8398,-43.6988],[-72.846,-43.7098],[-72.8438,-43.7137],[-72.8529,-43.7302],[-72.852,-43.7311],[-72.8519,-43.7322],[-72.896,-43.7369],[-72.8968,-43.7363],[-72.8966,-43.7349],[-72.8998,-43.7322],[-72.9009,-43.7298],[-72.9018,-43.7286],[-72.9062,-43.7281],[-72.9068,-43.7276],[-72.9083,-43.7128],[-72.9091,-43.7118],[-72.9146,-43.711],[-72.9197,-43.7069],[-72.9202,-43.706],[-72.9215,-43.7049],[-72.9213,-43.701],[-72.9215,-43.7],[-72.9396,-43.6973],[-72.9414,-43.6978],[-72.976,-43.7159],[-72.9777,-43.714],[-73.036,-43.7346],[-73.0397,-43.7353],[-73.047,-43.738],[-72.8953,-43.7638],[-72.8243,-43.7669],[-72.8466,-43.7927],[-72.8835,-43.7916],[-72.9523,-43.8157],[-72.9804,-43.8131],[-73.0063,-43.8459],[-73.0439,-43.8609],[-73.0579,-43.886],[-73.0303,-43.9165],[-73.0875,-43.9314],[-73.1218,-43.9728],[-73.1189,-44.0424],[-73.1046,-44.0949],[-73.1267,-44.1056],[-73.153,-44.063],[-73.208,-44.0648],[-73.2111,-44.1187],[-73.2544,-44.1125],[-73.2688,-44.1465],[-73.2711,-44.1852],[-73.1807,-44.201],[-73.1525,-44.1924],[-73.126,-44.161],[-73.0938,-44.188],[-73.1742,-44.2181],[-73.1827,-44.2479],[-73.0867,-44.2729],[-73.0573,-44.262],[-72.9633,-44.2975],[-72.8933,-44.3308],[-72.9184,-44.3603],[-72.9079,-44.3767],[-72.8078,-44.4005],[-72.773,-44.4277],[-72.7733,-44.4278],[-72.7296,-44.4493],[-72.7162,-44.4991],[-72.6649,-44.5031],[-72.6378,-44.4472],[-72.6408,-44.4123],[-72.582,-44.3925],[-72.599,-44.4604],[-72.5815,-44.5029],[-72.656,-44.5417],[-72.6844,-44.6273],[-72.7175,-44.6626],[-72.699,-44.694],[-72.6916,-44.7725],[-72.7397,-44.7445],[-72.7976,-44.7897],[-72.8482,-44.8098],[-72.8816,-44.8432],[-72.9317,-44.8668],[-72.959,-44.8562],[-73.052,-44.9218],[-73.1053,-44.9383],[-73.1455,-44.9343],[-73.2181,-44.9624],[-73.3075,-44.951],[-73.3521,-44.9548],[-73.376,-45.0157],[-73.3645,-45.0635],[-73.3231,-45.0928],[-73.3042,-45.1274],[-73.2738,-45.1496],[-73.3037,-45.1694],[-73.3101,-45.2025],[-73.3605,-45.19],[-73.4262,-45.1887],[-73.4652,-45.2054],[-73.5099,-45.1977],[-73.4983,-45.2443],[-73.4521,-45.252],[-73.4249,-45.2745],[-73.3153,-45.2898],[-73.2725,-45.246],[-73.2091,-45.2387],[-73.1411,-45.2893],[-73.1063,-45.2982],[-73.0551,-45.3386],[-73.0358,-45.3747],[-73.0068,-45.396],[-72.8894,-45.4202],[-72.8797,-45.3928],[-72.8206,-45.3781],[-72.7984,-45.4321],[-72.8729,-45.4713],[-72.9804,-45.4467],[-73.0548,-45.4062],[-73.1057,-45.3943],[-73.1468,-45.359],[-73.151,-45.3134],[-73.1953,-45.2924],[-73.2208,-45.3136],[-73.2933,-45.3293],[-73.3281,-45.3463],[-73.3832,-45.3928],[-73.4434,-45.417],[-73.4913,-45.4671],[-73.5255,-45.654],[-73.5415,-45.6739],[-73.5459,-45.7459],[-73.5645,-45.7795],[-73.4713,-45.7423],[-73.4357,-45.7177],[-73.3615,-45.6346],[-73.2752,-45.6118],[-73.2648,-45.6506],[-73.2029,-45.6441],[-73.1486,-45.676],[-73.1897,-45.6889],[-73.2857,-45.676],[-73.3894,-45.7055],[-73.4186,-45.7394],[-73.4934,-45.7892],[-73.5312,-45.825],[-73.5199,-45.8482],[-73.4193,-45.8695],[-73.3727,-45.8921],[-73.3346,-45.8918],[-73.266,-45.8768],[-73.2264,-45.8888],[-73.3162,-45.8995],[-73.3282,-45.916],[-73.3645,-45.9481],[-73.3825,-45.9819],[-73.3697,-46.0073],[-73.3811,-46.0407],[-73.4222,-46.098],[-73.5066,-46.1783],[-73.5302,-46.2411],[-73.5567,-46.2729],[-73.4364,-46.2901],[-73.4219,-46.3168],[-73.554,-46.3008],[-73.6229,-46.326],[-73.665,-46.3719],[-73.7213,-46.4148],[-73.7406,-46.4714],[-73.8073,-46.576],[-73.8636,-46.5897],[-73.8704,-46.5678],[-73.938,-46.5601],[-73.8862,-46.5111],[-73.8619,-46.4571],[-73.7872,-46.3965],[-73.7613,-46.3642],[-73.7228,-46.2644],[-73.7259,-46.2325],[-73.7721,-46.2052],[-73.8075,-46.2008],[-73.8626,-46.1342],[-73.9501,-46.1426],[-73.978,-46.1796],[-74.0503,-46.1944],[-74.1299,-46.2293],[-74.1463,-46.2179],[-74.0567,-46.1863],[-73.9823,-46.1466],[-73.9394,-46.0742],[-73.948,-46.0262],[-73.9693,-46.0252],[-74.0116,-45.9745],[-74.0153,-45.9204],[-74.0703,-45.9203],[-74.1376,-45.8918],[-74.0994,-45.8696],[-74.0599,-45.8604],[-74.0495,-45.8475],[-74.0736,-45.8171],[-74.1104,-45.8086],[-74.2157,-45.819],[-74.2726,-45.8427],[-74.29,-45.8102],[-74.3494,-45.7993],[-74.4273,-45.8242],[-74.4367,-45.8812],[-74.387,-45.9343],[-74.3822,-45.9767],[-74.4074,-45.9936],[-74.4101,-46.0316],[-74.4483,-46.0208],[-74.427,-45.9851],[-74.4185,-45.9399],[-74.4879,-45.8941],[-74.5241,-45.8392],[-74.6227,-45.8303],[-74.6711,-45.8416],[-74.6846,-45.816],[-74.8038,-45.8407],[-74.7814,-45.8679],[-74.8344,-45.8707],[-74.8815,-45.8885],[-74.911,-45.8613],[-74.9758,-45.8825],[-75.0244,-45.8578],[-75.0894,-45.8901],[-75.0609,-45.9665],[-75.0003,-46.0069],[-74.9559,-46.0266],[-75.0594,-46.0454],[-75.0479,-46.0897],[-75.0149,-46.1123],[-74.928,-46.1186],[-74.8631,-46.1076],[-74.8282,-46.0673],[-74.7611,-46.0327],[-74.7094,-45.9958],[-74.6612,-46.0415],[-74.742,-46.0499],[-74.7432,-46.0818],[-74.7729,-46.1152],[-74.7603,-46.1573],[-74.7228,-46.1778],[-74.7432,-46.1984],[-74.7866,-46.1685],[-74.8432,-46.1508],[-74.8727,-46.1748],[-74.8981,-46.1856],[-74.9172,-46.2232],[-74.9599,-46.2407],[-74.9991,-46.2156],[-75.0396,-46.2244],[-75.0949,-46.2847],[-75.1021,-46.323],[-75.1489,-46.3237],[-75.1796,-46.37],[-75.2186,-46.3721],[-75.2578,-46.4145],[-75.2952,-46.4034],[-75.3086,-46.4282],[-75.3534,-46.4552],[-75.3476,-46.496],[-75.3897,-46.504],[-75.4269,-46.5298],[-75.4639,-46.5152],[-75.5024,-46.5348],[-75.4642,-46.5617],[-75.5181,-46.5932],[-75.5967,-46.5871],[-75.5984,-46.6475],[-75.6392,-46.6793],[-75.6355,-46.7559],[-75.6251,-46.7783],[-75.6444,-46.8067],[-75.5818,-46.8259],[-75.5884,-46.859],[-75.5555,-46.8946],[-75.4954,-46.9158],[-75.5054,-46.9452],[-75.4363,-46.9662],[-75.3803,-46.9552],[-75.2713,-46.9046],[-75.2542,-46.8528],[-75.3073,-46.8293],[-75.3098,-46.7881],[-75.3738,-46.7684],[-75.3903,-46.7143],[-75.4735,-46.7126],[-75.4796,-46.6833],[-75.3777,-46.6429],[-75.3218,-46.6741],[-75.2736,-46.6426],[-75.2039,-46.6394],[-75.1061,-46.6144],[-75.022,-46.5561],[-75.0112,-46.5213],[-74.9297,-46.5116],[-74.9864,-46.5575],[-75.0405,-46.6183],[-75.0179,-46.6883],[-74.9747,-46.716],[-74.968,-46.7417],[-74.9139,-46.7444],[-74.828,-46.7744],[-74.7846,-46.8066],[-74.7692,-46.7756],[-74.7343,-46.801],[-74.6564,-46.8156],[-74.6375,-46.8386],[-74.6022,-46.8301],[-74.6021,-46.7831],[-74.4833,-46.7893],[-74.4252,-46.7667],[-74.3205,-46.7546],[-74.3034,-46.7703],[-74.2197,-46.7569],[-74.253,-46.8056],[-74.208,-46.8348],[-74.1425,-46.8969],[-74.0679,-46.9809],[-74.1338,-46.9961],[-74.1701,-47.0361],[-74.1929,-47.0843],[-74.1442,-47.1631],[-74.0878,-47.1677],[-74.104,-47.197],[-74.1457,-47.1858],[-74.1774,-47.2598],[-74.2128,-47.1885],[-74.2754,-47.2057],[-74.3025,-47.2462],[-74.359,-47.2887],[-74.3874,-47.3218],[-74.4453,-47.3532],[-74.4583,-47.408],[-74.4861,-47.4176],[-74.4501,-47.4614],[-74.3407,-47.5277],[-74.2785,-47.4975],[-74.2985,-47.5513],[-74.2852,-47.5826],[-74.2562,-47.5892],[-74.1848,-47.5648],[-74.1347,-47.5949],[-74.1719,-47.6096],[-74.2108,-47.5987],[-74.2529,-47.6283],[-74.1917,-47.6372],[-74.1551,-47.6302],[-74.0595,-47.6328],[-74.1026,-47.6562],[-74.1539,-47.6421],[-74.1874,-47.6495],[-74.2504,-47.6393],[-74.2984,-47.6549],[-74.3871,-47.6614],[-74.3482,-47.5996],[-74.3642,-47.5464],[-74.4254,-47.5219],[-74.4934,-47.5199],[-74.5557,-47.5421],[-74.5891,-47.5652],[-74.6067,-47.6126],[-74.6376,-47.6347],[-74.6838,-47.6932],[-74.6768,-47.7212],[-74.6129,-47.7524],[-74.5125,-47.7651],[-74.4316,-47.7234]]]]},"properties":{"code":11}},
{"type":"Feature","geometry":{"type":"Polygon","coordinates":[[[-68.5455,-25.2989],[-68.5836,-25.2879],[-68.586,-25.2895],[-68.612,-25.2983],[-68.6131,-25.2992],[-68.6625,-25.31],[-68.664,-25.3122],[-68.6683,-25.345],[-68.7269,-25.3903],[-68.7496,-25.3814],[-68.7828,-25.403],[-68.8007,-25.3847],[-68.8041,-25.3805],[-68.9108,-25.3755],[-68.9622,-25.3878],[-68.9628,-25.3854],[-69.0359,-25.4423],[-69.0136,-25.452],[-69.0125,-25.453],[-69.0028,-25.4618],[-69.0024,-25.4628],[-68.9958,-25.5055],[-69.0244,-25.511],[-69.0521,-25.5437],[-69.0705,-25.5858],[-69.0508,-25.6364],[-69.0707,-25.6898],[-69.0947,-25.72],[-69.0709,-25.7404],[-69.073,-25.7414],[-69.079,-25.7482],[-69.079,-25.7498],[-69.087,-25.7679],[-69.0882,-25.7698],[-69.0961,-25.788],[-69.0954,-25.789],[-69.1116,-25.8046],[-69.1127,-25.8055],[-69.1133,-25.8065],[-69.18,-25.8218],[-69.1816,-25.8226],[-69.2297,-25.8391],[-69.2459,-25.8593],[-69.3033,-25.8698],[-69.3484,-25.8663],[-69.3815,-25.8801],[-69.4269,-25.8564],[-69.4509,-25.8932],[-69.5028,-25.9151],[-69.503,-25.9487],[-69.6438,-25.942],[-69.6457,-25.9417],[-69.6747,-25.943],[-69.7303,-25.919],[-69.7904,-25.9238],[-69.7908,-25.9241],[-69.8194,-25.9239],[-69.8565,-25.9429],[-69.8816,-25.9136],[-69.8818,-25.9135],[-69.9077,-25.8946],[-69.9582,-25.9014],[-70.023,-25.9199],[-70.0507,-25.944],[-70.0757,-25.9639],[-70.0999,-25.9515],[-70.1017,-25.9514],[-70.1608,-25.9422],[-70.1628,-25.9411],[-70.1692,-25.94],[-70.172,-25.9401],[-70.1745,-25.942],[-70.1996,-25.9418],[-70.2302,-25.9181],[-70.2608,-25.9308],[-70.2629,-25.9303],[-70.2854,-25.9016],[-70.2887,-25.9003],[-70.2914,-25.8995],[-70.2943,-25.8973],[-70.3209,-25.9267],[-70.3227,-25.93],[-70.3372,-25.9268],[-70.3377,-25.9281],[-70.3991,-25.9392],[-70.402,-25.9387],[-70.4184,-25.9494],[-70.4191,-25.951],[-70.4468,-25.9573],[-70.4505,-25.9586],[-70.4795,-25.9701],[-70.4815,-25.9687],[-70.4876,-25.9731],[-70.4888,-25.9747],[-70.5138,-26.001],[-70.5153,-26.0015],[-70.5164,-26.0017],[-70.5243,-26.0051],[-70.5241,-26.0072],[-70.5262,-26.0096],[-70.5277,-26.0096],[-70.5449,-26.008],[-70.549,-26.0078],[-70.5666,-26.0032],[-70.5692,-26.0029],[-70.5798,-26.0028],[-70.5834,-26.0041],[-70.6057,-26.0054],[-70.606,-26.007],[-70.6192,-26.061],[-70.6573,-26.061],[-70.6538,-26.1321],[-70.6694,-26.1448],[-70.673,-26.2014],[-70.6469,-26.2552],[-70.6753,-26.29],[-70.6449,-26.305],[-70.6278,-26.3473],[-70.6593,-26.3621],[-70.701,-26.4193],[-70.6861,-26.4493],[-70.6897,-26.4894],[-70.7045,-26.5044],[-70.6856,-26.5505],[-70.6993,-26.5836],[-70.7292,-26.6904],[-70.7582,-26.7103],[-70.7381,-26.7566],[-70.7853,-26.7841],[-70.8128,-26.8578],[-70.834,-26.8783],[-70.8098,-26.9071],[-70.7914,-27.0033],[-70.8243,-27.0352],[-70.8074,-27.0513],[-70.8684,-27.0932],[-70.8549,-27.1202],[-70.8972,-27.1432],[-70.9354,-27.1094],[-70.9734,-27.1686],[-70.947,-27.2187],[-70.9514,-27.2709],[-70.9374,-27.2879],[-70.9339,-27.3301],[-70.9643,-27.3629],[-70.9337,-27.404],[-70.9259,-27.437],[-70.8887,-27.4808],[-70.908,-27.5544],[-70.8996,-27.6229],[-70.9445,-27.6661],[-70.9706,-27.6619],[-71.0075,-27.689],[-71.0318,-27.6588],[-71.0522,-27.7461],[-71.0857,-27.7901],[-71.0887,-27.8229],[-71.1106,-27.8545],[-71.1043,-27.8934],[-71.1231,-27.9099],[-71.1488,-27.9899],[-71.1404,-28.0245],[-71.1533,-28.0438],[-71.1447,-28.077],[-71.1826,-28.1036],[-71.1667,-28.1257],[-71.1538,-28.2292],[-71.1784,-28.2746],[-71.1806,-28.3264],[-71.1602,-28.3583],[-71.1914,-28.3853],[-71.1891,-28.4037],[-71.2191,-28.4639],[-71.2564,-28.4756],[-71.2581,-28.5415],[-71.2963,-28.568],[-71.2816,-28.6254],[-71.2959,-28.6804],[-71.3657,-28.7473],[-71.3786,-28.7945],[-71.4446,-28.8387],[-71.4814,-28.8476],[-71.5171,-28.9078],[-71.4963,-28.9807],[-71.5018,-29.0203],[-71.4789,-29.0599],[-71.492,-29.0774],[-71.4619,-29.1033],[-71.5037,-29.1448],[-71.4975,-29.1832],[-71.4152,-29.1843],[-71.3761,-29.1522],[-71.3744,-29.1505],[-71.3515,-29.1415],[-71.28,-29.1867],[-71.2651,-29.1776],[-71.2039,-29.1856],[-71.2028,-29.1861],[-71.1834,-29.2839],[-71.1554,-29.2979],[-71.1054,-29.2972],[-71.0852,-29.3088],[-71.0934,-29.3495],[-71.0944,-29.351],[-71.0598,-29.3566],[-71.0196,-29.3348],[-71.0089,-29.2858],[-70.9882,-29.2671],[-70.9882,-29.2406],[-70.9659,-29.1692],[-70.9548,-29.1636],[-70.9071,-29.1305],[-70.9048,-29.131],[-70.844,-29.144],[-70.8021,-29.139],[-70.7501,-29.1066],[-70.7489,-29.1059],[-70.7156,-29.0842],[-70.7242,-29.0575],[-70.6872,-29.0475],[-70.647,-29.0544],[-70.6069,-29.0379],[-70.5365,-29.0753],[-70.5369,-29.0764],[-70.5409,-29.0822],[-70.5414,-29.0826],[-70.5311,-29.1258],[-70.4942,-29.1617],[-70.4869,-29.2267],[-70.4632,-29.2647],[-70.4781,-29.2906],[-70.4557,-29.3098],[-70.4692,-29.3507],[-70.4592,-29.3819],[-70.3929,-29.3982],[-70.3654,-29.37],[-70.3048,-29.3736],[-70.2538,-29.4169],[-70.225,-29.4613],[-70.2009,-29.4799],[-70.1928,-29.5187],[-70.14,-29.5305],[-70.0587,-29.524],[-70.0571,-29.5234],[-70.0487,-29.5214],[-70.0468,-29.5216],[-69.9883,-29.4953],[-69.9516,-29.501],[-69.9549,-29.4634],[-69.9812,-29.452],[-69.967,-29.427],[-69.981,-29.4014],[-70.0106,-29.3943],[-70.016,-29.3191],[-69.9971,-29.2851],[-69.9503,-29.2656],[-69.9372,-29.2481],[-69.952,-29.2167],[-69.8836,-29.144],[-69.8388,-29.1291],[-69.7917,-29.1347],[-69.7859,-29.0989],[-69.7947,-29.0571],[-69.7683,-28.99],[-69.755,-28.9847],[-69.7544,-28.9358],[-69.7663,-28.9008],[-69.7462,-28.8819],[-69.7454,-28.8501],[-69.7229,-28.8414],[-69.7055,-28.8052],[-69.7013,-28.7511],[-69.729,-28.7388],[-69.7266,-28.6703],[-69.7016,-28.6402],[-69.6935,-28.5944],[-69.662,-28.5836],[-69.6696,-28.5558],[-69.6585,-28.4443],[-69.6347,-28.3839],[-69.597,-28.3924],[-69.5788,-28.3507],[-69.5241,-28.3305],[-69.4995,-28.2828],[-69.5008,-28.2627],[-69.475,-28.2381],[-69.4803,-28.2148],[-69.4481,-28.1866],[-69.3932,-28.2234],[-69.3806,-28.1817],[-69.3352,-28.163],[-69.3076,-28.1283],[-69.2969,-28.0786],[-69.2637,-28.0474],[-69.2662,-28.0151],[-69.2349,-27.9662],[-69.1811,-27.9723],[-69.1559,-27.9318],[-69.1214,-27.8984],[-69.1323,-27.8732],[-69.0902,-27.7874],[-69.0853,-27.7153],[-69.0449,-27.6989],[-69.06,-27.6607],[-69.0395,-27.595],[-69.0059,-27.5849],[-68.9731,-27.543],[-68.9414,-27.5181],[-68.9492,-27.488],[-68.9883,-27.4471],[-68.9593,-27.4302],[-68.9361,-27.4454],[-68.9205,-27.409],[-68.8927,-27.3926],[-68.8934,-27.3558],[-68.8695,-27.3174],[-68.8244,-27.2942],[-68.8679,-27.2629],[-68.8563,-27.2316],[-68.8587,-27.1913],[-68.8249,-27.1468],[-68.8083,-27.1458],[-68.7879,-27.1037],[-68.7513,-27.1114],[-68.6703,-27.0987],[-68.6545,-27.1363],[-68.6217,-27.1692],[-68.5767,-27.1758],[-68.5589,-27.1167],[-68.5404,-27.1097],[-68.4936,-27.1362],[-68.4654,-27.0912],[-68.3464,-27.033],[-68.3052,-27.0412],[-68.2998,-27.0168],[-68.3159,-26.9753],[-68.2632,-26.9183],[-68.3477,-26.814],[-68.3643,-26.8002],[-68.4373,-26.7021],[-68.588,-26.4921],[-68.5651,-26.3171],[-68.5574,-26.2865],[-68.3811,-26.1779],[-68.4198,-25.9765],[-68.4403,-25.8928],[-68.4785,-25.706],[-68.5462,-25.6294],[-68.541,-25.5969],[-68.5191,-25.5731],[-68.5626,-25.5059],[-68.5895,-25.4484],[-68.5879,-25.4236],[-68.523,-25.375],[-68.5213,-25.3296],[-68.5455,-25.2989]]]},"properties":{"code":3}},
{"type":"Feature","geometry":{"type":"Polygon","coordinates":[[[-71.6587,-31.0816],[-71.6516,-31.1105],[-71.6685,-31.1507],[-71.6396,-31.2449],[-71.6371,-31.3034],[-71.6148,-31.3264],[-71.6178,-31.395],[-71.604,-31.4029],[-71.5827,-31.4819],[-71.5693,-31.5028],[-71.5807,-31.5896],[-71.5578,-31.6237],[-71.5435,-31.6968],[-71.545,-31.7401],[-71.5051,-31.7696],[-71.5182,-31.8065],[-71.5421,-31.8301],[-71.5006,-31.8709],[-71.5152,-31.9085],[-71.5035,-31.9486],[-71.5206,-32.0099],[-71.5106,-32.0248],[-71.5313,-32.1068],[-71.5143,-32.129],[-71.5415,-32.1774],[-71.5406,-32.1779],[-71.5404,-32.1781],[-71.5032,-32.1809],[-71.4923,-32.1589],[-71.4225,-32.1864],[-71.341,-32.2028],[-71.279,-32.1784],[-71.2785,-32.1782],[-71.2529,-32.169],[-71.2388,-32.1413],[-71.2116,-32.1279],[-71.1824,-32.17],[-71.1811,-32.171],[-71.1126,-32.1291],[-71.0841,-32.101],[-71.0309,-32.0689],[-71.0416,-32.0335],[-70.8766,-32.0632],[-70.8034,-32.0345],[-70.7711,-32.04],[-70.7381,-32.0213],[-70.7015,-32.0328],[-70.6917,-32.0619],[-70.657,-32.0549],[-70.6536,-32.1339],[-70.5939,-32.1639],[-70.5433,-32.1747],[-70.456,-32.1725],[-70.4571,-32.2138],[-70.433,-32.227],[-70.4376,-32.2705],[-70.4153,-32.2822],[-70.3635,-32.2548],[-70.3206,-32.2692],[-70.3029,-32.2116],[-70.3187,-32.1316],[-70.3491,-32.0877],[-70.3442,-32.0422],[-70.2882,-32.0512],[-70.2483,-32.0236],[-70.2503,-31.9923],[-70.2082,-31.978],[-70.2405,-31.9179],[-70.28,-31.8839],[-70.3439,-31.8867],[-70.3919,-31.8795],[-70.4545,-31.8492],[-70.4512,-31.8092],[-70.4679,-31.7494],[-70.4593,-31.7351],[-70.475,-31.6936],[-70.5133,-31.69],[-70.512,-31.6486],[-70.5316,-31.6378],[-70.5666,-31.5833],[-70.5519,-31.5115],[-70.5692,-31.4728],[-70.5516,-31.4548],[-70.56,-31.4208],[-70.5336,-31.4094],[-70.5301,-31.3753],[-70.547,-31.3143],[-70.5265,-31.2781],[-70.5094,-31.1487],[-70.4519,-31.086],[-70.4324,-31.1016],[-70.3999,-31.1678],[-70.3639,-31.1397],[-70.3687,-31.1114],[-70.3218,-31.0432],[-70.298,-31.0199],[-70.293,-30.9706],[-70.3216,-30.925],[-70.2959,-30.8477],[-70.2772,-30.8126],[-70.2513,-30.6511],[-70.2212,-30.5829],[-70.1915,-30.55],[-70.1817,-30.511],[-70.1952,-30.4924],[-70.136,-30.4595],[-70.1172,-30.4318],[-70.1543,-30.3465],[-70.1039,-30.3548],[-70.0633,-30.3946],[-70.0245,-30.3965],[-69.9945,-30.3789],[-69.9551,-30.3857],[-69.9042,-30.3417],[-69.9077,-30.3163],[-69.8792,-30.2578],[-69.8849,-30.2181],[-69.8356,-30.2192],[-69.8091,-30.1536],[-69.8178,-30.1277],[-69.8476,-30.13],[-69.9052,-30.106],[-69.9297,-30.1198],[-69.9638,-30.0883],[-69.9141,-30.0255],[-69.9268,-30.0029],[-69.8989,-29.959],[-69.9043,-29.9184],[-69.8883,-29.9045],[-69.9131,-29.8073],[-69.8797,-29.7337],[-69.8824,-29.7089],[-69.9099,-29.6989],[-69.9414,-29.6455],[-69.9352,-29.5652],[-69.9565,-29.5346],[-69.9516,-29.501],[-69.9883,-29.4953],[-70.0468,-29.5216],[-70.0487,-29.5214],[-70.0571,-29.5234],[-70.0587,-29.524],[-70.14,-29.5305],[-70.1928,-29.5187],[-70.2009,-29.4799],[-70.225,-29.4613],[-70.2538,-29.4169],[-70.3048,-29.3736],[-70.3654,-29.37],[-70.3929,-29.3982],[-70.4592,-29.3819],[-70.4692,-29.3507],[-70.4557,-29.3098],[-70.4781,-29.2906],[-70.4632,-29.2647],[-70.4869,-29.2267],[-70.4942,-29.1617],[-70.5311,-29.1258],[-70.5414,-29.0826],[-70.5409,-29.0822],[-70.5369,-29.0764],[-70.5365,-29.0753],[-70.6069,-29.0379],[-70.647,-29.0544],[-70.6872,-29.0475],[-70.7242,-29.0575],[-70.7156,-29.0842],[-70.7489,-29.1059],[-70.7501,-29.1066],[-70.8021,-29.139],[-70.844,-29.144],[-70.9048,-29.131],[-70.9071,-29.1305],[-70.9548,-29.1636],[-70.9659,-29.1692],[-70.9882,-29.2406],[-70.9882,-29.2671],[-71.0089,-29.2858],[-71.0196,-29.3348],[-71.0598,-29.3566],[-71.0944,-29.351],[-71.0934,-29.3495],[-71.0852,-29.3088],[-71.1054,-29.2972],[-71.1554,-29.2979],[-71.1834,-29.2839],[-71.2028,-29.1861],[-71.2039,-29.1856],[-71.2651,-29.1776],[-71.28,-29.1867],[-71.3515,-29.1415],[-71.3744,-29.1505],[-71.3761,-29.1522],[-71.4152,-29.1843],[-71.4975,-29.1832],[-71.437,-29.2545],[-71.3533,-29.3154],[-71.3267,-29.3466],[-71.3401,-29.4014],[-71.3129,-29.4152],[-71.3035,-29.4482],[-71.329,-29.5049],[-71.3293,-29.5522],[-71.2958,-29.6233],[-71.3128,-29.65],[-71.3411,-29.768],[-71.3187,-29.7797],[-71.3115,-29.8194],[-71.2793,-29.8424],[-71.2731,-29.8936],[-71.2876,-29.9411],[-71.3507,-29.9802],[-71.3994,-29.9903],[-71.3913,-30.0459],[-71.3715,-30.0844],[-71.3754,-30.1566],[-71.4099,-30.1927],[-71.4447,-30.1735],[-71.4784,-30.1997],[-71.4777,-30.2405],[-71.5179,-30.2884],[-71.5614,-30.3013],[-71.6074,-30.2983],[-71.6181,-30.2496],[-71.6533,-30.2736],[-71.6662,-30.335],[-71.6813,-30.3526],[-71.6903,-30.4046],[-71.6817,-30.4155],[-71.6975,-30.4866],[-71.689,-30.4975],[-71.7139,-30.5993],[-71.7005,-30.6761],[-71.6985,-30.7347],[-71.7077,-30.7908],[-71.6822,-30.8696],[-71.6804,-30.93],[-71.6514,-30.9709],[-71.6621,-31.0267],[-71.6587,-31.0816]]]},"properties":{"code":4}},
{"type":"Feature","geometry":{"type":"MultiPolygon","coordinates":[[[[-80.7733,-33.7241],[-80.8182,-33.7307],[-80.8378,-33.752],[-80.8189,-33.7946],[-80.7943,-33.8128],[-80.7613,-33.8065],[-80.7551,-33.7654],[-80.7733,-33.7241]]],[[[-78.8746,-33.6056],[-78.8997,-33.6532],[-78.8609,-33.6672],[-78.8255,-33.6606],[-78.7784,-33.6809],[-78.7899,-33.6407],[-78.8288,-33.6409],[-78.8746,-33.6056]]],[[[-109.3978,-27.0677],[-109.4499,-27.1785],[-109.4307,-27.1969],[-109.4044,-27.1739],[-109.3674,-27.1689],[-109.3203,-27.1409],[-109.2867,-27.1409],[-109.2366,-27.1217],[-109.2352,-27.0941],[-109.2804,-27.0935],[-109.3463,-27.0594],[-109.3774,-27.0559],[-109.3886,-27.0592],[-109.3978,-27.0677]]],[[[-71.5415,-32.1774],[-71.5207,-32.2413],[-71.5,-32.2385],[-71.4741,-32.2796],[-71.4747,-32.3352],[-71.426,-32.3655],[-71.4075,-32.393],[-71.4297,-32.4303],[-71.4303,-32.485],[-71.4752,-32.5207],[-71.4589,-32.5784],[-71.4394,-32.5944],[-71.4312,-32.6416],[-71.4683,-32.7094],[-71.5085,-32.7104],[-71.485,-32.7472],[-71.5035,-32.7813],[-71.5467,-32.8048],[-71.5206,-32.8343],[-71.5077,-32.9135],[-71.5514,-32.9285],[-71.5467,-32.9888],[-71.5564,-33.0142],[-71.6129,-33.0429],[-71.6346,-33.0195],[-71.6575,-33.0317],[-71.6629,-33.0937],[-71.6793,-33.1037],[-71.7338,-33.091],[-71.7363,-33.1183],[-71.6848,-33.1729],[-71.7078,-33.1991],[-71.6815,-33.2215],[-71.6826,-33.2547],[-71.6562,-33.2895],[-71.6524,-33.3445],[-71.6863,-33.3622],[-71.6977,-33.4333],[-71.6584,-33.4617],[-71.6046,-33.5278],[-71.628,-33.5518],[-71.6135,-33.5829],[-71.6359,-33.6288],[-71.6425,-33.6749],[-71.6827,-33.7292],[-71.7303,-33.7561],[-71.7938,-33.7731],[-71.83,-33.8621],[-71.8323,-33.9048],[-71.8322,-33.9055],[-71.8323,-33.9061],[-71.8336,-33.9087],[-71.8356,-33.9108],[-71.8368,-33.9114],[-71.8412,-33.9152],[-71.8416,-33.9159],[-71.8424,-33.9171],[-71.843,-33.9199],[-71.8425,-33.9207],[-71.8415,-33.9215],[-71.8402,-33.9228],[-71.8369,-33.9241],[-71.8365,-33.9242],[-71.831,-33.9195],[-71.8294,-33.9183],[-71.8264,-33.9156],[-71.825,-33.914],[-71.8239,-33.9129],[-71.8231,-33.912],[-71.8198,-33.9103],[-71.8178,-33.9098],[-71.814,-33.9083],[-71.8131,-33.9079],[-71.812,-33.9076],[-71.8098,-33.9073],[-71.8057,-33.9095],[-71.8041,-33.9117],[-71.8027,-33.9135],[-71.8007,-33.9153],[-71.799,-33.9182],[-71.7966,-33.9202],[-71.7952,-33.92],[-71.7934,-33.9195],[-71.7928,-33.9191],[-71.7916,-33.9183],[-71.7904,-33.9183],[-71.7885,-33.9186],[-71.7881,-33.9191],[-71.786,-33.9213],[-71.7823,-33.9242],[-71.7821,-33.9257],[-71.7825,-33.9272],[-71.7836,-33.9287],[-71.7845,-33.9304],[-71.7845,-33.9311],[-71.7841,-33.9326],[-71.7826,-33.9344],[-71.7821,-33.935],[-71.7743,-33.9363],[-71.7724,-33.9365],[-71.7713,-33.9365],[-71.771,-33.9364],[-71.768,-33.9352],[-71.7677,-33.9345],[-71.7665,-33.9301],[-71.7655,-33.9286],[-71.7644,-33.9268],[-71.7619,-33.9243],[-71.7598,-33.9228],[-71.758,-33.9218],[-71.7511,-33.9272],[-71.7536,-33.9332],[-71.7538,-33.934],[-71.7542,-33.9384],[-71.7512,-33.9398],[-71.7481,-33.94],[-71.7463,-33.9399],[-71.7428,-33.9394],[-71.7364,-33.9393],[-71.7299,-33.942],[-71.7287,-33.943],[-71.7281,-33.9438],[-71.7273,-33.9447],[-71.7225,-33.9561],[-71.7206,-33.956],[-71.7194,-33.9558],[-71.7191,-33.9555],[-71.719,-33.9532],[-71.7178,-33.9502],[-71.7159,-33.9491],[-71.7152,-33.9487],[-71.7145,-33.9483],[-71.5808,-33.8669],[-71.5564,-33.8723],[-71.5526,-33.7713],[-71.4288,-33.7891],[-71.4085,-33.7776],[-71.4079,-33.7763],[-71.4049,-33.7739],[-71.4011,-33.7714],[-71.3998,-33.7695],[-71.3993,-33.7686],[-71.397,-33.767],[-71.3939,-33.7669],[-71.3925,-33.7673],[-71.3917,-33.7675],[-71.391,-33.7676],[-71.3624,-33.7583],[-71.3621,-33.7575],[-71.419,-33.7082],[-71.4305,-33.6633],[-71.4016,-33.6636],[-71.3823,-33.6231],[-71.3359,-33.6074],[-71.3322,-33.5353],[-71.3509,-33.5287],[-71.3395,-33.476],[-71.3428,-33.4151],[-71.2817,-33.4105],[-71.266,-33.3871],[-71.223,-33.3732],[-71.2057,-33.3091],[-71.2267,-33.2694],[-71.2153,-33.2344],[-71.1627,-33.2257],[-71.1405,-33.2378],[-71.0941,-33.2197],[-71.0747,-33.2306],[-71.0043,-33.1979],[-70.9932,-33.1775],[-70.9929,-33.1773],[-70.9917,-33.1761],[-70.9916,-33.1758],[-70.9945,-33.172],[-71.0145,-33.1484],[-71.0293,-33.0839],[-71.0077,-33.053],[-71.0217,-32.9827],[-71.0191,-32.9801],[-71.0176,-32.9795],[-71.0161,-32.9777],[-70.9397,-32.973],[-70.8979,-32.9343],[-70.8047,-32.9252],[-70.7234,-32.9272],[-70.7078,-32.9605],[-70.6599,-32.9536],[-70.6268,-32.9493],[-70.6115,-32.9463],[-70.6076,-32.9426],[-70.6061,-32.9428],[-70.6051,-32.9421],[-70.6042,-32.9421],[-70.6038,-32.9423],[-70.603,-32.9429],[-70.6023,-32.9438],[-70.6015,-32.9444],[-70.6003,-32.9443],[-70.5957,-32.9467],[-70.5943,-32.9486],[-70.5931,-32.9684],[-70.5803,-32.9775],[-70.5788,-32.9785],[-70.5469,-33.0142],[-70.5527,-33.0303],[-70.5272,-33.0524],[-70.5192,-33.0786],[-70.5128,-33.0835],[-70.5114,-33.0865],[-70.5101,-33.0883],[-70.5095,-33.0889],[-70.5091,-33.0892],[-70.5086,-33.0893],[-70.5079,-33.0893],[-70.5074,-33.0892],[-70.5021,-33.0869],[-70.4976,-33.0864],[-70.4823,-33.0811],[-70.4347,-33.0214],[-70.4272,-33.021],[-70.4263,-33.0211],[-70.4256,-33.0213],[-70.4252,-33.0213],[-70.4247,-33.0216],[-70.4234,-33.0239],[-70.4232,-33.0257],[-70.4228,-33.0254],[-70.4224,-33.0251],[-70.4216,-33.025],[-70.4194,-33.0251],[-70.418,-33.025],[-70.4166,-33.0251],[-70.407,-33.0298],[-70.4021,-33.0324],[-70.4006,-33.0334],[-70.4001,-33.0337],[-70.3997,-33.034],[-70.3995,-33.0342],[-70.399,-33.0359],[-70.3988,-33.0403],[-70.4013,-33.043],[-70.3967,-33.051],[-70.4018,-33.055],[-70.407,-33.0641],[-70.407,-33.065],[-70.4069,-33.0656],[-70.4066,-33.066],[-70.4061,-33.0662],[-70.4046,-33.0665],[-70.4043,-33.0666],[-70.4039,-33.0669],[-70.4036,-33.0673],[-70.4033,-33.0678],[-70.4029,-33.0681],[-70.4022,-33.0683],[-70.4009,-33.0691],[-70.3991,-33.0704],[-70.3983,-33.0708],[-70.3973,-33.0715],[-70.3966,-33.0718],[-70.3961,-33.0722],[-70.3957,-33.0726],[-70.3952,-33.073],[-70.3949,-33.0733],[-70.3955,-33.0781],[-70.395,-33.0794],[-70.3949,-33.0799],[-70.3947,-33.0803],[-70.3943,-33.0807],[-70.3934,-33.0808],[-70.3914,-33.0805],[-70.3885,-33.0823],[-70.3876,-33.0824],[-70.3869,-33.0826],[-70.3864,-33.0829],[-70.386,-33.0833],[-70.386,-33.0838],[-70.3886,-33.089],[-70.3851,-33.0937],[-70.3823,-33.0944],[-70.3777,-33.0997],[-70.3772,-33.1024],[-70.3746,-33.1052],[-70.3741,-33.1055],[-70.3732,-33.1058],[-70.3715,-33.1057],[-70.3691,-33.1067],[-70.3613,-33.107],[-70.345,-33.1033],[-70.3429,-33.097],[-70.3001,-33.1128],[-70.2729,-33.1311],[-70.2724,-33.1313],[-70.2719,-33.1316],[-70.2714,-33.132],[-70.271,-33.1325],[-70.2707,-33.133],[-70.2697,-33.1355],[-70.2715,-33.1475],[-70.2652,-33.1668],[-70.2651,-33.1739],[-70.2655,-33.1763],[-70.2668,-33.1799],[-70.2669,-33.1815],[-70.2666,-33.1819],[-70.2663,-33.1822],[-70.2657,-33.1827],[-70.2642,-33.1834],[-70.2606,-33.1846],[-70.2442,-33.1876],[-70.2362,-33.1404],[-70.1991,-33.1108],[-70.1364,-33.0942],[-70.0813,-33.0287],[-70.0341,-33.0227],[-70.0199,-33.0073],[-70.0275,-32.9699],[-70,-32.9441],[-69.9914,-32.9119],[-70.0033,-32.8815],[-70.0565,-32.857],[-70.0555,-32.8316],[-70.1079,-32.8007],[-70.1154,-32.7676],[-70.1451,-32.7251],[-70.1508,-32.6371],[-70.1696,-32.6257],[-70.1605,-32.5939],[-70.1261,-32.575],[-70.1231,-32.5373],[-70.1487,-32.4659],[-70.2366,-32.4287],[-70.2174,-32.3819],[-70.2251,-32.3225],[-70.3206,-32.2692],[-70.3635,-32.2548],[-70.4153,-32.2822],[-70.4376,-32.2705],[-70.433,-32.227],[-70.4571,-32.2138],[-70.456,-32.1725],[-70.5433,-32.1747],[-70.5939,-32.1639],[-70.6536,-32.1339],[-70.657,-32.0549],[-70.6917,-32.0619],[-70.7015,-32.0328],[-70.7381,-32.0213],[-70.7711,-32.04],[-70.8034,-32.0345],[-70.8766,-32.0632],[-71.0416,-32.0335],[-71.0309,-32.0689],[-71.0841,-32.101],[-71.1126,-32.1291],[-71.1811,-32.171],[-71.1824,-32.17],[-71.2116,-32.1279],[-71.2388,-32.1413],[-71.2529,-32.169],[-71.2785,-32.1782],[-71.279,-32.1784],[-71.341,-32.2028],[-71.4225,-32.1864],[-71.4923,-32.1589],[-71.5032,-32.1809],[-71.5404,-32.1781],[-71.5406,-32.1779],[-71.5415,-32.1774]]]]},"properties":{"code":5}},
{"type":"Feature","geometry":{"type":"Polygon","coordinates":[[[-70.6599,-32.9536],[-70.7078,-32.9605],[-70.7234,-32.9272],[-70.8047,-32.9252],[-70.8979,-32.9343],[-70.9397,-32.973],[-71.0161,-32.9777],[-71.0176,-32.9795],[-71.0191,-32.9801],[-71.0217,-32.9827],[-71.0077,-33.053],[-71.0293,-33.0839],[-71.0145,-33.1484],[-70.9945,-33.172],[-70.9916,-33.1758],[-70.9917,-33.1761],[-70.9929,-33.1773],[-70.9932,-33.1775],[-71.0043,-33.1979],[-71.0747,-33.2306],[-71.0941,-33.2197],[-71.1405,-33.2378],[-71.1627,-33.2257],[-71.2153,-33.2344],[-71.2267,-33.2694],[-71.2057,-33.3091],[-71.223,-33.3732],[-71.266,-33.3871],[-71.2817,-33.4105],[-71.3428,-33.4151],[-71.3395,-33.476],[-71.3509,-33.5287],[-71.3322,-33.5353],[-71.3359,-33.6074],[-71.3823,-33.6231],[-71.4016,-33.6636],[-71.4305,-33.6633],[-71.419,-33.7082],[-71.3621,-33.7575],[-71.3624,-33.7583],[-71.391,-33.7676],[-71.3917,-33.7675],[-71.3925,-33.7673],[-71.3939,-33.7669],[-71.397,-33.767],[-71.3993,-33.7686],[-71.3998,-33.7695],[-71.4011,-33.7714],[-71.4049,-33.7739],[-71.4079,-33.7763],[-71.4085,-33.7776],[-71.4288,-33.7891],[-71.5526,-33.7713],[-71.5564,-33.8723],[-71.5808,-33.8669],[-71.7145,-33.9483],[-71.7128,-33.9491],[-71.7126,-33.9497],[-71.7121,-33.9506],[-71.7113,-33.9521],[-71.7101,-33.9541],[-71.7097,-33.9548],[-71.7095,-33.9554],[-71.7089,-33.9575],[-71.7082,-33.9588],[-71.7112,-33.967],[-71.7098,-33.9676],[-71.7096,-33.9677],[-71.7086,-33.9679],[-71.7024,-33.9682],[-71.7017,-33.9681],[-71.6951,-33.9752],[-71.6922,-33.9749],[-71.689,-33.9723],[-71.68,-33.9743],[-71.6785,-33.9743],[-71.6722,-33.9726],[-71.6714,-33.9727],[-71.6651,-33.998],[-71.6643,-33.9979],[-71.6635,-33.9979],[-71.6597,-33.9959],[-71.6491,-33.9973],[-71.6408,-34.0009],[-71.6375,-34.0014],[-71.6367,-34.0013],[-71.636,-34.0014],[-71.6356,-34.0017],[-71.6347,-34.0019],[-71.6338,-34.0018],[-71.6326,-34.0022],[-71.6308,-34.0024],[-71.6147,-34.0034],[-71.5998,-34.0208],[-71.5985,-34.0218],[-71.5969,-34.0253],[-71.5957,-34.0259],[-71.5948,-34.0262],[-71.5873,-34.0341],[-71.586,-34.0334],[-71.5854,-34.0329],[-71.5843,-34.032],[-71.5757,-34.0226],[-71.5804,-34.0143],[-71.5807,-34.0115],[-71.5758,-34.0081],[-71.5739,-34.0075],[-71.5721,-34.0071],[-71.5715,-34.005],[-71.5696,-33.9946],[-71.569,-33.9929],[-71.5667,-33.9871],[-71.566,-33.987],[-71.5639,-33.9868],[-71.5566,-33.9921],[-71.5561,-33.9922],[-71.5551,-33.9928],[-71.5547,-33.9931],[-71.5034,-33.997],[-71.4731,-34.0107],[-71.4725,-34.0108],[-71.4721,-34.0109],[-71.4714,-34.0111],[-71.4687,-34.0113],[-71.466,-34.013],[-71.4639,-34.0137],[-71.4619,-34.0146],[-71.4601,-34.0169],[-71.458,-34.0181],[-71.4573,-34.0179],[-71.4558,-34.0164],[-71.4527,-34.0157],[-71.4509,-34.0157],[-71.4502,-34.0155],[-71.4123,-34.0379],[-71.3927,-34.0743],[-71.392,-34.0748],[-71.3902,-34.076],[-71.3897,-34.0756],[-71.3893,-34.0739],[-71.3869,-34.0679],[-71.3827,-34.0668],[-71.3814,-34.0654],[-71.38,-34.0648],[-71.3788,-34.0646],[-71.3643,-34.0613],[-71.3637,-34.0615],[-71.3618,-34.0619],[-71.3588,-34.0629],[-71.3566,-34.0633],[-71.3559,-34.0634],[-71.3537,-34.0637],[-71.3517,-34.0651],[-71.3468,-34.0609],[-71.312,-34.0439],[-71.2707,-34.0524],[-71.2674,-34.0836],[-71.2437,-34.0953],[-71.2147,-34.1356],[-71.1849,-34.1584],[-71.1415,-34.1654],[-71.1384,-34.1651],[-71.1357,-34.1663],[-71.1347,-34.1663],[-71.1201,-34.1643],[-71.1195,-34.1642],[-71.112,-34.1669],[-71.1109,-34.167],[-71.0716,-34.1842],[-71.0326,-34.1648],[-70.9688,-34.172],[-70.929,-34.1494],[-70.9238,-34.1475],[-70.9219,-34.1467],[-70.9192,-34.1461],[-70.9183,-34.1459],[-70.9175,-34.1457],[-70.9167,-34.1455],[-70.9149,-34.1444],[-70.9143,-34.1447],[-70.9412,-34.1052],[-70.9339,-34.0857],[-70.8914,-34.072],[-70.8882,-34.0387],[-70.8185,-34.0354],[-70.8177,-34.0355],[-70.7933,-33.9999],[-70.7981,-33.9748],[-70.8249,-33.9619],[-70.7954,-33.9317],[-70.7583,-33.9429],[-70.7257,-33.9183],[-70.7253,-33.9186],[-70.7089,-33.9055],[-70.6629,-33.9382],[-70.6172,-33.9018],[-70.5577,-33.8843],[-70.5172,-33.8877],[-70.5161,-33.888],[-70.5026,-33.863],[-70.4188,-33.8563],[-70.3749,-33.8837],[-70.3786,-33.9188],[-70.3508,-33.9673],[-70.3211,-34.0003],[-70.3444,-34.0391],[-70.3261,-34.0595],[-70.2614,-34.0712],[-70.2449,-34.0352],[-70.1837,-34.0333],[-70.1579,-34.1111],[-70.1645,-34.14],[-70.1473,-34.1792],[-70.1152,-34.2003],[-70.0774,-34.198],[-70.0506,-34.2259],[-70.0512,-34.2809],[-70.032,-34.288],[-70.0313,-34.2883],[-70.0306,-34.2886],[-70.0042,-34.2621],[-69.9709,-34.2499],[-69.9402,-34.2798],[-69.8066,-34.2481],[-69.8016,-34.193],[-69.8729,-34.1339],[-69.8601,-34.104],[-69.834,-34.0863],[-69.8537,-34.0552],[-69.828,-34.0245],[-69.857,-33.9633],[-69.9059,-33.9635],[-69.8919,-33.9241],[-69.8554,-33.8922],[-69.8732,-33.8608],[-69.8978,-33.8482],[-69.8998,-33.7608],[-69.8646,-33.7151],[-69.8843,-33.6838],[-69.8654,-33.5846],[-69.8715,-33.5395],[-69.8354,-33.5154],[-69.8072,-33.3966],[-69.7752,-33.3769],[-69.7698,-33.3432],[-69.7999,-33.2881],[-69.8406,-33.2718],[-69.8598,-33.283],[-69.9174,-33.2673],[-69.9487,-33.282],[-69.9694,-33.3089],[-70.0017,-33.3228],[-70.0125,-33.2821],[-70.0387,-33.2702],[-70.0279,-33.2328],[-70.0552,-33.2259],[-70.0666,-33.1582],[-70.0523,-33.135],[-70.0746,-33.0647],[-70.0937,-33.0514],[-70.1364,-33.0942],[-70.1991,-33.1108],[-70.2362,-33.1404],[-70.2441,-33.1876],[-70.2606,-33.1847],[-70.2642,-33.1835],[-70.2657,-33.1827],[-70.2663,-33.1822],[-70.2666,-33.182],[-70.2669,-33.1815],[-70.2668,-33.1799],[-70.2654,-33.1763],[-70.2651,-33.1739],[-70.2652,-33.1669],[-70.2715,-33.1476],[-70.2697,-33.1355],[-70.2707,-33.133],[-70.2709,-33.1325],[-70.2714,-33.132],[-70.2719,-33.1316],[-70.2723,-33.1313],[-70.2729,-33.1311],[-70.2817,-33.1313],[-70.2879,-33.1318],[-70.3001,-33.1128],[-70.3428,-33.097],[-70.345,-33.1033],[-70.3613,-33.107],[-70.3691,-33.1067],[-70.3715,-33.1057],[-70.3732,-33.1058],[-70.3741,-33.1056],[-70.3745,-33.1052],[-70.3748,-33.1046],[-70.3751,-33.1037],[-70.3772,-33.1024],[-70.3776,-33.0997],[-70.3822,-33.0944],[-70.3886,-33.089],[-70.386,-33.0838],[-70.386,-33.0833],[-70.3864,-33.0829],[-70.3869,-33.0826],[-70.3875,-33.0824],[-70.3885,-33.0823],[-70.3914,-33.0805],[-70.3934,-33.0808],[-70.3942,-33.0807],[-70.3947,-33.0803],[-70.3949,-33.0799],[-70.395,-33.0795],[-70.3955,-33.0781],[-70.3949,-33.0733],[-70.3952,-33.073],[-70.3957,-33.0726],[-70.3961,-33.0722],[-70.3966,-33.0718],[-70.3973,-33.0715],[-70.3983,-33.0708],[-70.3991,-33.0704],[-70.4009,-33.0691],[-70.4022,-33.0683],[-70.4029,-33.0682],[-70.4033,-33.0678],[-70.4036,-33.0673],[-70.4039,-33.0669],[-70.4043,-33.0666],[-70.4046,-33.0665],[-70.4061,-33.0662],[-70.4066,-33.066],[-70.4068,-33.0656],[-70.407,-33.065],[-70.4069,-33.0641],[-70.4018,-33.055],[-70.3967,-33.051],[-70.4013,-33.043],[-70.3988,-33.0403],[-70.399,-33.0359],[-70.3995,-33.0342],[-70.3997,-33.034],[-70.4001,-33.0337],[-70.4006,-33.0334],[-70.4021,-33.0324],[-70.407,-33.0298],[-70.4166,-33.0251],[-70.418,-33.025],[-70.4194,-33.0251],[-70.4216,-33.025],[-70.4232,-33.0257],[-70.4233,-33.0245],[-70.4234,-33.0239],[-70.4247,-33.0216],[-70.4252,-33.0213],[-70.4256,-33.0213],[-70.4263,-33.0211],[-70.4272,-33.021],[-70.4347,-33.0214],[-70.4823,-33.0811],[-70.4976,-33.0864],[-70.5021,-33.0869],[-70.5074,-33.0892],[-70.5079,-33.0893],[-70.5086,-33.0893],[-70.5091,-33.0892],[-70.5095,-33.089],[-70.5095,-33.0889],[-70.5101,-33.0883],[-70.5114,-33.0865],[-70.5128,-33.0835],[-70.5192,-33.0786],[-70.5272,-33.0524],[-70.5527,-33.0303],[-70.5469,-33.0142],[-70.5788,-32.9785],[-70.5803,-32.9775],[-70.5931,-32.9684],[-70.5943,-32.9486],[-70.5957,-32.9467],[-70.6038,-32.9423],[-70.6042,-32.9421],[-70.6051,-32.9421],[-70.6061,-32.9428],[-70.6076,-32.9426],[-70.6115,-32.9463],[-70.6268,-32.9493],[-70.6599,-32.9536]]]},"properties":{"code":13}},
{"type":"Feature","geometry":{"type":"MultiPolygon","coordinates":[[[[-74.7423,-43.5176],[-74.7462,-43.5672],[-74.7857,-43.5776],[-74.829,-43.5654],[-74.8204,-43.6154],[-74.7662,-43.6823],[-74.6836,-43.6419],[-74.5953,-43.6315],[-74.5732,-43.6016],[-74.6468,-43.5554],[-74.7377,-43.5296],[-74.7423,-43.5176]]],[[[-73.7584,-43.3178],[-73.8033,-43.3172],[-73.7733,-43.3786],[-73.7307,-43.3986],[-73.676,-43.3881],[-73.662,-43.3533],[-73.7584,-43.3178]]],[[[-73.7117,-43.1808],[-73.7436,-43.2049],[-73.6923,-43.2319],[-73.6635,-43.2341],[-73.6634,-43.1935],[-73.7117,-43.1808]]],[[[-73.554,-43.1389],[-73.5867,-43.1452],[-73.5687,-43.1989],[-73.5363,-43.196],[-73.554,-43.1389]]],[[[-73.5304,-42.9158],[-73.5775,-42.9155],[-73.5692,-42.943],[-73.522,-42.947],[-73.5217,-42.9678],[-73.4389,-42.9933],[-73.3257,-43.0167],[-73.3505,-42.9901],[-73.5304,-42.9158]]],[[[-73.0196,-42.694],[-73.0308,-42.7204],[-72.9764,-42.779],[-72.9173,-42.7823],[-72.9301,-42.7376],[-72.9838,-42.734],[-73.0196,-42.694]]],[[[-73.3417,-42.6231],[-73.3116,-42.6526],[-73.2424,-42.6644],[-73.2346,-42.6339],[-73.3417,-42.6231]]],[[[-73.4517,-42.6164],[-73.4978,-42.6027],[-73.542,-42.6267],[-73.5294,-42.6474],[-73.4698,-42.6482],[-73.4517,-42.6164]]],[[[-73.5931,-42.571],[-73.6476,-42.5956],[-73.7195,-42.596],[-73.7436,-42.6306],[-73.702,-42.6553],[-73.6672,-42.6401],[-73.6063,-42.6507],[-73.5663,-42.6168],[-73.5931,-42.571]]],[[[-73.4966,-42.549],[-73.5375,-42.5803],[-73.5119,-42.5997],[-73.4966,-42.549]]],[[[-73.3133,-42.4588],[-73.3733,-42.4534],[-73.3771,-42.4901],[-73.3147,-42.4857],[-73.3133,-42.4588]]],[[[-73.5961,-42.3824],[-73.6547,-42.4023],[-73.6178,-42.4231],[-73.6028,-42.4624],[-73.5205,-42.4809],[-73.512,-42.5044],[-73.4248,-42.5256],[-73.4501,-42.4862],[-73.5131,-42.4576],[-73.5498,-42.4],[-73.5961,-42.3824]]],[[[-73.061,-42.2715],[-73.1028,-42.2585],[-73.158,-42.2855],[-73.1309,-42.3429],[-73.0536,-42.2824],[-73.061,-42.2715]]],[[[-73.387,-42.1081],[-73.4232,-42.1331],[-73.3989,-42.1735],[-73.3549,-42.1715],[-73.387,-42.1081]]],[[[-72.4966,-42.0767],[-72.5754,-42.0815],[-72.6086,-42.1271],[-72.5513,-42.1373],[-72.5085,-42.1702],[-72.4796,-42.1435],[-72.4966,-42.0767]]],[[[-72.461,-41.986],[-72.477,-41.9916],[-72.5129,-42.0555],[-72.4857,-42.0675],[-72.4614,-42.0294],[-72.461,-41.986]]],[[[-73.8806,-41.7824],[-73.9403,-41.7963],[-74.0228,-41.7843],[-74.0592,-41.8344],[-73.9955,-41.8859],[-74.0093,-41.9266],[-74.055,-41.9685],[-74.0322,-42.0225],[-74.0285,-42.07],[-74.0538,-42.1074],[-74.0458,-42.1229],[-74.1087,-42.1875],[-74.1356,-42.2037],[-74.172,-42.2673],[-74.1397,-42.3179],[-74.1584,-42.3887],[-74.184,-42.421],[-74.1775,-42.4652],[-74.1842,-42.5106],[-74.1578,-42.5413],[-74.1318,-42.6019],[-74.1202,-42.6613],[-74.1275,-42.704],[-74.1456,-42.7263],[-74.152,-42.8396],[-74.1674,-42.899],[-74.2149,-42.9106],[-74.2066,-42.9674],[-74.2401,-42.982],[-74.2235,-43.0185],[-74.2711,-43.0614],[-74.3268,-43.0919],[-74.3069,-43.1232],[-74.3386,-43.1417],[-74.4038,-43.2667],[-74.3658,-43.2923],[-74.3365,-43.2874],[-74.299,-43.327],[-74.2208,-43.3269],[-74.1989,-43.3472],[-74.139,-43.3513],[-74.1087,-43.389],[-74.0695,-43.3654],[-74.0173,-43.3593],[-73.9179,-43.375],[-73.8788,-43.4242],[-73.8012,-43.4159],[-73.7902,-43.3867],[-73.8106,-43.3121],[-73.7661,-43.3103],[-73.6911,-43.3236],[-73.6607,-43.3184],[-73.6743,-43.2675],[-73.7209,-43.2426],[-73.7519,-43.2055],[-73.739,-43.1707],[-73.7564,-43.1451],[-73.7446,-43.1187],[-73.7001,-43.1513],[-73.641,-43.1211],[-73.5687,-43.1161],[-73.4808,-43.1444],[-73.4848,-43.0941],[-73.5451,-43.0615],[-73.5356,-43.0333],[-73.5468,-42.9727],[-73.6043,-42.9696],[-73.6276,-42.8868],[-73.5593,-42.8898],[-73.5194,-42.8768],[-73.477,-42.892],[-73.4773,-42.822],[-73.4879,-42.7926],[-73.5442,-42.7564],[-73.6084,-42.75],[-73.699,-42.6672],[-73.7423,-42.6447],[-73.7883,-42.5963],[-73.739,-42.5381],[-73.7245,-42.5663],[-73.6395,-42.5471],[-73.5931,-42.5226],[-73.6848,-42.4781],[-73.6415,-42.4358],[-73.6728,-42.4027],[-73.6286,-42.3661],[-73.5837,-42.3631],[-73.5476,-42.336],[-73.4703,-42.3436],[-73.4409,-42.3243],[-73.3612,-42.3385],[-73.3602,-42.2968],[-73.3373,-42.2648],[-73.3744,-42.2095],[-73.4613,-42.1618],[-73.46,-42.1256],[-73.4211,-42.1031],[-73.4144,-42.0733],[-73.4795,-42.0223],[-73.5194,-41.9677],[-73.5635,-41.9481],[-73.5438,-41.9264],[-73.5088,-41.9221],[-73.5092,-41.832],[-73.5387,-41.7969],[-73.5817,-41.7965],[-73.6206,-41.8256],[-73.6748,-41.8028],[-73.7221,-41.8415],[-73.788,-41.8781],[-73.8378,-41.8785],[-73.8559,-41.8828],[-73.9653,-41.8531],[-73.9324,-41.8231],[-73.8792,-41.8558],[-73.8575,-41.8311],[-73.9042,-41.7971],[-73.8806,-41.7824]]],[[[-73.0502,-41.7447],[-73.0869,-41.7471],[-73.0826,-41.7785],[-73.1155,-41.8047],[-73.0311,-41.8632],[-72.9874,-41.8547],[-72.9927,-41.8216],[-73.0258,-41.794],[-73.0502,-41.7447]]],[[[-72.9601,-41.6594],[-72.9889,-41.6666],[-73.001,-41.6985],[-72.9658,-41.7252],[-72.9084,-41.7106],[-72.9015,-41.6788],[-72.9601,-41.6594]]],[[[-72.9795,-41.5539],[-73.0194,-41.5616],[-72.9986,-41.5959],[-72.9606,-41.5814],[-72.9795,-41.5539]]],[[[-72.8503,-41.4957],[-72.8186,-41.4909],[-72.7384,-41.552],[-72.6911,-41.6167],[-72.6665,-41.6252],[-72.663,-41.6669],[-72.6283,-41.708],[-72.5701,-41.7154],[-72.5127,-41.6878],[-72.4785,-41.6907],[-72.4093,-41.6645],[-72.3663,-41.6362],[-72.3537,-41.5982],[-72.3289,-41.4657],[-72.3008,-41.4212],[-72.328,-41.4112],[-72.3091,-41.3812],[-72.2771,-41.3906],[-72.3101,-41.4652],[-72.3142,-41.4945],[-72.2836,-41.5002],[-72.3119,-41.5495],[-72.3264,-41.6155],[-72.325,-41.6476],[-72.3609,-41.6771],[-72.4648,-41.7256],[-72.5094,-41.723],[-72.5491,-41.7428],[-72.591,-41.747],[-72.6358,-41.7328],[-72.7001,-41.788],[-72.79,-41.8374],[-72.8205,-41.893],[-72.8773,-41.9146],[-72.8567,-41.93],[-72.805,-41.9394],[-72.8104,-41.9716],[-72.7458,-41.9983],[-72.6295,-42.0147],[-72.6404,-42.0384],[-72.5734,-42.0482],[-72.535,-42.0435],[-72.4926,-41.9694],[-72.4266,-41.9781],[-72.4684,-42.126],[-72.4509,-42.1629],[-72.4597,-42.1987],[-72.4408,-42.2588],[-72.4702,-42.3039],[-72.4567,-42.3439],[-72.4174,-42.3859],[-72.421,-42.4254],[-72.4035,-42.4866],[-72.4377,-42.4774],[-72.4561,-42.4488],[-72.4481,-42.4146],[-72.5091,-42.3415],[-72.5262,-42.2716],[-72.5151,-42.243],[-72.5424,-42.2117],[-72.5882,-42.188],[-72.618,-42.2102],[-72.6703,-42.225],[-72.7393,-42.2271],[-72.771,-42.2454],[-72.8064,-42.2843],[-72.835,-42.2976],[-72.8241,-42.3219],[-72.7899,-42.3244],[-72.7559,-42.3883],[-72.6985,-42.4156],[-72.6821,-42.4666],[-72.6213,-42.5202],[-72.5515,-42.5446],[-72.5201,-42.5453],[-72.5368,-42.5853],[-72.5868,-42.5533],[-72.6055,-42.5578],[-72.675,-42.5208],[-72.7558,-42.5156],[-72.7942,-42.5008],[-72.8168,-42.5236],[-72.847,-42.6149],[-72.8317,-42.6676],[-72.7987,-42.6795],[-72.8025,-42.711],[-72.8444,-42.7192],[-72.8337,-42.7455],[-72.8556,-42.7639],[-72.8358,-42.8329],[-72.7957,-42.8731],[-72.7574,-42.8807],[-72.7125,-42.9132],[-72.7306,-42.9687],[-72.7851,-42.9392],[-72.8036,-42.9601],[-72.775,-43.0064],[-72.7802,-43.0293],[-72.8579,-43.0285],[-72.9128,-43.1284],[-72.8703,-43.2327],[-72.9072,-43.2538],[-72.9645,-43.2631],[-73.0627,-43.3228],[-73.051,-43.3949],[-73.0903,-43.4336],[-73.0913,-43.463],[-73.0283,-43.5373],[-72.9997,-43.5941],[-72.9111,-43.6055],[-72.9491,-43.6366],[-72.9758,-43.6911],[-73.0385,-43.7162],[-73.047,-43.738],[-73.0397,-43.7353],[-73.036,-43.7346],[-72.9777,-43.714],[-72.976,-43.7159],[-72.9414,-43.6978],[-72.9396,-43.6973],[-72.9215,-43.7],[-72.9213,-43.701],[-72.9215,-43.7049],[-72.9202,-43.706],[-72.9197,-43.7069],[-72.9146,-43.711],[-72.9091,-43.7118],[-72.9083,-43.7128],[-72.9068,-43.7276],[-72.9062,-43.7281],[-72.9018,-43.7286],[-72.9009,-43.7298],[-72.8998,-43.7322],[-72.8966,-43.7349],[-72.8968,-43.7363],[-72.896,-43.7369],[-72.8519,-43.7322],[-72.852,-43.7311],[-72.8529,-43.7302],[-72.8438,-43.7137],[-72.846,-43.7098],[-72.8398,-43.6988],[-72.8402,-43.698],[-72.8424,-43.6972],[-72.8435,-43.6968],[-72.8313,-43.6729],[-72.8308,-43.6706],[-72.7953,-43.6413],[-72.7909,-43.6444],[-72.7914,-43.6512],[-72.7893,-43.6537],[-72.7927,-43.6714],[-72.7903,-43.6743],[-72.7668,-43.6849],[-72.7666,-43.6855],[-72.776,-43.6998],[-72.7748,-43.7012],[-72.7835,-43.7154],[-72.7822,-43.7172],[-72.7842,-43.7241],[-72.7832,-43.7255],[-72.7989,-43.7422],[-72.798,-43.7426],[-72.7673,-43.7502],[-72.7667,-43.7511],[-72.7732,-43.7588],[-72.7724,-43.7594],[-72.7677,-43.762],[-72.7669,-43.7628],[-72.7636,-43.7701],[-72.7618,-43.7704],[-72.7522,-43.7688],[-72.7508,-43.7688],[-72.6113,-43.7553],[-72.5877,-43.7615],[-72.5848,-43.7667],[-72.5779,-43.7701],[-72.5754,-43.7737],[-72.5556,-43.7774],[-72.5541,-43.7786],[-72.5279,-43.7854],[-72.5226,-43.7889],[-72.521,-43.793],[-72.5198,-43.7936],[-72.4801,-43.7723],[-72.4837,-43.7698],[-72.4837,-43.7609],[-72.4838,-43.7593],[-72.4752,-43.7502],[-72.4761,-43.7488],[-72.4784,-43.7472],[-72.4798,-43.7464],[-72.4214,-43.7245],[-72.4192,-43.7216],[-72.4168,-43.704],[-72.333,-43.6747],[-72.3244,-43.6807],[-72.3181,-43.7089],[-72.3174,-43.7096],[-72.2994,-43.7132],[-72.2983,-43.7135],[-72.3036,-43.721],[-72.3051,-43.7223],[-72.3091,-43.7322],[-72.3086,-43.7329],[-72.3041,-43.7351],[-72.3032,-43.7356],[-72.2998,-43.7405],[-72.2991,-43.7414],[-72.2966,-43.7431],[-72.2949,-43.7443],[-72.2928,-43.7487],[-72.2927,-43.7494],[-72.2757,-43.756],[-72.2733,-43.7575],[-72.3035,-43.7806],[-72.3029,-43.7812],[-72.295,-43.7874],[-72.2944,-43.788],[-72.2929,-43.7901],[-72.2924,-43.7908],[-72.2579,-43.7937],[-72.2548,-43.7943],[-72.2509,-43.7956],[-72.2501,-43.796],[-72.2467,-43.8016],[-72.2407,-43.8068],[-72.2822,-43.8312],[-72.2815,-43.8319],[-72.254,-43.8419],[-72.2516,-43.8418],[-72.1933,-43.8424],[-72.1925,-43.843],[-72.2034,-43.8539],[-72.1979,-43.8584],[-72.1961,-43.8596],[-72.1952,-43.8599],[-72.1948,-43.8658],[-72.1946,-43.8665],[-72.193,-43.8674],[-72.1867,-43.8714],[-72.1859,-43.8722],[-72.1826,-43.8932],[-72.1821,-43.8942],[-72.1465,-43.8839],[-72.1456,-43.8847],[-72.1441,-43.8863],[-72.1433,-43.8872],[-72.1148,-43.8789],[-72.1139,-43.8796],[-72.1107,-43.8861],[-72.1099,-43.8869],[-72.0794,-43.8986],[-72.0785,-43.8994],[-72.0794,-43.9069],[-72.0817,-43.9079],[-72.1063,-43.9387],[-72.1055,-43.9395],[-72.0997,-43.9436],[-72.0975,-43.9448],[-72.0325,-43.9416],[-72.0263,-43.9581],[-71.9626,-43.9647],[-71.9588,-43.9258],[-71.9164,-43.9401],[-71.8567,-43.9292],[-71.8076,-43.9549],[-71.828,-43.9827],[-71.8217,-44.0109],[-71.7903,-44.0551],[-71.737,-44.067],[-71.6825,-43.9753],[-71.6487,-43.9456],[-71.6516,-43.917],[-71.7069,-43.8946],[-71.705,-43.8672],[-71.7637,-43.8408],[-71.7538,-43.7879],[-71.6979,-43.7273],[-71.6559,-43.7006],[-71.6002,-43.6967],[-71.5812,-43.6518],[-71.5967,-43.634],[-71.653,-43.6209],[-71.7032,-43.6227],[-71.7076,-43.5844],[-71.7629,-43.5812],[-71.7766,-43.5387],[-71.8684,-43.5517],[-71.8896,-43.508],[-71.848,-43.4834],[-71.8807,-43.4513],[-71.9302,-43.4571],[-71.8933,-43.3806],[-71.8922,-43.3238],[-71.8393,-43.3342],[-71.7871,-43.2966],[-71.7343,-43.3126],[-71.7312,-43.2831],[-71.7567,-43.2337],[-71.7297,-43.1986],[-71.7604,-43.1648],[-71.8168,-43.145],[-71.8577,-43.1425],[-71.8926,-43.107],[-71.942,-43.0918],[-71.935,-43.0544],[-71.9997,-43.0387],[-72.0378,-43.0102],[-72.039,-42.9912],[-72.0739,-42.9495],[-72.107,-42.9377],[-72.1421,-42.901],[-72.1194,-42.8757],[-72.1471,-42.8505],[-72.1651,-42.7987],[-72.1399,-42.7925],[-72.1377,-42.7117],[-72.1787,-42.6956],[-72.1222,-42.6718],[-72.0975,-42.6424],[-72.1184,-42.6289],[-72.0778,-42.5676],[-72.0261,-42.523],[-72.0105,-42.4884],[-72.0458,-42.4533],[-72.0371,-42.4007],[-72.1126,-42.3987],[-72.131,-42.3841],[-72.137,-42.3287],[-72.1214,-42.3233],[-72.1673,-42.2616],[-72.1535,-42.2427],[-72.1569,-42.1939],[-72.1845,-42.1764],[-72.1753,-42.142],[-72.122,-42.1547],[-72.0849,-42.1435],[-72.0518,-42.1147],[-72.0054,-42.1404],[-71.9678,-42.1442],[-71.9249,-42.1895],[-71.8937,-42.1806],[-71.8743,-42.1549],[-71.8363,-42.1626],[-71.7276,-42.1169],[-71.7397,-42.0847],[-71.7261,-42.0484],[-71.7443,-42.0377],[-71.7945,-41.9616],[-71.7723,-41.9296],[-71.7881,-41.8921],[-71.792,-41.8317],[-71.7639,-41.817],[-71.7637,-41.7821],[-71.7842,-41.735],[-71.8097,-41.7214],[-71.818,-41.6891],[-71.8854,-41.6064],[-71.8281,-41.5512],[-71.8523,-41.5149],[-71.8291,-41.482],[-71.863,-41.423],[-71.8658,-41.3972],[-71.9091,-41.3609],[-71.8757,-41.2967],[-71.8967,-41.2715],[-71.8659,-41.2562],[-71.8564,-41.2128],[-71.887,-41.1689],[-71.8389,-41.1489],[-71.8461,-41.0837],[-71.8182,-41.0626],[-71.8588,-41.0331],[-71.8738,-40.9999],[-71.9087,-40.9731],[-71.8606,-40.9606],[-71.8568,-40.9217],[-71.8698,-40.8924],[-71.9319,-40.8246],[-71.9263,-40.7797],[-71.965,-40.7457],[-71.9216,-40.6889],[-71.8978,-40.6822],[-71.8469,-40.6316],[-71.8366,-40.5941],[-71.8764,-40.568],[-71.885,-40.584],[-71.9319,-40.5935],[-71.9714,-40.6344],[-72.0521,-40.6301],[-72.067,-40.6562],[-72.1012,-40.663],[-72.1628,-40.6578],[-72.196,-40.67],[-72.2975,-40.6486],[-72.3253,-40.6741],[-72.326,-40.6743],[-72.3326,-40.6753],[-72.3334,-40.6756],[-72.3363,-40.6755],[-72.3368,-40.6755],[-72.3369,-40.6755],[-72.3373,-40.6756],[-72.3858,-40.6569],[-72.3992,-40.6564],[-72.4175,-40.6556],[-72.5444,-40.6635],[-72.6073,-40.681],[-72.6448,-40.6564],[-72.6539,-40.6272],[-72.7708,-40.6017],[-72.8093,-40.5626],[-72.8547,-40.5352],[-72.855,-40.5355],[-72.8925,-40.5065],[-72.9084,-40.4401],[-72.9404,-40.4269],[-72.9796,-40.3859],[-73.0318,-40.3836],[-73.0798,-40.3452],[-73.2053,-40.3553],[-73.2658,-40.3527],[-73.2901,-40.3384],[-73.4059,-40.3379],[-73.4465,-40.2903],[-73.5047,-40.2866],[-73.5926,-40.3008],[-73.6782,-40.2709],[-73.6791,-40.2424],[-73.7147,-40.2453],[-73.7489,-40.2867],[-73.7575,-40.3971],[-73.7493,-40.4455],[-73.766,-40.465],[-73.7164,-40.537],[-73.742,-40.6042],[-73.8094,-40.6618],[-73.8018,-40.7138],[-73.826,-40.7271],[-73.8716,-40.8479],[-73.8711,-40.8872],[-73.845,-40.9109],[-73.9333,-40.964],[-73.937,-41.0536],[-73.9184,-41.0844],[-73.9194,-41.1442],[-73.8739,-41.2036],[-73.8607,-41.2617],[-73.8326,-41.3246],[-73.843,-41.4557],[-73.8229,-41.495],[-73.801,-41.503],[-73.7743,-41.5636],[-73.7407,-41.5613],[-73.7003,-41.5937],[-73.6733,-41.5526],[-73.6029,-41.6061],[-73.5279,-41.5875],[-73.5148,-41.6069],[-73.6092,-41.6149],[-73.6412,-41.6022],[-73.6857,-41.6595],[-73.7181,-41.7253],[-73.6519,-41.7588],[-73.5544,-41.7692],[-73.4911,-41.7968],[-73.4151,-41.7844],[-73.3905,-41.8064],[-73.3585,-41.7931],[-73.3706,-41.7643],[-73.2577,-41.7876],[-73.2339,-41.8017],[-73.1923,-41.7849],[-73.1603,-41.791],[-73.1461,-41.7542],[-73.0383,-41.7051],[-73.0663,-41.6673],[-73.0553,-41.6441],[-73.0824,-41.6275],[-73.0973,-41.5908],[-73.061,-41.5642],[-73.045,-41.5296],[-73.0016,-41.5125],[-72.9775,-41.4861],[-72.9221,-41.475],[-72.8794,-41.4984],[-72.8503,-41.4957],[-72.8504,-41.4957],[-72.8503,-41.4957]]]]},"properties":{"code":10}},
{"type":"Feature","geometry":{"type":"MultiPolygon","coordinates":[[[[-73.3076,-39.8581],[-73.3788,-39.8773],[-73.3458,-39.8957],[-73.3105,-39.9445],[-73.2859,-39.9461],[-73.2587,-39.9026],[-73.3076,-39.8581]]],[[[-72.1164,-39.5097],[-72.2152,-39.5311],[-72.269,-39.513],[-72.2427,-39.4852],[-72.266,-39.4721],[-72.3235,-39.509],[-72.3796,-39.5046],[-72.4177,-39.4801],[-72.5161,-39.4771],[-72.5288,-39.4399],[-72.658,-39.4603],[-72.6887,-39.4329],[-72.7428,-39.4415],[-72.7879,-39.4313],[-72.7932,-39.405],[-72.8851,-39.4154],[-72.8997,-39.3804],[-72.8571,-39.3566],[-72.8335,-39.3108],[-72.8582,-39.2882],[-72.9093,-39.29],[-72.9452,-39.317],[-73.0051,-39.292],[-73.0277,-39.3242],[-73.0715,-39.3608],[-73.0958,-39.394],[-73.1329,-39.3933],[-73.1712,-39.4179],[-73.2426,-39.3903],[-73.2219,-39.4018],[-73.2176,-39.4381],[-73.2553,-39.467],[-73.245,-39.4993],[-73.2557,-39.5407],[-73.286,-39.5548],[-73.2822,-39.5882],[-73.3055,-39.6013],[-73.3195,-39.6352],[-73.3606,-39.6559],[-73.353,-39.6741],[-73.4119,-39.7174],[-73.3996,-39.7265],[-73.3905,-39.7925],[-73.4068,-39.8198],[-73.3861,-39.876],[-73.3184,-39.849],[-73.2853,-39.8562],[-73.2654,-39.8311],[-73.277,-39.7876],[-73.2601,-39.7673],[-73.2555,-39.7243],[-73.2217,-39.7192],[-73.2055,-39.6902],[-73.1686,-39.7015],[-73.2058,-39.7314],[-73.2342,-39.7313],[-73.2606,-39.7861],[-73.2483,-39.812],[-73.2637,-39.8418],[-73.2505,-39.902],[-73.2857,-39.9487],[-73.3222,-39.9553],[-73.3741,-39.8955],[-73.4012,-39.9163],[-73.4325,-39.8617],[-73.4679,-39.8647],[-73.4902,-39.8974],[-73.5484,-39.9276],[-73.5751,-39.9278],[-73.5912,-39.9556],[-73.6487,-39.9549],[-73.6789,-39.9658],[-73.6857,-40.0157],[-73.6517,-40.0865],[-73.6531,-40.1336],[-73.6966,-40.1925],[-73.724,-40.1997],[-73.7147,-40.2453],[-73.6791,-40.2424],[-73.6782,-40.2709],[-73.5926,-40.3008],[-73.5047,-40.2866],[-73.4465,-40.2903],[-73.4059,-40.3379],[-73.2901,-40.3384],[-73.2658,-40.3527],[-73.2053,-40.3553],[-73.0798,-40.3452],[-73.0318,-40.3836],[-72.9796,-40.3859],[-72.9404,-40.4269],[-72.9084,-40.4401],[-72.8925,-40.5065],[-72.855,-40.5355],[-72.8547,-40.5352],[-72.8093,-40.5626],[-72.7708,-40.6017],[-72.6539,-40.6272],[-72.6448,-40.6564],[-72.6073,-40.681],[-72.5444,-40.6635],[-72.4175,-40.6556],[-72.3992,-40.6564],[-72.3858,-40.6569],[-72.3373,-40.6756],[-72.3369,-40.6755],[-72.3368,-40.6755],[-72.3363,-40.6755],[-72.3334,-40.6756],[-72.3326,-40.6753],[-72.326,-40.6743],[-72.3253,-40.6741],[-72.2975,-40.6486],[-72.196,-40.67],[-72.1628,-40.6578],[-72.1012,-40.663],[-72.067,-40.6562],[-72.0521,-40.6301],[-71.9714,-40.6344],[-71.9319,-40.5935],[-71.885,-40.584],[-71.8764,-40.568],[-71.8585,-40.5546],[-71.8422,-40.4528],[-71.8079,-40.4067],[-71.7652,-40.417],[-71.7434,-40.436],[-71.6924,-40.4044],[-71.6932,-40.3729],[-71.6569,-40.3642],[-71.684,-40.2939],[-71.7162,-40.2787],[-71.747,-40.3067],[-71.8294,-40.2174],[-71.799,-40.1856],[-71.8265,-40.1699],[-71.8009,-40.1381],[-71.814,-40.0803],[-71.7648,-40.0907],[-71.6998,-40.1175],[-71.6744,-40.1054],[-71.6664,-40.0748],[-71.6856,-40.0438],[-71.6664,-39.9928],[-71.6153,-39.959],[-71.5985,-39.9291],[-71.5993,-39.8891],[-71.6282,-39.8823],[-71.6468,-39.8529],[-71.6857,-39.8557],[-71.673,-39.8041],[-71.6855,-39.7564],[-71.7022,-39.7458],[-71.6937,-39.66],[-71.6981,-39.5881],[-71.679,-39.5656],[-71.7079,-39.5354],[-71.7188,-39.4936],[-71.7513,-39.5021],[-71.811,-39.4896],[-71.8588,-39.4433],[-71.9395,-39.4202],[-71.9738,-39.4451],[-72.0076,-39.4455],[-72.1142,-39.5071],[-72.1164,-39.5097]]]]},"properties":{"code":14}},
{"type":"Feature","geometry":{"type":"Polygon","coordinates":[[[-72.7758,-37.5952],[-72.8393,-37.5964],[-72.93,-37.6167],[-72.9301,-37.6161],[-72.931,-37.6157],[-72.9312,-37.6156],[-73.0425,-37.6175],[-73.0783,-37.6623],[-73.1165,-37.6952],[-73.1027,-37.7264],[-73.0725,-37.7099],[-73.0258,-37.7191],[-73.0156,-37.7477],[-73.0397,-37.7732],[-73.0241,-37.8077],[-73.0482,-37.8453],[-73.081,-37.8666],[-73.1178,-37.872],[-73.1113,-37.9064],[-73.1196,-37.9584],[-73.1812,-38.0038],[-73.2061,-38.0507],[-73.1514,-38.0771],[-73.1218,-38.0784],[-73.0778,-38.101],[-73.0883,-38.1422],[-73.0768,-38.1705],[-73.0913,-38.1905],[-73.132,-38.184],[-73.1381,-38.2154],[-73.1974,-38.2319],[-73.222,-38.2717],[-73.2743,-38.296],[-73.275,-38.2962],[-73.2761,-38.2969],[-73.2799,-38.2981],[-73.3236,-38.3363],[-73.3411,-38.3659],[-73.3095,-38.3738],[-73.3104,-38.4089],[-73.273,-38.4402],[-73.2746,-38.4901],[-73.296,-38.4905],[-73.3008,-38.4919],[-73.3036,-38.4918],[-73.3042,-38.4924],[-73.3047,-38.4925],[-73.3052,-38.4923],[-73.3056,-38.4918],[-73.3068,-38.4923],[-73.3082,-38.491],[-73.31,-38.4912],[-73.3121,-38.4898],[-73.3141,-38.4861],[-73.3214,-38.4824],[-73.3204,-38.4376],[-73.3451,-38.4152],[-73.3565,-38.4068],[-73.358,-38.4062],[-73.3598,-38.4051],[-73.3609,-38.4046],[-73.3614,-38.4046],[-73.3619,-38.4047],[-73.3625,-38.4058],[-73.3629,-38.4059],[-73.363,-38.4059],[-73.3631,-38.4055],[-73.3635,-38.4052],[-73.3641,-38.405],[-73.3652,-38.4035],[-73.3673,-38.403],[-73.3677,-38.4029],[-73.3678,-38.403],[-73.3679,-38.4035],[-73.3684,-38.4037],[-73.3719,-38.4042],[-73.3722,-38.4042],[-73.3725,-38.404],[-73.3733,-38.4029],[-73.3781,-38.4037],[-73.3811,-38.4014],[-73.3821,-38.4013],[-73.3825,-38.4002],[-73.3819,-38.3992],[-73.3822,-38.3987],[-73.3826,-38.3987],[-73.3827,-38.3988],[-73.3829,-38.3989],[-73.383,-38.3992],[-73.3831,-38.3993],[-73.3832,-38.3995],[-73.3835,-38.3995],[-73.3837,-38.3992],[-73.3841,-38.3991],[-73.3843,-38.399],[-73.3845,-38.3991],[-73.3852,-38.3994],[-73.3833,-38.4008],[-73.3887,-38.4029],[-73.3895,-38.41],[-73.4172,-38.421],[-73.44,-38.4504],[-73.4738,-38.4731],[-73.4745,-38.4732],[-73.475,-38.4733],[-73.4756,-38.4732],[-73.4765,-38.4732],[-73.477,-38.4731],[-73.4775,-38.4731],[-73.4783,-38.473],[-73.4787,-38.4728],[-73.4791,-38.4728],[-73.4798,-38.4728],[-73.4819,-38.4731],[-73.4825,-38.4731],[-73.4831,-38.4729],[-73.4835,-38.4728],[-73.4843,-38.4729],[-73.4853,-38.4734],[-73.4862,-38.4734],[-73.4867,-38.4732],[-73.4873,-38.4732],[-73.4877,-38.4733],[-73.4881,-38.4735],[-73.4886,-38.4735],[-73.4891,-38.4733],[-73.492,-38.4723],[-73.4925,-38.4721],[-73.4932,-38.472],[-73.4939,-38.472],[-73.4943,-38.4721],[-73.4951,-38.4766],[-73.4976,-38.481],[-73.5007,-38.4831],[-73.502,-38.4837],[-73.5035,-38.4843],[-73.5039,-38.4842],[-73.5068,-38.4841],[-73.5087,-38.4838],[-73.5173,-38.4812],[-73.5015,-38.55],[-73.501,-38.5959],[-73.4886,-38.6569],[-73.4167,-38.7815],[-73.3772,-38.8743],[-73.322,-38.9829],[-73.2828,-39.0841],[-73.2253,-39.2551],[-73.2225,-39.315],[-73.204,-39.3659],[-73.2426,-39.3903],[-73.1712,-39.4179],[-73.1329,-39.3933],[-73.0958,-39.394],[-73.0715,-39.3608],[-73.0277,-39.3242],[-73.0051,-39.292],[-72.9452,-39.317],[-72.9093,-39.29],[-72.8582,-39.2882],[-72.8335,-39.3108],[-72.8571,-39.3566],[-72.8997,-39.3804],[-72.8851,-39.4154],[-72.7932,-39.405],[-72.7879,-39.4313],[-72.7428,-39.4415],[-72.6887,-39.4329],[-72.658,-39.4603],[-72.5288,-39.4399],[-72.5161,-39.4771],[-72.4177,-39.4801],[-72.3796,-39.5046],[-72.3235,-39.509],[-72.266,-39.4721],[-72.2427,-39.4852],[-72.269,-39.513],[-72.2152,-39.5311],[-72.1164,-39.5097],[-72.1142,-39.5071],[-72.0076,-39.4455],[-71.9738,-39.4451],[-71.9395,-39.4202],[-71.8588,-39.4433],[-71.811,-39.4896],[-71.7513,-39.5021],[-71.7188,-39.4936],[-71.7079,-39.5354],[-71.679,-39.5656],[-71.6176,-39.5986],[-71.6144,-39.6224],[-71.5771,-39.6357],[-71.5528,-39.625],[-71.5065,-39.6352],[-71.4682,-39.5876],[-71.5336,-39.5351],[-71.5192,-39.5056],[-71.4731,-39.492],[-71.4439,-39.4009],[-71.4575,-39.3716],[-71.3994,-39.3497],[-71.3952,-39.3026],[-71.3737,-39.2824],[-71.3964,-39.1753],[-71.4212,-39.1512],[-71.4073,-39.0971],[-71.4181,-39.0702],[-71.4015,-39.0371],[-71.4215,-39.0256],[-71.4387,-38.9422],[-71.4268,-38.9228],[-71.3736,-38.9057],[-71.3389,-38.8771],[-71.297,-38.8725],[-71.2647,-38.8478],[-71.2581,-38.8171],[-71.2068,-38.8169],[-71.1504,-38.7998],[-71.0926,-38.7548],[-71.0058,-38.7687],[-70.9731,-38.7597],[-70.9251,-38.7635],[-70.8847,-38.6975],[-70.9033,-38.6678],[-70.8869,-38.6451],[-70.8373,-38.6131],[-70.8274,-38.5955],[-70.8417,-38.5395],[-70.8728,-38.5117],[-70.8982,-38.5094],[-70.9574,-38.4444],[-70.9772,-38.4433],[-70.9967,-38.355],[-71.021,-38.2142],[-71.0011,-38.2106],[-70.9956,-38.1707],[-71.0435,-38.1226],[-71.0863,-38.0897],[-71.1139,-38.0942],[-71.1142,-38.0947],[-71.1147,-38.0956],[-71.1149,-38.0961],[-71.1157,-38.0999],[-71.1202,-38.1056],[-71.1211,-38.1054],[-71.1229,-38.1051],[-71.1239,-38.1049],[-71.1257,-38.1046],[-71.1275,-38.1043],[-71.1317,-38.1029],[-71.1319,-38.1027],[-71.135,-38.1022],[-71.1802,-38.1005],[-71.1831,-38.1003],[-71.2271,-38.1006],[-71.2283,-38.1002],[-71.2326,-38.0999],[-71.2355,-38.0985],[-71.2362,-38.0984],[-71.3788,-38.086],[-71.4123,-38.1253],[-71.4124,-38.1255],[-71.436,-38.177],[-71.488,-38.1917],[-71.554,-38.2462],[-71.5821,-38.2311],[-71.6086,-38.2409],[-71.6332,-38.275],[-71.6435,-38.314],[-71.6734,-38.2995],[-71.7106,-38.2604],[-71.6889,-38.2407],[-71.7126,-38.2199],[-71.6942,-38.1687],[-71.7108,-38.1371],[-71.7007,-38.0695],[-71.7766,-38.0303],[-71.847,-38.0543],[-71.8722,-38.0762],[-71.9291,-38.0471],[-71.9653,-37.9945],[-72.05,-38.0141],[-72.1045,-37.9921],[-72.1437,-37.9523],[-72.1959,-37.9219],[-72.2434,-37.8797],[-72.3177,-37.8816],[-72.3554,-37.8519],[-72.4002,-37.8426],[-72.4259,-37.7965],[-72.4795,-37.748],[-72.4724,-37.7088],[-72.493,-37.6465],[-72.5972,-37.6718],[-72.631,-37.6688],[-72.6532,-37.6302],[-72.6872,-37.6178],[-72.7176,-37.6253],[-72.7744,-37.596],[-72.7758,-37.5952]]]},"properties":{"code":9}},
{"type":"Feature","geometry":{"type":"MultiPolygon","coordinates":[[[[-73.9492,-38.3164],[-73.9499,-38.3715],[-73.9296,-38.4077],[-73.8851,-38.418],[-73.8634,-38.3807],[-73.9325,-38.3207],[-73.9492,-38.3164]]],[[[-73.5233,-36.9722],[-73.5515,-37.0244],[-73.5069,-37.0425],[-73.5233,-36.9722]]],[[[-73.2761,-38.2969],[-73.275,-38.2962],[-73.2743,-38.296],[-73.222,-38.2717],[-73.1974,-38.2319],[-73.1381,-38.2154],[-73.132,-38.184],[-73.0913,-38.1905],[-73.0768,-38.1705],[-73.0883,-38.1422],[-73.0778,-38.101],[-73.1218,-38.0784],[-73.1514,-38.0771],[-73.2061,-38.0507],[-73.1812,-38.0038],[-73.1196,-37.9584],[-73.1113,-37.9064],[-73.1178,-37.872],[-73.081,-37.8666],[-73.0482,-37.8453],[-73.0241,-37.8077],[-73.0397,-37.7732],[-73.0156,-37.7477],[-73.0258,-37.7191],[-73.0725,-37.7099],[-73.1027,-37.7264],[-73.1165,-37.6952],[-73.0783,-37.6623],[-73.0425,-37.6175],[-72.9312,-37.6156],[-72.931,-37.6157],[-72.9301,-37.6161],[-72.93,-37.6167],[-72.8393,-37.5964],[-72.7758,-37.5952],[-72.7744,-37.596],[-72.7176,-37.6253],[-72.6872,-37.6178],[-72.6532,-37.6302],[-72.631,-37.6688],[-72.5972,-37.6718],[-72.493,-37.6465],[-72.4724,-37.7088],[-72.4795,-37.748],[-72.4259,-37.7965],[-72.4002,-37.8426],[-72.3554,-37.8519],[-72.3177,-37.8816],[-72.2434,-37.8797],[-72.1959,-37.9219],[-72.1437,-37.9523],[-72.1045,-37.9921],[-72.05,-38.0141],[-71.9653,-37.9945],[-71.9291,-38.0471],[-71.8722,-38.0762],[-71.847,-38.0543],[-71.7766,-38.0303],[-71.7007,-38.0695],[-71.7108,-38.1371],[-71.6942,-38.1687],[-71.7126,-38.2199],[-71.6889,-38.2407],[-71.7106,-38.2604],[-71.6734,-38.2995],[-71.6435,-38.314],[-71.6332,-38.275],[-71.6086,-38.2409],[-71.5821,-38.2311],[-71.554,-38.2462],[-71.488,-38.1917],[-71.436,-38.177],[-71.4124,-38.1255],[-71.4123,-38.1253],[-71.3788,-38.086],[-71.2362,-38.0984],[-71.2355,-38.0985],[-71.2326,-38.0999],[-71.2283,-38.1002],[-71.2271,-38.1006],[-71.1831,-38.1003],[-71.1802,-38.1005],[-71.135,-38.1022],[-71.1319,-38.1027],[-71.1317,-38.1029],[-71.1275,-38.1043],[-71.1257,-38.1046],[-71.1239,-38.1049],[-71.1229,-38.1051],[-71.1211,-38.1054],[-71.1202,-38.1056],[-71.1157,-38.0999],[-71.1149,-38.0961],[-71.1147,-38.0956],[-71.1142,-38.0947],[-71.1139,-38.0942],[-71.0863,-38.0897],[-71.0435,-38.1226],[-70.9833,-38.1052],[-70.9919,-38.0848],[-71.0463,-38.0549],[-71.0674,-37.9776],[-71.1142,-37.9517],[-71.1069,-37.8918],[-71.1562,-37.8385],[-71.1557,-37.757],[-71.185,-37.7342],[-71.2114,-37.6892],[-71.192,-37.6292],[-71.1467,-37.609],[-71.126,-37.5819],[-71.1329,-37.5295],[-71.118,-37.4915],[-71.12,-37.4576],[-71.139,-37.4447],[-71.1525,-37.4015],[-71.1817,-37.3962],[-71.202,-37.3658],[-71.2179,-37.2726],[-71.1874,-37.2763],[-71.1412,-37.2201],[-71.127,-37.1901],[-71.1352,-37.1464],[-71.0962,-37.1096],[-71.1554,-37.1161],[-71.1815,-37.0987],[-71.2709,-37.1113],[-71.3228,-37.0809],[-71.3677,-37.0686],[-71.4057,-37.0848],[-71.4583,-37.0641],[-71.48,-37.0198],[-71.5115,-37.0047],[-71.5489,-37.0235],[-71.5412,-37.0838],[-71.579,-37.1246],[-71.6528,-37.131],[-71.6871,-37.1444],[-71.7106,-37.1265],[-71.7948,-37.109],[-71.8446,-37.1299],[-71.8506,-37.1622],[-71.8899,-37.1826],[-71.9734,-37.189],[-71.9737,-37.189],[-71.9912,-37.1931],[-72.0326,-37.1663],[-72.0678,-37.1911],[-72.1358,-37.1793],[-72.1603,-37.1974],[-72.2325,-37.1869],[-72.2744,-37.1948],[-72.2614,-37.0926],[-72.2166,-37.0754],[-72.1822,-37.0468],[-72.1958,-37.0264],[-72.2381,-37.0077],[-72.2392,-37.0076],[-72.283,-36.9989],[-72.3399,-36.9714],[-72.3486,-36.9453],[-72.3491,-36.945],[-72.3496,-36.9449],[-72.3504,-36.9445],[-72.3514,-36.944],[-72.3522,-36.9429],[-72.3828,-36.9145],[-72.4074,-36.9288],[-72.4615,-36.9272],[-72.4823,-36.8969],[-72.5095,-36.9031],[-72.5099,-36.9327],[-72.5843,-36.929],[-72.6569,-36.9092],[-72.6426,-36.8822],[-72.5619,-36.8904],[-72.5571,-36.8482],[-72.5929,-36.8164],[-72.6026,-36.7201],[-72.6224,-36.6908],[-72.688,-36.6545],[-72.7197,-36.6552],[-72.7324,-36.6233],[-72.7733,-36.625],[-72.7983,-36.606],[-72.7988,-36.562],[-72.8004,-36.5617],[-72.8025,-36.5607],[-72.8276,-36.5251],[-72.8002,-36.4968],[-72.8196,-36.455],[-72.8209,-36.4559],[-72.8212,-36.4562],[-72.8213,-36.4564],[-72.8215,-36.4568],[-72.8215,-36.4569],[-72.8229,-36.4576],[-72.8825,-36.4454],[-72.899,-36.4478],[-72.912,-36.5056],[-72.9937,-36.5803],[-72.9586,-36.6202],[-72.9846,-36.671],[-72.974,-36.6904],[-72.992,-36.7326],[-73.0094,-36.7387],[-73.0911,-36.7286],[-73.1135,-36.7065],[-73.097,-36.6706],[-73.1253,-36.6538],[-73.1569,-36.7113],[-73.1274,-36.7392],[-73.1398,-36.7559],[-73.1943,-36.7807],[-73.1538,-36.8312],[-73.1573,-36.9273],[-73.1873,-36.9923],[-73.181,-37.0249],[-73.1525,-37.0263],[-73.1415,-37.0597],[-73.1641,-37.0728],[-73.1531,-37.1178],[-73.1905,-37.168],[-73.2506,-37.2137],[-73.2905,-37.2314],[-73.3557,-37.2434],[-73.4297,-37.2392],[-73.4604,-37.2062],[-73.5265,-37.2087],[-73.567,-37.1915],[-73.5633,-37.1709],[-73.6037,-37.1583],[-73.657,-37.23],[-73.6557,-37.2995],[-73.675,-37.3245],[-73.6622,-37.3661],[-73.6375,-37.3741],[-73.6102,-37.4086],[-73.5907,-37.46],[-73.5891,-37.5041],[-73.6015,-37.5351],[-73.6478,-37.5634],[-73.6803,-37.6297],[-73.6622,-37.6478],[-73.6511,-37.7323],[-73.5805,-37.8173],[-73.5136,-37.9251],[-73.479,-37.9981],[-73.4545,-38.0818],[-73.4526,-38.1459],[-73.4707,-38.2343],[-73.5104,-38.255],[-73.5008,-38.3104],[-73.5102,-38.3723],[-73.5295,-38.3874],[-73.5173,-38.4812],[-73.5087,-38.4838],[-73.5068,-38.4841],[-73.5035,-38.4843],[-73.5027,-38.484],[-73.502,-38.4837],[-73.5007,-38.4831],[-73.4976,-38.481],[-73.4943,-38.4721],[-73.4939,-38.472],[-73.4932,-38.472],[-73.4925,-38.4721],[-73.492,-38.4723],[-73.4891,-38.4733],[-73.4886,-38.4735],[-73.4881,-38.4735],[-73.4877,-38.4733],[-73.4873,-38.4732],[-73.4867,-38.4732],[-73.4863,-38.4734],[-73.4853,-38.4734],[-73.4843,-38.4729],[-73.4836,-38.4728],[-73.4831,-38.4729],[-73.4825,-38.4731],[-73.4819,-38.4731],[-73.4814,-38.473],[-73.4808,-38.4729],[-73.4798,-38.4728],[-73.4787,-38.4728],[-73.4783,-38.473],[-73.4775,-38.4731],[-73.477,-38.4731],[-73.4765,-38.4732],[-73.4756,-38.4732],[-73.475,-38.4733],[-73.4745,-38.4732],[-73.4738,-38.4731],[-73.4734,-38.4713],[-73.4742,-38.4671],[-73.4715,-38.4656],[-73.4732,-38.4596],[-73.4654,-38.454],[-73.44,-38.4504],[-73.4173,-38.421],[-73.3896,-38.41],[-73.3887,-38.4029],[-73.3833,-38.4008],[-73.3852,-38.3994],[-73.3845,-38.3991],[-73.3843,-38.399],[-73.3841,-38.3991],[-73.3838,-38.3992],[-73.3835,-38.3995],[-73.3833,-38.3995],[-73.3831,-38.3993],[-73.383,-38.3992],[-73.3829,-38.3989],[-73.3828,-38.3988],[-73.3826,-38.3987],[-73.3823,-38.3987],[-73.3819,-38.3992],[-73.3825,-38.4002],[-73.3821,-38.4013],[-73.3812,-38.4014],[-73.3781,-38.4037],[-73.372,-38.4042],[-73.3717,-38.4041],[-73.371,-38.4039],[-73.3707,-38.4038],[-73.3703,-38.4037],[-73.3684,-38.4037],[-73.3679,-38.4035],[-73.3678,-38.403],[-73.3677,-38.4029],[-73.3673,-38.403],[-73.3667,-38.4034],[-73.3652,-38.4035],[-73.3641,-38.405],[-73.363,-38.4059],[-73.3629,-38.4059],[-73.3627,-38.4058],[-73.3625,-38.4058],[-73.3619,-38.4047],[-73.3614,-38.4046],[-73.3609,-38.4046],[-73.3599,-38.4051],[-73.358,-38.4062],[-73.3565,-38.4068],[-73.3452,-38.4152],[-73.3204,-38.4376],[-73.3214,-38.4824],[-73.3142,-38.4861],[-73.3121,-38.4898],[-73.31,-38.4912],[-73.3068,-38.4923],[-73.3048,-38.4925],[-73.3042,-38.4924],[-73.3036,-38.4918],[-73.3008,-38.4919],[-73.2961,-38.4905],[-73.2746,-38.4901],[-73.273,-38.4402],[-73.3104,-38.4089],[-73.3095,-38.3738],[-73.3411,-38.3659],[-73.3236,-38.3363],[-73.2799,-38.2981],[-73.2761,-38.2969]]]]},"properties":{"code":8}},
{"type":"Feature","geometry":{"type":"Polygon","coordinates":[[[-72.3486,-36.9453],[-72.3399,-36.9714],[-72.283,-36.9989],[-72.2392,-37.0076],[-72.2381,-37.0077],[-72.1958,-37.0264],[-72.1822,-37.0468],[-72.2166,-37.0754],[-72.2614,-37.0926],[-72.2744,-37.1948],[-72.2325,-37.1869],[-72.1603,-37.1974],[-72.1358,-37.1793],[-72.0678,-37.1911],[-72.0326,-37.1663],[-71.9912,-37.1931],[-71.9737,-37.189],[-71.9734,-37.189],[-71.8899,-37.1826],[-71.8506,-37.1622],[-71.8446,-37.1299],[-71.7948,-37.109],[-71.7106,-37.1265],[-71.6871,-37.1444],[-71.6528,-37.131],[-71.579,-37.1246],[-71.5412,-37.0838],[-71.5489,-37.0235],[-71.5115,-37.0047],[-71.48,-37.0198],[-71.4583,-37.0641],[-71.4057,-37.0848],[-71.3677,-37.0686],[-71.3228,-37.0809],[-71.2709,-37.1113],[-71.1815,-37.0987],[-71.1554,-37.1161],[-71.0962,-37.1096],[-71.1409,-37.0691],[-71.1431,-37.0316],[-71.1684,-36.9965],[-71.1055,-36.9708],[-71.0882,-36.9286],[-71.1445,-36.9292],[-71.1238,-36.8606],[-71.1632,-36.8613],[-71.1676,-36.8239],[-71.1337,-36.8155],[-71.1284,-36.7639],[-71.1119,-36.729],[-71.1128,-36.6796],[-71.0852,-36.6792],[-71.0762,-36.707],[-71.0133,-36.6975],[-71.0111,-36.6646],[-71.0434,-36.6446],[-71.0478,-36.58],[-71.0353,-36.4742],[-71.0611,-36.4612],[-71.0592,-36.3876],[-71.1128,-36.3619],[-71.1518,-36.4009],[-71.1804,-36.4036],[-71.1963,-36.4369],[-71.247,-36.4597],[-71.2638,-36.4404],[-71.2643,-36.4406],[-71.3067,-36.4833],[-71.3203,-36.532],[-71.4101,-36.5029],[-71.4421,-36.4301],[-71.5712,-36.4043],[-71.7139,-36.3447],[-71.7847,-36.294],[-71.7852,-36.2936],[-71.8113,-36.2592],[-71.8635,-36.2459],[-71.9083,-36.2686],[-71.9645,-36.2531],[-71.9995,-36.2266],[-72.0125,-36.1988],[-72.0124,-36.1985],[-72.0113,-36.1918],[-72.0989,-36.1326],[-72.0991,-36.1282],[-72.0991,-36.1279],[-72.0989,-36.1272],[-72.0988,-36.1271],[-72.0985,-36.1263],[-72.1007,-36.1243],[-72.1027,-36.1235],[-72.1032,-36.1235],[-72.0987,-36.1557],[-72.1519,-36.2474],[-72.1525,-36.2475],[-72.1625,-36.2338],[-72.1651,-36.2333],[-72.1659,-36.2331],[-72.1666,-36.2331],[-72.1683,-36.2328],[-72.1692,-36.2327],[-72.1816,-36.2283],[-72.1821,-36.2283],[-72.192,-36.2195],[-72.1925,-36.2194],[-72.2232,-36.2144],[-72.2206,-36.2081],[-72.2381,-36.2072],[-72.2382,-36.2074],[-72.2488,-36.2213],[-72.2497,-36.2229],[-72.2511,-36.2263],[-72.2546,-36.2333],[-72.2551,-36.2342],[-72.263,-36.245],[-72.2636,-36.2456],[-72.2644,-36.2469],[-72.265,-36.2477],[-72.2676,-36.2509],[-72.2696,-36.2533],[-72.276,-36.2603],[-72.2761,-36.2604],[-72.2761,-36.2605],[-72.2765,-36.2608],[-72.2776,-36.2615],[-72.3133,-36.2331],[-72.3725,-36.2572],[-72.4119,-36.2079],[-72.3971,-36.2101],[-72.3854,-36.2118],[-72.3851,-36.2118],[-72.385,-36.2118],[-72.3847,-36.2117],[-72.3842,-36.2117],[-72.3747,-36.2133],[-72.3739,-36.2134],[-72.3734,-36.2134],[-72.3726,-36.2136],[-72.3378,-36.2055],[-72.3364,-36.1801],[-72.3587,-36.1574],[-72.3913,-36.1754],[-72.4528,-36.1501],[-72.4883,-36.1237],[-72.5186,-36.0801],[-72.5741,-36.0742],[-72.6113,-36.0545],[-72.6114,-36.0545],[-72.6212,-36.0377],[-72.6204,-36.0375],[-72.6563,-36.0406],[-72.6878,-36.0185],[-72.7445,-36.0075],[-72.7781,-36.014],[-72.7919,-36.0733],[-72.8136,-36.0934],[-72.8083,-36.1667],[-72.823,-36.1954],[-72.8084,-36.2733],[-72.8309,-36.3239],[-72.8694,-36.3823],[-72.8825,-36.4454],[-72.8229,-36.4576],[-72.8215,-36.4569],[-72.8215,-36.4568],[-72.8213,-36.4564],[-72.8212,-36.4562],[-72.8209,-36.4559],[-72.8196,-36.455],[-72.8002,-36.4968],[-72.8276,-36.5251],[-72.8025,-36.5607],[-72.8004,-36.5617],[-72.7988,-36.562],[-72.7983,-36.606],[-72.7733,-36.625],[-72.7324,-36.6233],[-72.7197,-36.6552],[-72.688,-36.6545],[-72.6224,-36.6908],[-72.6026,-36.7201],[-72.5929,-36.8164],[-72.5571,-36.8482],[-72.5619,-36.8904],[-72.6426,-36.8822],[-72.6569,-36.9092],[-72.5843,-36.929],[-72.5099,-36.9327],[-72.5095,-36.9031],[-72.4823,-36.8969],[-72.4615,-36.9272],[-72.4074,-36.9288],[-72.3828,-36.9145],[-72.3522,-36.9429],[-72.3514,-36.944],[-72.3504,-36.9445],[-72.3496,-36.9449],[-72.3491,-36.945],[-72.3486,-36.9453]]]},"properties":{"code":16}},
{"type":"Feature","geometry":{"type":"Polygon","coordinates":[[[-72.0343,-34.6873],[-72.0344,-34.687],[-72.0346,-34.6865],[-72.035,-34.6859],[-72.0365,-34.685],[-72.0375,-34.6849],[-72.04,-34.6847],[-72.0406,-34.6851],[-72.0408,-34.6852],[-72.0415,-34.6857],[-72.0428,-34.6864],[-72.0478,-34.6874],[-72.0512,-34.6876],[-72.0535,-34.6875],[-72.0558,-34.6873],[-72.056,-34.6871],[-72.0706,-34.7313],[-72.1443,-34.8224],[-72.1505,-34.868],[-72.1797,-34.8951],[-72.1864,-34.9418],[-72.1883,-35.0667],[-72.1984,-35.1005],[-72.2295,-35.1317],[-72.2748,-35.1508],[-72.3608,-35.2024],[-72.3981,-35.2413],[-72.4074,-35.3164],[-72.4991,-35.3909],[-72.4883,-35.4628],[-72.537,-35.5102],[-72.6182,-35.5603],[-72.638,-35.6021],[-72.583,-35.7004],[-72.5643,-35.7554],[-72.5796,-35.8149],[-72.6489,-35.8465],[-72.6838,-35.8843],[-72.7075,-35.9268],[-72.7838,-35.9775],[-72.7781,-36.014],[-72.7445,-36.0075],[-72.6878,-36.0185],[-72.6563,-36.0406],[-72.6204,-36.0375],[-72.6212,-36.0377],[-72.6114,-36.0545],[-72.6113,-36.0545],[-72.5741,-36.0742],[-72.5186,-36.0801],[-72.4883,-36.1237],[-72.4528,-36.1501],[-72.3913,-36.1754],[-72.3587,-36.1574],[-72.3364,-36.1801],[-72.3378,-36.2055],[-72.3726,-36.2136],[-72.3734,-36.2134],[-72.3739,-36.2134],[-72.3747,-36.2133],[-72.3842,-36.2117],[-72.3847,-36.2117],[-72.385,-36.2118],[-72.3851,-36.2118],[-72.3854,-36.2118],[-72.3971,-36.2101],[-72.4119,-36.2079],[-72.3725,-36.2572],[-72.3133,-36.2331],[-72.2776,-36.2615],[-72.2765,-36.2608],[-72.2761,-36.2605],[-72.2761,-36.2604],[-72.276,-36.2603],[-72.2696,-36.2533],[-72.2676,-36.2509],[-72.265,-36.2477],[-72.2644,-36.2469],[-72.2636,-36.2456],[-72.263,-36.245],[-72.2551,-36.2342],[-72.2546,-36.2333],[-72.2511,-36.2263],[-72.2497,-36.2229],[-72.2488,-36.2213],[-72.2382,-36.2074],[-72.2381,-36.2072],[-72.2206,-36.2081],[-72.2232,-36.2144],[-72.1925,-36.2194],[-72.192,-36.2195],[-72.1821,-36.2283],[-72.1816,-36.2283],[-72.1692,-36.2327],[-72.1683,-36.2328],[-72.1666,-36.2331],[-72.1659,-36.2331],[-72.1651,-36.2333],[-72.1625,-36.2338],[-72.1525,-36.2475],[-72.1519,-36.2474],[-72.0987,-36.1557],[-72.1032,-36.1235],[-72.1027,-36.1235],[-72.1007,-36.1243],[-72.0985,-36.1263],[-72.0988,-36.1271],[-72.0989,-36.1272],[-72.0991,-36.1279],[-72.0991,-36.1282],[-72.0989,-36.1326],[-72.0113,-36.1918],[-72.0124,-36.1985],[-72.0125,-36.1988],[-71.9995,-36.2266],[-71.9645,-36.2531],[-71.9083,-36.2686],[-71.8635,-36.2459],[-71.8113,-36.2592],[-71.7852,-36.2936],[-71.7847,-36.294],[-71.7139,-36.3447],[-71.5712,-36.4043],[-71.4421,-36.4301],[-71.4101,-36.5029],[-71.3203,-36.532],[-71.3067,-36.4833],[-71.2643,-36.4406],[-71.2638,-36.4404],[-71.247,-36.4597],[-71.1963,-36.4369],[-71.1804,-36.4036],[-71.1518,-36.4009],[-71.1128,-36.3619],[-71.0592,-36.3876],[-71.0611,-36.4612],[-71.0353,-36.4742],[-70.9738,-36.5024],[-70.8943,-36.4719],[-70.8894,-36.4016],[-70.8451,-36.4188],[-70.8156,-36.3965],[-70.7869,-36.4291],[-70.7568,-36.4105],[-70.7155,-36.4279],[-70.6778,-36.3897],[-70.7116,-36.3399],[-70.6859,-36.3099],[-70.7056,-36.272],[-70.6677,-36.244],[-70.6407,-36.2434],[-70.571,-36.175],[-70.582,-36.1437],[-70.5335,-36.142],[-70.4924,-36.1775],[-70.4483,-36.1725],[-70.421,-36.156],[-70.4106,-36.0574],[-70.3713,-36.0434],[-70.3798,-35.9898],[-70.4224,-35.9732],[-70.3922,-35.9522],[-70.4256,-35.9041],[-70.4189,-35.8742],[-70.3163,-35.8197],[-70.338,-35.7954],[-70.3777,-35.7884],[-70.3592,-35.7549],[-70.3756,-35.7028],[-70.4059,-35.6734],[-70.4176,-35.6296],[-70.3847,-35.6055],[-70.4103,-35.5491],[-70.4085,-35.5251],[-70.3802,-35.5143],[-70.3949,-35.487],[-70.4435,-35.4676],[-70.4349,-35.4367],[-70.4502,-35.389],[-70.4179,-35.353],[-70.4663,-35.3135],[-70.565,-35.3002],[-70.5821,-35.273],[-70.5575,-35.2191],[-70.536,-35.199],[-70.4793,-35.2041],[-70.4353,-35.1931],[-70.388,-35.1695],[-70.3617,-35.1365],[-70.3753,-35.0444],[-70.365,-35.0053],[-70.3712,-35.0021],[-70.3728,-35.001],[-70.3925,-34.9947],[-70.3932,-34.9934],[-70.4106,-34.9847],[-70.4777,-34.9942],[-70.4873,-34.9759],[-70.5365,-34.9511],[-70.5372,-34.9506],[-70.5377,-34.9506],[-70.5389,-34.9494],[-70.539,-34.9491],[-70.5392,-34.9486],[-70.5396,-34.9479],[-70.5391,-34.9469],[-70.5386,-34.9456],[-70.5393,-34.9444],[-70.5403,-34.9435],[-70.5403,-34.9429],[-70.5395,-34.9414],[-70.5391,-34.9393],[-70.5398,-34.9388],[-70.5407,-34.9352],[-70.5409,-34.9344],[-70.5433,-34.934],[-70.5437,-34.934],[-70.5487,-34.9355],[-70.5498,-34.9367],[-70.5626,-34.9404],[-70.5647,-34.9399],[-70.5683,-34.9397],[-70.5685,-34.9398],[-70.569,-34.9535],[-70.5692,-34.9538],[-70.5715,-34.9551],[-70.5718,-34.9552],[-70.5739,-34.9557],[-70.5743,-34.9558],[-70.5775,-34.9564],[-70.5795,-34.9564],[-70.5818,-34.9568],[-70.5835,-34.9574],[-70.5846,-34.9582],[-70.5854,-34.9613],[-70.5861,-34.9617],[-70.5891,-34.9607],[-70.5894,-34.9605],[-70.5897,-34.9604],[-70.5931,-34.9587],[-70.5958,-34.9574],[-70.5983,-34.9569],[-70.6011,-34.9573],[-70.6037,-34.9584],[-70.6045,-34.9589],[-70.6068,-34.959],[-70.6086,-34.959],[-70.6108,-34.9596],[-70.6137,-34.9603],[-70.6152,-34.9662],[-70.6168,-34.9695],[-70.6669,-34.9595],[-70.6669,-34.9592],[-70.6665,-34.9562],[-70.6667,-34.955],[-70.6707,-34.9445],[-70.6709,-34.9436],[-70.6718,-34.9418],[-70.6721,-34.9416],[-70.6727,-34.9414],[-70.6744,-34.9366],[-70.676,-34.9354],[-70.6813,-34.9301],[-70.682,-34.9298],[-70.6835,-34.9282],[-70.6839,-34.9275],[-70.6848,-34.9259],[-70.6859,-34.9239],[-70.6861,-34.9239],[-70.6948,-34.9258],[-70.6978,-34.9233],[-70.7012,-34.9185],[-70.7129,-34.9101],[-70.7133,-34.9055],[-70.7146,-34.9024],[-70.7183,-34.8997],[-70.7206,-34.8975],[-70.7217,-34.897],[-70.7224,-34.8964],[-70.7226,-34.8961],[-70.7481,-34.8847],[-70.7484,-34.8846],[-70.7488,-34.8843],[-70.7502,-34.8793],[-70.7504,-34.8766],[-70.7511,-34.8751],[-70.7551,-34.8738],[-70.7566,-34.8728],[-70.7601,-34.8691],[-70.7602,-34.8687],[-70.7607,-34.8664],[-70.7632,-34.8645],[-70.7663,-34.8625],[-70.7675,-34.8609],[-70.7699,-34.8595],[-70.7843,-34.8587],[-70.7847,-34.8587],[-70.8107,-34.8527],[-70.8118,-34.8536],[-70.8291,-34.868],[-70.8294,-34.8677],[-70.8323,-34.8677],[-70.8326,-34.8677],[-70.834,-34.8666],[-70.8344,-34.8663],[-70.8383,-34.8642],[-70.8385,-34.8642],[-70.8399,-34.8625],[-70.8401,-34.8624],[-70.8412,-34.8623],[-70.8414,-34.8623],[-70.8447,-34.8609],[-70.8458,-34.8601],[-70.8466,-34.86],[-70.8473,-34.8599],[-70.8597,-34.8546],[-70.8613,-34.8537],[-70.87,-34.8524],[-70.8738,-34.8527],[-70.8754,-34.8524],[-70.8773,-34.8513],[-70.8785,-34.8513],[-70.8816,-34.8502],[-70.889,-34.8505],[-70.8915,-34.8513],[-70.8948,-34.8524],[-70.8996,-34.8559],[-70.9032,-34.856],[-70.905,-34.8571],[-70.9062,-34.8575],[-70.9076,-34.8573],[-70.909,-34.8567],[-70.9109,-34.8569],[-70.9135,-34.8576],[-70.9174,-34.8586],[-70.9184,-34.8586],[-70.919,-34.8587],[-70.9212,-34.8591],[-70.9244,-34.8589],[-70.9252,-34.8589],[-70.9273,-34.8597],[-70.929,-34.861],[-70.93,-34.8615],[-70.9321,-34.8618],[-70.9333,-34.863],[-70.9344,-34.8635],[-70.9353,-34.8636],[-70.9369,-34.8637],[-70.9472,-34.8688],[-70.9483,-34.8692],[-70.9512,-34.8704],[-70.9515,-34.8708],[-70.9523,-34.8715],[-70.9531,-34.8717],[-70.9561,-34.8719],[-70.9567,-34.8721],[-70.9582,-34.8717],[-70.9587,-34.8714],[-70.9683,-34.8647],[-70.9685,-34.8641],[-70.9681,-34.863],[-70.9677,-34.8626],[-70.9672,-34.8618],[-70.9671,-34.8611],[-70.9681,-34.8594],[-70.9685,-34.8591],[-70.9691,-34.8588],[-70.9696,-34.8586],[-70.9711,-34.8575],[-70.9715,-34.8571],[-70.9719,-34.8567],[-70.9729,-34.8555],[-70.9732,-34.8551],[-70.9746,-34.853],[-70.9749,-34.8526],[-70.9752,-34.8522],[-70.9755,-34.8517],[-70.9783,-34.8483],[-70.9796,-34.8467],[-70.9801,-34.844],[-70.9818,-34.8394],[-70.9921,-34.8347],[-70.9932,-34.8342],[-70.9975,-34.8331],[-70.9978,-34.8313],[-70.998,-34.8308],[-70.9992,-34.8298],[-70.9996,-34.8294],[-71.0107,-34.825],[-71.0111,-34.8253],[-71.0116,-34.8256],[-71.017,-34.8244],[-71.0169,-34.8238],[-71.0166,-34.8231],[-71.0166,-34.8225],[-71.0181,-34.8188],[-71.0185,-34.8184],[-71.0199,-34.8173],[-71.0207,-34.8172],[-71.0215,-34.8169],[-71.022,-34.8167],[-71.0224,-34.8164],[-71.0231,-34.8156],[-71.0233,-34.8152],[-71.0234,-34.8147],[-71.0233,-34.8143],[-71.0231,-34.8129],[-71.0242,-34.8094],[-71.0249,-34.8087],[-71.0318,-34.8046],[-71.0323,-34.8043],[-71.0332,-34.8037],[-71.0339,-34.8029],[-71.034,-34.8024],[-71.0364,-34.7999],[-71.0371,-34.8001],[-71.0389,-34.8005],[-71.0393,-34.8001],[-71.0402,-34.7996],[-71.0412,-34.7991],[-71.0462,-34.7949],[-71.0461,-34.7945],[-71.0482,-34.7927],[-71.0524,-34.805],[-71.0527,-34.8055],[-71.0553,-34.8081],[-71.0608,-34.8134],[-71.0661,-34.8187],[-71.0697,-34.8213],[-71.0719,-34.8223],[-71.0743,-34.8233],[-71.1005,-34.826],[-71.1018,-34.8244],[-71.1215,-34.8004],[-71.1267,-34.7959],[-71.1349,-34.7864],[-71.1359,-34.7867],[-71.1526,-34.7992],[-71.1532,-34.7995],[-71.1543,-34.7999],[-71.1551,-34.7998],[-71.156,-34.7994],[-71.1568,-34.7991],[-71.1599,-34.8],[-71.161,-34.8003],[-71.1687,-34.8017],[-71.1695,-34.8016],[-71.1703,-34.8013],[-71.1712,-34.8013],[-71.1741,-34.8017],[-71.1761,-34.802],[-71.1774,-34.8025],[-71.1789,-34.8041],[-71.179,-34.8048],[-71.1805,-34.8061],[-71.181,-34.8061],[-71.1811,-34.806],[-71.1831,-34.8046],[-71.1837,-34.804],[-71.2166,-34.8333],[-71.2174,-34.8338],[-71.2593,-34.8245],[-71.2602,-34.8244],[-71.2789,-34.7917],[-71.3594,-34.8315],[-71.3601,-34.832],[-71.3833,-34.8501],[-71.3869,-34.8866],[-71.3684,-34.8984],[-71.368,-34.8992],[-71.3664,-34.9085],[-71.3663,-34.9087],[-71.385,-34.9077],[-71.3864,-34.9062],[-71.3872,-34.9051],[-71.3878,-34.9044],[-71.3883,-34.9039],[-71.3885,-34.9031],[-71.3886,-34.9022],[-71.3891,-34.9017],[-71.3905,-34.9001],[-71.3916,-34.8989],[-71.3926,-34.8979],[-71.3968,-34.8947],[-71.3975,-34.8944],[-71.3985,-34.8943],[-71.3998,-34.8944],[-71.4054,-34.8977],[-71.4064,-34.8974],[-71.4069,-34.8971],[-71.4077,-34.8968],[-71.4086,-34.8968],[-71.4091,-34.8971],[-71.41,-34.8976],[-71.4112,-34.8981],[-71.4119,-34.8986],[-71.4124,-34.899],[-71.413,-34.8999],[-71.4134,-34.9007],[-71.414,-34.9017],[-71.4146,-34.9025],[-71.4153,-34.903],[-71.4165,-34.904],[-71.4174,-34.9046],[-71.4223,-34.9017],[-71.4217,-34.9011],[-71.4211,-34.9006],[-71.4204,-34.8991],[-71.4203,-34.8977],[-71.4212,-34.8962],[-71.4216,-34.8956],[-71.422,-34.8944],[-71.4221,-34.8934],[-71.4222,-34.8926],[-71.4237,-34.8911],[-71.4251,-34.8905],[-71.4256,-34.8899],[-71.4254,-34.8868],[-71.4256,-34.8861],[-71.4261,-34.8856],[-71.4267,-34.8851],[-71.4363,-34.8829],[-71.4365,-34.8826],[-71.4367,-34.8818],[-71.4368,-34.8812],[-71.4435,-34.881],[-71.4441,-34.8813],[-71.4515,-34.8876],[-71.4524,-34.8893],[-71.4531,-34.8915],[-71.4526,-34.8925],[-71.4529,-34.8942],[-71.4538,-34.8948],[-71.4588,-34.8986],[-71.4597,-34.8994],[-71.4676,-34.8995],[-71.4699,-34.8986],[-71.4798,-34.8949],[-71.4809,-34.8937],[-71.4818,-34.8927],[-71.4856,-34.8921],[-71.4863,-34.8919],[-71.4877,-34.8928],[-71.4881,-34.8932],[-71.4896,-34.8926],[-71.4901,-34.8918],[-71.4925,-34.8921],[-71.4933,-34.8926],[-71.4971,-34.8915],[-71.4981,-34.8909],[-71.4997,-34.89],[-71.5005,-34.8881],[-71.5008,-34.8877],[-71.5016,-34.8869],[-71.5023,-34.8865],[-71.5031,-34.8861],[-71.5036,-34.8855],[-71.504,-34.8853],[-71.5042,-34.8845],[-71.5057,-34.8819],[-71.5064,-34.8814],[-71.5203,-34.8763],[-71.5206,-34.8763],[-71.5237,-34.8763],[-71.5256,-34.8763],[-71.5267,-34.8763],[-71.5275,-34.8757],[-71.5294,-34.8728],[-71.5303,-34.8723],[-71.5474,-34.8755],[-71.5479,-34.8748],[-71.5482,-34.8744],[-71.5487,-34.8743],[-71.5994,-34.8831],[-71.5999,-34.8832],[-71.5999,-34.8833],[-71.601,-34.8834],[-71.6023,-34.8834],[-71.6131,-34.8674],[-71.6141,-34.8669],[-71.6152,-34.8671],[-71.6157,-34.8671],[-71.6209,-34.8643],[-71.6216,-34.8644],[-71.6222,-34.8646],[-71.6227,-34.865],[-71.6236,-34.8643],[-71.6234,-34.8639],[-71.6233,-34.8631],[-71.6236,-34.8625],[-71.6246,-34.862],[-71.6252,-34.8617],[-71.6258,-34.8616],[-71.6618,-34.8553],[-71.6735,-34.8775],[-71.6746,-34.8781],[-71.6755,-34.8785],[-71.6767,-34.8788],[-71.678,-34.8792],[-71.6796,-34.8804],[-71.6798,-34.8808],[-71.6797,-34.8812],[-71.6814,-34.8866],[-71.6815,-34.8872],[-71.6887,-34.8971],[-71.6886,-34.8972],[-71.6884,-34.8973],[-71.6881,-34.8973],[-71.6863,-34.8971],[-71.686,-34.897],[-71.6855,-34.897],[-71.685,-34.897],[-71.6842,-34.8968],[-71.6834,-34.8965],[-71.6821,-34.896],[-71.6818,-34.8959],[-71.6815,-34.8958],[-71.6806,-34.8963],[-71.6803,-34.8966],[-71.6788,-34.8976],[-71.6783,-34.8979],[-71.6779,-34.8983],[-71.6764,-34.9002],[-71.6759,-34.9005],[-71.6752,-34.901],[-71.6749,-34.9013],[-71.6741,-34.9022],[-71.6734,-34.9025],[-71.6696,-34.9026],[-71.6691,-34.9028],[-71.6675,-34.9045],[-71.6674,-34.9054],[-71.6674,-34.9057],[-71.6674,-34.9065],[-71.6711,-34.9139],[-71.6713,-34.9148],[-71.6718,-34.9168],[-71.6735,-34.9212],[-71.6972,-34.934],[-71.726,-34.9129],[-71.7261,-34.9131],[-71.7418,-34.8907],[-71.7422,-34.8902],[-71.7437,-34.8891],[-71.7454,-34.8883],[-71.747,-34.8879],[-71.7478,-34.8877],[-71.7582,-34.8782],[-71.7586,-34.8776],[-71.7744,-34.847],[-71.8062,-34.8338],[-71.8078,-34.8355],[-71.82,-34.8399],[-71.8206,-34.8397],[-71.8219,-34.8391],[-71.8222,-34.8389],[-71.823,-34.8374],[-71.8238,-34.837],[-71.8439,-34.8353],[-71.8445,-34.8342],[-71.8451,-34.8301],[-71.8454,-34.8269],[-71.8679,-34.8183],[-71.8681,-34.8183],[-71.8692,-34.818],[-71.8698,-34.818],[-71.8852,-34.818],[-71.8857,-34.8179],[-71.8878,-34.8173],[-71.8889,-34.8172],[-71.8914,-34.8154],[-71.8921,-34.8149],[-71.8986,-34.8166],[-71.8993,-34.8167],[-71.9049,-34.8158],[-71.9055,-34.8159],[-71.9076,-34.8162],[-71.9083,-34.8161],[-71.9091,-34.816],[-71.9104,-34.8158],[-71.9127,-34.8155],[-71.9141,-34.8147],[-71.9147,-34.8141],[-71.9154,-34.8135],[-71.9162,-34.8128],[-71.9188,-34.8105],[-71.9194,-34.8102],[-71.92,-34.8101],[-71.9224,-34.8093],[-71.9424,-34.7901],[-71.9434,-34.7896],[-71.9436,-34.7801],[-71.9439,-34.7782],[-71.9424,-34.7712],[-71.9424,-34.7709],[-71.9517,-34.7647],[-71.9521,-34.7645],[-71.953,-34.7637],[-71.953,-34.7634],[-71.9532,-34.763],[-71.9533,-34.7627],[-71.9534,-34.7623],[-71.9533,-34.7609],[-71.9535,-34.7605],[-71.9534,-34.7602],[-71.9534,-34.7598],[-71.9534,-34.7594],[-71.9591,-34.7543],[-71.9594,-34.754],[-71.9595,-34.7537],[-71.9648,-34.7502],[-71.9653,-34.7501],[-71.9656,-34.7501],[-71.9664,-34.75],[-71.9669,-34.7502],[-71.9671,-34.7503],[-71.9771,-34.754],[-71.9778,-34.7534],[-71.9783,-34.7528],[-71.9789,-34.7523],[-71.9795,-34.7519],[-71.9801,-34.7517],[-71.9959,-34.7411],[-71.9965,-34.741],[-71.997,-34.7408],[-71.9966,-34.7387],[-71.9964,-34.7382],[-71.9958,-34.7354],[-71.9959,-34.7349],[-71.9957,-34.7344],[-71.9953,-34.7338],[-71.9949,-34.7336],[-71.9946,-34.7327],[-71.9946,-34.7324],[-71.9984,-34.7294],[-71.9986,-34.7288],[-71.9987,-34.7284],[-71.9947,-34.718],[-71.9946,-34.7176],[-71.9972,-34.7146],[-71.9981,-34.7143],[-72.0001,-34.7139],[-72.0018,-34.7132],[-72.0024,-34.7107],[-72.0025,-34.7104],[-72.0026,-34.7098],[-72.0031,-34.7077],[-72.0037,-34.7065],[-72.0046,-34.7055],[-72.005,-34.705],[-72.0062,-34.7041],[-72.008,-34.7035],[-72.0087,-34.7032],[-72.0091,-34.703],[-72.0215,-34.6986],[-72.0224,-34.6986],[-72.0282,-34.7003],[-72.03,-34.7009],[-72.0347,-34.6989],[-72.0356,-34.6976],[-72.0362,-34.6965],[-72.0363,-34.6952],[-72.0363,-34.6945],[-72.0362,-34.6941],[-72.0359,-34.6934],[-72.0356,-34.6923],[-72.0343,-34.6876],[-72.0343,-34.6873]]]},"properties":{"code":7}},
{"type":"Feature","geometry":{"type":"Polygon","coordinates":[[[-72.0004,-34.1696],[-71.9824,-34.2273],[-71.9721,-34.2994],[-71.9808,-34.362],[-72.0266,-34.3939],[-72.0457,-34.4335],[-72.0245,-34.4886],[-72.0533,-34.5602],[-72.0414,-34.596],[-72.056,-34.6871],[-72.0558,-34.6873],[-72.0535,-34.6875],[-72.0512,-34.6876],[-72.0478,-34.6874],[-72.0428,-34.6864],[-72.0415,-34.6857],[-72.0408,-34.6852],[-72.0406,-34.6851],[-72.04,-34.6847],[-72.0375,-34.6849],[-72.0365,-34.685],[-72.035,-34.6859],[-72.0346,-34.6865],[-72.0344,-34.687],[-72.0343,-34.6873],[-72.0343,-34.6876],[-72.0356,-34.6923],[-72.0359,-34.6934],[-72.0362,-34.6941],[-72.0363,-34.6945],[-72.0363,-34.6952],[-72.0362,-34.6965],[-72.0356,-34.6976],[-72.0347,-34.6989],[-72.03,-34.7009],[-72.0282,-34.7003],[-72.0224,-34.6986],[-72.0215,-34.6986],[-72.0091,-34.703],[-72.0087,-34.7032],[-72.008,-34.7035],[-72.0062,-34.7041],[-72.005,-34.705],[-72.0046,-34.7055],[-72.0037,-34.7065],[-72.0031,-34.7077],[-72.0026,-34.7098],[-72.0025,-34.7104],[-72.0024,-34.7107],[-72.0018,-34.7132],[-72.0001,-34.7139],[-71.9981,-34.7143],[-71.9972,-34.7146],[-71.9946,-34.7176],[-71.9947,-34.718],[-71.9987,-34.7284],[-71.9986,-34.7288],[-71.9984,-34.7294],[-71.9946,-34.7324],[-71.9946,-34.7327],[-71.9949,-34.7336],[-71.9953,-34.7338],[-71.9957,-34.7344],[-71.9959,-34.7349],[-71.9958,-34.7354],[-71.9964,-34.7382],[-71.9966,-34.7387],[-71.997,-34.7408],[-71.9965,-34.741],[-71.9959,-34.7411],[-71.9801,-34.7517],[-71.9795,-34.7519],[-71.9789,-34.7523],[-71.9783,-34.7528],[-71.9778,-34.7534],[-71.9771,-34.754],[-71.9671,-34.7503],[-71.9669,-34.7502],[-71.9664,-34.75],[-71.9656,-34.7501],[-71.9653,-34.7501],[-71.9648,-34.7502],[-71.9595,-34.7537],[-71.9594,-34.754],[-71.9591,-34.7543],[-71.9534,-34.7594],[-71.9534,-34.7598],[-71.9534,-34.7602],[-71.9535,-34.7605],[-71.9533,-34.7609],[-71.9534,-34.7623],[-71.9533,-34.7627],[-71.9532,-34.763],[-71.953,-34.7634],[-71.953,-34.7637],[-71.9521,-34.7645],[-71.9517,-34.7647],[-71.9424,-34.7709],[-71.9424,-34.7712],[-71.9439,-34.7782],[-71.9436,-34.7801],[-71.9434,-34.7896],[-71.9424,-34.7901],[-71.9224,-34.8093],[-71.92,-34.8101],[-71.9194,-34.8102],[-71.9188,-34.8105],[-71.9162,-34.8128],[-71.9154,-34.8135],[-71.9147,-34.8141],[-71.9141,-34.8147],[-71.9127,-34.8155],[-71.9104,-34.8158],[-71.9091,-34.816],[-71.9083,-34.8161],[-71.9076,-34.8162],[-71.9055,-34.8159],[-71.9049,-34.8158],[-71.8993,-34.8167],[-71.8986,-34.8166],[-71.8921,-34.8149],[-71.8914,-34.8154],[-71.8889,-34.8172],[-71.8878,-34.8173],[-71.8857,-34.8179],[-71.8852,-34.818],[-71.8698,-34.818],[-71.8692,-34.818],[-71.8681,-34.8183],[-71.8679,-34.8183],[-71.8454,-34.8269],[-71.8451,-34.8301],[-71.8445,-34.8342],[-71.8439,-34.8353],[-71.8238,-34.837],[-71.823,-34.8374],[-71.8222,-34.8389],[-71.8219,-34.8391],[-71.8206,-34.8397],[-71.82,-34.8399],[-71.8078,-34.8355],[-71.8062,-34.8338],[-71.7744,-34.847],[-71.7586,-34.8776],[-71.7582,-34.8782],[-71.7478,-34.8877],[-71.747,-34.8879],[-71.7454,-34.8883],[-71.7437,-34.8891],[-71.7422,-34.8902],[-71.7418,-34.8907],[-71.7261,-34.9131],[-71.726,-34.9129],[-71.6972,-34.934],[-71.6735,-34.9212],[-71.6718,-34.9168],[-71.6713,-34.9148],[-71.6711,-34.9139],[-71.6674,-34.9065],[-71.6674,-34.9057],[-71.6674,-34.9054],[-71.6675,-34.9045],[-71.6691,-34.9028],[-71.6696,-34.9026],[-71.6734,-34.9025],[-71.6741,-34.9022],[-71.6749,-34.9013],[-71.6752,-34.901],[-71.6759,-34.9005],[-71.6764,-34.9002],[-71.6779,-34.8983],[-71.6783,-34.8979],[-71.6788,-34.8976],[-71.6803,-34.8966],[-71.6806,-34.8963],[-71.6815,-34.8958],[-71.6818,-34.8959],[-71.6821,-34.896],[-71.6834,-34.8965],[-71.6842,-34.8968],[-71.685,-34.897],[-71.6855,-34.897],[-71.686,-34.897],[-71.6863,-34.8971],[-71.6881,-34.8973],[-71.6884,-34.8973],[-71.6886,-34.8972],[-71.6887,-34.8971],[-71.6815,-34.8872],[-71.6814,-34.8866],[-71.6797,-34.8812],[-71.6798,-34.8808],[-71.6796,-34.8804],[-71.678,-34.8792],[-71.6767,-34.8788],[-71.6755,-34.8785],[-71.6746,-34.8781],[-71.6735,-34.8775],[-71.6618,-34.8553],[-71.6258,-34.8616],[-71.6252,-34.8617],[-71.6246,-34.862],[-71.6236,-34.8625],[-71.6233,-34.8631],[-71.6234,-34.8639],[-71.6236,-34.8643],[-71.6227,-34.865],[-71.6222,-34.8646],[-71.6216,-34.8644],[-71.6209,-34.8643],[-71.6157,-34.8671],[-71.6152,-34.8671],[-71.6141,-34.8669],[-71.6131,-34.8674],[-71.6023,-34.8834],[-71.601,-34.8834],[-71.5999,-34.8833],[-71.5999,-34.8832],[-71.5994,-34.8831],[-71.5487,-34.8743],[-71.5482,-34.8744],[-71.5479,-34.8748],[-71.5474,-34.8755],[-71.5303,-34.8723],[-71.5294,-34.8728],[-71.5275,-34.8757],[-71.5267,-34.8763],[-71.5256,-34.8763],[-71.5237,-34.8763],[-71.5206,-34.8763],[-71.5203,-34.8763],[-71.5064,-34.8814],[-71.5057,-34.8819],[-71.5042,-34.8845],[-71.504,-34.8853],[-71.5036,-34.8855],[-71.5031,-34.8861],[-71.5023,-34.8865],[-71.5016,-34.8869],[-71.5008,-34.8877],[-71.5005,-34.8881],[-71.4997,-34.89],[-71.4981,-34.8909],[-71.4971,-34.8915],[-71.4933,-34.8926],[-71.4925,-34.8921],[-71.4901,-34.8918],[-71.4896,-34.8926],[-71.4881,-34.8932],[-71.4877,-34.8928],[-71.4863,-34.8919],[-71.4856,-34.8921],[-71.4818,-34.8927],[-71.4809,-34.8937],[-71.4798,-34.8949],[-71.4699,-34.8986],[-71.4676,-34.8995],[-71.4597,-34.8994],[-71.4588,-34.8986],[-71.4538,-34.8948],[-71.4529,-34.8942],[-71.4526,-34.8925],[-71.4531,-34.8915],[-71.4524,-34.8893],[-71.4515,-34.8876],[-71.4441,-34.8813],[-71.4435,-34.881],[-71.4368,-34.8812],[-71.4367,-34.8818],[-71.4365,-34.8826],[-71.4363,-34.8829],[-71.4267,-34.8851],[-71.4261,-34.8856],[-71.4256,-34.8861],[-71.4254,-34.8868],[-71.4256,-34.8899],[-71.4251,-34.8905],[-71.4237,-34.8911],[-71.4222,-34.8926],[-71.4221,-34.8934],[-71.422,-34.8944],[-71.4216,-34.8956],[-71.4212,-34.8962],[-71.4203,-34.8977],[-71.4204,-34.8991],[-71.4211,-34.9006],[-71.4217,-34.9011],[-71.4223,-34.9017],[-71.4174,-34.9046],[-71.4165,-34.904],[-71.4153,-34.903],[-71.4146,-34.9025],[-71.414,-34.9017],[-71.4134,-34.9007],[-71.413,-34.8999],[-71.4124,-34.899],[-71.4119,-34.8986],[-71.4112,-34.8981],[-71.41,-34.8976],[-71.4091,-34.8971],[-71.4086,-34.8968],[-71.4077,-34.8968],[-71.4069,-34.8971],[-71.4064,-34.8974],[-71.4054,-34.8977],[-71.3998,-34.8944],[-71.3985,-34.8943],[-71.3975,-34.8944],[-71.3968,-34.8947],[-71.3926,-34.8979],[-71.3916,-34.8989],[-71.3905,-34.9001],[-71.3891,-34.9017],[-71.3886,-34.9022],[-71.3885,-34.9031],[-71.3883,-34.9039],[-71.3878,-34.9044],[-71.3872,-34.9051],[-71.3864,-34.9062],[-71.385,-34.9077],[-71.3663,-34.9087],[-71.3664,-34.9085],[-71.368,-34.8992],[-71.3684,-34.8984],[-71.3869,-34.8866],[-71.3833,-34.8501],[-71.3601,-34.832],[-71.3594,-34.8315],[-71.2789,-34.7917],[-71.2602,-34.8244],[-71.2593,-34.8245],[-71.2174,-34.8338],[-71.2166,-34.8333],[-71.1837,-34.804],[-71.1831,-34.8046],[-71.1811,-34.806],[-71.181,-34.8061],[-71.1805,-34.8061],[-71.179,-34.8048],[-71.1789,-34.8041],[-71.1774,-34.8025],[-71.1761,-34.802],[-71.1741,-34.8017],[-71.1712,-34.8013],[-71.1703,-34.8013],[-71.1695,-34.8016],[-71.1687,-34.8017],[-71.161,-34.8003],[-71.1599,-34.8],[-71.1568,-34.7991],[-71.156,-34.7994],[-71.1551,-34.7998],[-71.1543,-34.7999],[-71.1532,-34.7995],[-71.1526,-34.7992],[-71.1359,-34.7867],[-71.1349,-34.7864],[-71.1267,-34.7959],[-71.1215,-34.8004],[-71.1018,-34.8244],[-71.1005,-34.826],[-71.0743,-34.8233],[-71.0719,-34.8223],[-71.0697,-34.8213],[-71.0661,-34.8187],[-71.0608,-34.8134],[-71.0553,-34.8081],[-71.0527,-34.8055],[-71.0524,-34.805],[-71.0482,-34.7927],[-71.0461,-34.7945],[-71.0462,-34.7949],[-71.0412,-34.7991],[-71.0402,-34.7996],[-71.0393,-34.8001],[-71.0389,-34.8005],[-71.0371,-34.8001],[-71.0364,-34.7999],[-71.034,-34.8024],[-71.0339,-34.8029],[-71.0332,-34.8037],[-71.0323,-34.8043],[-71.0318,-34.8046],[-71.0249,-34.8087],[-71.0242,-34.8094],[-71.0231,-34.8129],[-71.0233,-34.8143],[-71.0234,-34.8147],[-71.0233,-34.8152],[-71.0231,-34.8156],[-71.0224,-34.8164],[-71.022,-34.8167],[-71.0215,-34.8169],[-71.0207,-34.8172],[-71.0199,-34.8173],[-71.0185,-34.8184],[-71.0181,-34.8188],[-71.0166,-34.8225],[-71.0166,-34.8231],[-71.0169,-34.8238],[-71.017,-34.8244],[-71.0116,-34.8256],[-71.0111,-34.8253],[-71.0107,-34.825],[-70.9996,-34.8294],[-70.9992,-34.8298],[-70.998,-34.8308],[-70.9978,-34.8313],[-70.9975,-34.8331],[-70.9932,-34.8342],[-70.9921,-34.8347],[-70.9818,-34.8394],[-70.9801,-34.844],[-70.9796,-34.8467],[-70.9783,-34.8483],[-70.9755,-34.8517],[-70.9752,-34.8522],[-70.9749,-34.8526],[-70.9746,-34.853],[-70.9732,-34.8551],[-70.9729,-34.8555],[-70.9719,-34.8567],[-70.9715,-34.8571],[-70.9711,-34.8575],[-70.9696,-34.8586],[-70.9691,-34.8588],[-70.9685,-34.8591],[-70.9681,-34.8594],[-70.9671,-34.8611],[-70.9672,-34.8618],[-70.9677,-34.8626],[-70.9681,-34.863],[-70.9685,-34.8641],[-70.9683,-34.8647],[-70.9587,-34.8714],[-70.9582,-34.8717],[-70.9567,-34.8721],[-70.9561,-34.8719],[-70.9531,-34.8717],[-70.9523,-34.8715],[-70.9515,-34.8708],[-70.9512,-34.8704],[-70.9483,-34.8692],[-70.9472,-34.8688],[-70.9369,-34.8637],[-70.9353,-34.8636],[-70.9344,-34.8635],[-70.9333,-34.863],[-70.9321,-34.8618],[-70.93,-34.8615],[-70.929,-34.861],[-70.9273,-34.8597],[-70.9252,-34.8589],[-70.9244,-34.8589],[-70.9212,-34.8591],[-70.919,-34.8587],[-70.9184,-34.8586],[-70.9174,-34.8586],[-70.9135,-34.8576],[-70.9109,-34.8569],[-70.909,-34.8567],[-70.9076,-34.8573],[-70.9062,-34.8575],[-70.905,-34.8571],[-70.9032,-34.856],[-70.8996,-34.8559],[-70.8948,-34.8524],[-70.8915,-34.8513],[-70.889,-34.8505],[-70.8816,-34.8502],[-70.8785,-34.8513],[-70.8773,-34.8513],[-70.8754,-34.8524],[-70.8738,-34.8527],[-70.87,-34.8524],[-70.8613,-34.8537],[-70.8597,-34.8546],[-70.8473,-34.8599],[-70.8466,-34.86],[-70.8458,-34.8601],[-70.8447,-34.8609],[-70.8414,-34.8623],[-70.8412,-34.8623],[-70.8401,-34.8624],[-70.8399,-34.8625],[-70.8385,-34.8642],[-70.8383,-34.8642],[-70.8344,-34.8663],[-70.834,-34.8666],[-70.8326,-34.8677],[-70.8323,-34.8677],[-70.8294,-34.8677],[-70.8291,-34.868],[-70.8118,-34.8536],[-70.8107,-34.8527],[-70.7847,-34.8587],[-70.7843,-34.8587],[-70.7699,-34.8595],[-70.7675,-34.8609],[-70.7663,-34.8625],[-70.7632,-34.8645],[-70.7607,-34.8664],[-70.7602,-34.8687],[-70.7601,-34.8691],[-70.7566,-34.8728],[-70.7551,-34.8738],[-70.7511,-34.8751],[-70.7504,-34.8766],[-70.7502,-34.8793],[-70.7488,-34.8843],[-70.7484,-34.8846],[-70.7481,-34.8847],[-70.7226,-34.8961],[-70.7224,-34.8964],[-70.7217,-34.897],[-70.7206,-34.8975],[-70.7183,-34.8997],[-70.7146,-34.9024],[-70.7133,-34.9055],[-70.7129,-34.9101],[-70.7012,-34.9185],[-70.6978,-34.9233],[-70.6948,-34.9258],[-70.6861,-34.9239],[-70.6859,-34.9239],[-70.6848,-34.9259],[-70.6839,-34.9275],[-70.6835,-34.9282],[-70.682,-34.9298],[-70.6813,-34.9301],[-70.676,-34.9354],[-70.6744,-34.9366],[-70.6727,-34.9414],[-70.6721,-34.9416],[-70.6718,-34.9418],[-70.6709,-34.9436],[-70.6707,-34.9445],[-70.6667,-34.955],[-70.6665,-34.9562],[-70.6669,-34.9592],[-70.6669,-34.9595],[-70.6168,-34.9695],[-70.6152,-34.9662],[-70.6137,-34.9603],[-70.6108,-34.9596],[-70.6086,-34.959],[-70.6068,-34.959],[-70.6045,-34.9589],[-70.6037,-34.9584],[-70.6011,-34.9573],[-70.5983,-34.9569],[-70.5958,-34.9574],[-70.5931,-34.9587],[-70.5897,-34.9604],[-70.5894,-34.9605],[-70.5891,-34.9607],[-70.5861,-34.9617],[-70.5854,-34.9613],[-70.5846,-34.9582],[-70.5835,-34.9574],[-70.5818,-34.9568],[-70.5795,-34.9564],[-70.5775,-34.9564],[-70.5743,-34.9558],[-70.5739,-34.9557],[-70.5718,-34.9552],[-70.5715,-34.9551],[-70.5692,-34.9538],[-70.569,-34.9535],[-70.5685,-34.9398],[-70.5683,-34.9397],[-70.5647,-34.9399],[-70.5626,-34.9404],[-70.5498,-34.9367],[-70.5487,-34.9355],[-70.5437,-34.934],[-70.5433,-34.934],[-70.5409,-34.9344],[-70.5407,-34.9352],[-70.5398,-34.9388],[-70.5391,-34.9393],[-70.5395,-34.9414],[-70.5403,-34.9429],[-70.5403,-34.9435],[-70.5393,-34.9444],[-70.5386,-34.9456],[-70.5391,-34.9469],[-70.5396,-34.9479],[-70.5392,-34.9486],[-70.539,-34.9491],[-70.5389,-34.9494],[-70.5377,-34.9506],[-70.5372,-34.9506],[-70.5365,-34.9511],[-70.4873,-34.9759],[-70.4777,-34.9942],[-70.4106,-34.9847],[-70.3932,-34.9934],[-70.3925,-34.9947],[-70.3728,-35.001],[-70.3712,-35.0021],[-70.365,-35.0053],[-70.334,-34.9912],[-70.3213,-34.9328],[-70.2483,-34.7993],[-70.3094,-34.7697],[-70.3063,-34.7474],[-70.2585,-34.7294],[-70.2463,-34.6925],[-70.2129,-34.6697],[-70.2179,-34.6119],[-70.1774,-34.5755],[-70.1341,-34.5099],[-70.1318,-34.4879],[-70.0807,-34.4721],[-70.0476,-34.4317],[-70.0129,-34.4119],[-70.0258,-34.3666],[-70.0144,-34.3384],[-70.0306,-34.2886],[-70.0313,-34.2883],[-70.032,-34.288],[-70.0512,-34.2809],[-70.0506,-34.2259],[-70.0774,-34.198],[-70.1152,-34.2003],[-70.1473,-34.1792],[-70.1645,-34.14],[-70.1579,-34.1111],[-70.1837,-34.0333],[-70.2449,-34.0352],[-70.2614,-34.0712],[-70.3261,-34.0595],[-70.3444,-34.0391],[-70.3211,-34.0003],[-70.3508,-33.9673],[-70.3786,-33.9188],[-70.3749,-33.8837],[-70.4188,-33.8563],[-70.5026,-33.863],[-70.5161,-33.888],[-70.5172,-33.8877],[-70.5577,-33.8843],[-70.6172,-33.9018],[-70.6629,-33.9382],[-70.7089,-33.9055],[-70.7253,-33.9186],[-70.7257,-33.9183],[-70.7583,-33.9429],[-70.7954,-33.9317],[-70.8249,-33.9619],[-70.7981,-33.9748],[-70.7933,-33.9999],[-70.8177,-34.0355],[-70.8185,-34.0354],[-70.8882,-34.0387],[-70.8914,-34.072],[-70.9339,-34.0857],[-70.9412,-34.1052],[-70.9143,-34.1447],[-70.9149,-34.1444],[-70.9167,-34.1455],[-70.9175,-34.1457],[-70.9183,-34.1459],[-70.9192,-34.1461],[-70.9219,-34.1467],[-70.9238,-34.1475],[-70.929,-34.1494],[-70.9688,-34.172],[-71.0326,-34.1648],[-71.0716,-34.1842],[-71.1109,-34.167],[-71.112,-34.1669],[-71.1195,-34.1642],[-71.1201,-34.1643],[-71.1347,-34.1663],[-71.1357,-34.1663],[-71.1384,-34.1651],[-71.1415,-34.1654],[-71.1849,-34.1584],[-71.2147,-34.1356],[-71.2437,-34.0953],[-71.2674,-34.0836],[-71.2707,-34.0524],[-71.312,-34.0439],[-71.3468,-34.0609],[-71.3517,-34.0651],[-71.3537,-34.0637],[-71.3559,-34.0634],[-71.3566,-34.0633],[-71.3588,-34.0629],[-71.3618,-34.0619],[-71.3637,-34.0615],[-71.3643,-34.0613],[-71.3788,-34.0646],[-71.38,-34.0648],[-71.3814,-34.0654],[-71.3827,-34.0668],[-71.3869,-34.0679],[-71.3893,-34.0739],[-71.3897,-34.0756],[-71.3902,-34.076],[-71.392,-34.0748],[-71.3927,-34.0743],[-71.4123,-34.0379],[-71.4502,-34.0155],[-71.4509,-34.0157],[-71.4527,-34.0157],[-71.4558,-34.0164],[-71.4573,-34.0179],[-71.458,-34.0181],[-71.4601,-34.0169],[-71.4619,-34.0146],[-71.4639,-34.0137],[-71.466,-34.013],[-71.4687,-34.0113],[-71.4714,-34.0111],[-71.4721,-34.0109],[-71.4725,-34.0108],[-71.4731,-34.0107],[-71.5034,-33.997],[-71.5547,-33.9931],[-71.5551,-33.9928],[-71.5561,-33.9922],[-71.5566,-33.9921],[-71.5639,-33.9868],[-71.566,-33.987],[-71.5667,-33.9871],[-71.569,-33.9929],[-71.5696,-33.9946],[-71.5715,-34.005],[-71.5721,-34.0071],[-71.5739,-34.0075],[-71.5758,-34.0081],[-71.5807,-34.0115],[-71.5804,-34.0143],[-71.5757,-34.0226],[-71.5843,-34.032],[-71.5854,-34.0329],[-71.586,-34.0334],[-71.5873,-34.0341],[-71.5948,-34.0262],[-71.5957,-34.0259],[-71.5969,-34.0253],[-71.5985,-34.0218],[-71.5998,-34.0208],[-71.6147,-34.0034],[-71.6308,-34.0024],[-71.6326,-34.0022],[-71.6338,-34.0018],[-71.6347,-34.0019],[-71.6356,-34.0017],[-71.636,-34.0014],[-71.6367,-34.0013],[-71.6375,-34.0014],[-71.6408,-34.0009],[-71.6491,-33.9973],[-71.6597,-33.9959],[-71.6635,-33.9979],[-71.6643,-33.9979],[-71.6651,-33.998],[-71.6714,-33.9727],[-71.6722,-33.9726],[-71.6785,-33.9743],[-71.68,-33.9743],[-71.689,-33.9723],[-71.6922,-33.9749],[-71.6951,-33.9752],[-71.7017,-33.9681],[-71.7024,-33.9682],[-71.7086,-33.9679],[-71.7096,-33.9677],[-71.7098,-33.9676],[-71.7112,-33.967],[-71.7082,-33.9588],[-71.7089,-33.9575],[-71.7095,-33.9554],[-71.7097,-33.9548],[-71.7101,-33.9541],[-71.7113,-33.9521],[-71.7121,-33.9506],[-71.7126,-33.9497],[-71.7128,-33.9491],[-71.7145,-33.9483],[-71.7152,-33.9487],[-71.7159,-33.9491],[-71.7178,-33.9502],[-71.719,-33.9532],[-71.7191,-33.9555],[-71.7194,-33.9558],[-71.7206,-33.956],[-71.7225,-33.9561],[-71.7273,-33.9447],[-71.7281,-33.9438],[-71.7287,-33.943],[-71.7299,-33.942],[-71.7364,-33.9393],[-71.7428,-33.9394],[-71.7463,-33.9399],[-71.7481,-33.94],[-71.7512,-33.9398],[-71.7542,-33.9384],[-71.7538,-33.934],[-71.7536,-33.9332],[-71.7511,-33.9272],[-71.758,-33.9218],[-71.7598,-33.9228],[-71.7619,-33.9243],[-71.7644,-33.9268],[-71.7655,-33.9286],[-71.7665,-33.9301],[-71.7677,-33.9345],[-71.768,-33.9352],[-71.771,-33.9364],[-71.7713,-33.9365],[-71.7724,-33.9365],[-71.7743,-33.9363],[-71.7821,-33.935],[-71.7826,-33.9344],[-71.7841,-33.9326],[-71.7845,-33.9311],[-71.7845,-33.9304],[-71.7836,-33.9287],[-71.7825,-33.9272],[-71.7821,-33.9257],[-71.7823,-33.9242],[-71.786,-33.9213],[-71.7881,-33.9191],[-71.7885,-33.9186],[-71.7904,-33.9183],[-71.7916,-33.9183],[-71.7928,-33.9191],[-71.7934,-33.9195],[-71.7952,-33.92],[-71.7966,-33.9202],[-71.799,-33.9182],[-71.8007,-33.9153],[-71.8027,-33.9135],[-71.8041,-33.9117],[-71.8057,-33.9095],[-71.8098,-33.9073],[-71.812,-33.9076],[-71.8131,-33.9079],[-71.814,-33.9083],[-71.8178,-33.9098],[-71.8198,-33.9103],[-71.8231,-33.912],[-71.8239,-33.9129],[-71.825,-33.914],[-71.8264,-33.9156],[-71.8294,-33.9183],[-71.831,-33.9195],[-71.8365,-33.9242],[-71.8369,-33.9241],[-71.8402,-33.9228],[-71.8415,-33.9215],[-71.8425,-33.9207],[-71.843,-33.9199],[-71.8424,-33.9171],[-71.8416,-33.9159],[-71.8412,-33.9152],[-71.8368,-33.9114],[-71.8356,-33.9108],[-71.8336,-33.9087],[-71.8323,-33.9061],[-71.8322,-33.9055],[-71.8323,-33.9048],[-71.8445,-33.9121],[-71.8549,-33.9431],[-71.8833,-33.9634],[-71.8991,-34.0084],[-71.9417,-34.0452],[-71.9448,-34.0719],[-72.0087,-34.1321],[-72.0004,-34.1696]]]},"properties":{"code":6}}
]}