[2026-07-03 22:58:46] testing.ERROR: No application encryption key has been specified. {"exception":"[object] (Illuminate\\Encryption\\MissingAppKeyException(code: 0): No application encryption key has been specified. at C:/Aplicaciones con c#/SitioWebQueeconomico/vendor/laravel/framework/src/Illuminate/Encryption/EncryptionServiceProvider.php:83)
[stacktrace]
#0 C:/Aplicaciones con c#/SitioWebQueeconomico/vendor/laravel/framework/src/Illuminate/Support/helpers.php(393): Illuminate/Encryption/EncryptionServiceProvider->Illuminate/Encryption/{closure}(NULL)
#1 C:/Aplicaciones con c#/SitioWebQueeconomico/vendor/laravel/framework/src/Illuminate/Encryption/EncryptionServiceProvider.php(81): tap(NULL, Object(Closure))
#2 C:/Aplicaciones con c#/SitioWebQueeconomico/vendor/laravel/framework/src/Illuminate/Encryption/EncryptionServiceProvider.php(64): Illuminate/Encryption/EncryptionServiceProvider->key(Array)
#3 C:/Aplicaciones con c#/SitioWebQueeconomico/vendor/laravel/framework/src/Illuminate/Encryption/EncryptionServiceProvider.php(32): Illuminate/Encryption/EncryptionServiceProvider->parseKey(Array)
#4 C:/Aplicaciones con c#/SitioWebQueeconomico/vendor/laravel/framework/src/Illuminate/Container/Container.php(1115): Illuminate/Encryption/EncryptionServiceProvider->Illuminate/Encryption/{closure}(Object(Illuminate/Foundation/Application), Array)
#5 C:/Aplicaciones con c#/SitioWebQueeconomico/vendor/laravel/framework/src/Illuminate/Container/Container.php(933): Illuminate/Container/Container->build(Object(Closure))
#6 C:/Aplicaciones con c#/SitioWebQueeconomico/vendor/laravel/framework/src/Illuminate/Foundation/Application.php(1078): Illuminate/Container/Container->resolve('encrypter', Array, true)
#7 C:/Aplicaciones con c#/SitioWebQueeconomico/vendor/laravel/framework/src/Illuminate/Container/Container.php(864): Illuminate/Foundation/Application->resolve('encrypter', Array)
#8 C:/Aplicaciones con c#/SitioWebQueeconomico/vendor/laravel/framework/src/Illuminate/Foundation/Application.php(1058): Illuminate/Container/Container->make('encrypter', Array)
#9 C:/Aplicaciones con c#/SitioWebQueeconomico/vendor/laravel/framework/src/Illuminate/Container/Container.php(1336): Illuminate/Foundation/Application->make('encrypter')
#10 C:/Aplicaciones con c#/SitioWebQueeconomico/vendor/laravel/framework/src/Illuminate/Container/Container.php(1237): Illuminate/Container/Container->resolveClass(Object(ReflectionParameter), 'Illuminate//Cont...')
#11 C:/Aplicaciones con c#/SitioWebQueeconomico/vendor/laravel/framework/src/Illuminate/Container/Container.php(1162): Illuminate/Container/Container->resolveDependencies(Array)
#12 C:/Aplicaciones con c#/SitioWebQueeconomico/vendor/laravel/framework/src/Illuminate/Container/Container.php(933): Illuminate/Container/Container->build('Illuminate//Cook...')
#13 C:/Aplicaciones con c#/SitioWebQueeconomico/vendor/laravel/framework/src/Illuminate/Foundation/Application.php(1078): Illuminate/Container/Container->resolve('Illuminate//Cook...', Array, true)
#14 C:/Aplicaciones con c#/SitioWebQueeconomico/vendor/laravel/framework/src/Illuminate/Container/Container.php(864): Illuminate/Foundation/Application->resolve('Illuminate//Cook...', Array)
#15 C:/Aplicaciones con c#/SitioWebQueeconomico/vendor/laravel/framework/src/Illuminate/Foundation/Application.php(1058): Illuminate/Container/Container->make('Illuminate//Cook...', Array)
#16 C:/Aplicaciones con c#/SitioWebQueeconomico/vendor/laravel/framework/src/Illuminate/Pipeline/Pipeline.php(208): Illuminate/Foundation/Application->make('Illuminate//Cook...')
#17 C:/Aplicaciones con c#/SitioWebQueeconomico/vendor/laravel/framework/src/Illuminate/Pipeline/Pipeline.php(137): Illuminate/Pipeline/Pipeline->Illuminate/Pipeline/{closure}(Object(Illuminate/Http/Request))
#18 C:/Aplicaciones con c#/SitioWebQueeconomico/vendor/laravel/framework/src/Illuminate/Routing/Router.php(821): Illuminate/Pipeline/Pipeline->then(Object(Closure))
#19 C:/Aplicaciones con c#/SitioWebQueeconomico/vendor/laravel/framework/src/Illuminate/Routing/Router.php(800): Illuminate/Routing/Router->runRouteWithinStack(Object(Illuminate/Routing/Route), Object(Illuminate/Http/Request))
#20 C:/Aplicaciones con c#/SitioWebQueeconomico/vendor/laravel/framework/src/Illuminate/Routing/Router.php(764): Illuminate/Routing/Router->runRoute(Object(Illuminate/Http/Request), Object(Illuminate/Routing/Route))
#21 C:/Aplicaciones con c#/SitioWebQueeconomico/vendor/laravel/framework/src/Illuminate/Routing/Router.php(753): Illuminate/Routing/Router->dispatchToRoute(Object(Illuminate/Http/Request))
#22 C:/Aplicaciones con c#/SitioWebQueeconomico/vendor/laravel/framework/src/Illuminate/Foundation/Http/Kernel.php(200): Illuminate/Routing/Router->dispatch(Object(Illuminate/Http/Request))
#23 C:/Aplicaciones con c#/SitioWebQueeconomico/vendor/laravel/framework/src/Illuminate/Pipeline/Pipeline.php(180): Illuminate/Foundation/Http/Kernel->Illuminate/Foundation/Http/{closure}(Object(Illuminate/Http/Request))
#24 C:/Aplicaciones con c#/SitioWebQueeconomico/app/Http/Middleware/SecurityHeadersMiddleware.php(13): Illuminate/Pipeline/Pipeline->Illuminate/Pipeline/{closure}(Object(Illuminate/Http/Request))
#25 C:/Aplicaciones con c#/SitioWebQueeconomico/vendor/laravel/framework/src/Illuminate/Pipeline/Pipeline.php(219): App/Http/Middleware/SecurityHeadersMiddleware->handle(Object(Illuminate/Http/Request), Object(Closure))
#26 C:/Aplicaciones con c#/SitioWebQueeconomico/vendor/laravel/framework/src/Illuminate/Foundation/Http/Middleware/TransformsRequest.php(21): Illuminate/Pipeline/Pipeline->Illuminate/Pipeline/{closure}(Object(Illuminate/Http/Request))
#27 C:/Aplicaciones con c#/SitioWebQueeconomico/vendor/laravel/framework/src/Illuminate/Foundation/Http/Middleware/ConvertEmptyStringsToNull.php(31): Illuminate/Foundation/Http/Middleware/TransformsRequest->handle(Object(Illuminate/Http/Request), Object(Closure))
#28 C:/Aplicaciones con c#/SitioWebQueeconomico/vendor/laravel/framework/src/Illuminate/Pipeline/Pipeline.php(219): Illuminate/Foundation/Http/Middleware/ConvertEmptyStringsToNull->handle(Object(Illuminate/Http/Request), Object(Closure))
#29 C:/Aplicaciones con c#/SitioWebQueeconomico/vendor/laravel/framework/src/Illuminate/Foundation/Http/Middleware/TransformsRequest.php(21): Illuminate/Pipeline/Pipeline->Illuminate/Pipeline/{closure}(Object(Illuminate/Http/Request))
#30 C:/Aplicaciones con c#/SitioWebQueeconomico/vendor/laravel/framework/src/Illuminate/Foundation/Http/Middleware/TrimStrings.php(51): Illuminate/Foundation/Http/Middleware/TransformsRequest->handle(Object(Illuminate/Http/Request), Object(Closure))
#31 C:/Aplicaciones con c#/SitioWebQueeconomico/vendor/laravel/framework/src/Illuminate/Pipeline/Pipeline.php(219): Illuminate/Foundation/Http/Middleware/TrimStrings->handle(Object(Illuminate/Http/Request), Object(Closure))
#32 C:/Aplicaciones con c#/SitioWebQueeconomico/vendor/laravel/framework/src/Illuminate/Http/Middleware/ValidatePostSize.php(27): Illuminate/Pipeline/Pipeline->Illuminate/Pipeline/{closure}(Object(Illuminate/Http/Request))
#33 C:/Aplicaciones con c#/SitioWebQueeconomico/vendor/laravel/framework/src/Illuminate/Pipeline/Pipeline.php(219): Illuminate/Http/Middleware/ValidatePostSize->handle(Object(Illuminate/Http/Request), Object(Closure))
#34 C:/Aplicaciones con c#/SitioWebQueeconomico/vendor/laravel/framework/src/Illuminate/Foundation/Http/Middleware/PreventRequestsDuringMaintenance.php(109): Illuminate/Pipeline/Pipeline->Illuminate/Pipeline/{closure}(Object(Illuminate/Http/Request))
#35 C:/Aplicaciones con c#/SitioWebQueeconomico/vendor/laravel/framework/src/Illuminate/Pipeline/Pipeline.php(219): Illuminate/Foundation/Http/Middleware/PreventRequestsDuringMaintenance->handle(Object(Illuminate/Http/Request), Object(Closure))
#36 C:/Aplicaciones con c#/SitioWebQueeconomico/vendor/laravel/framework/src/Illuminate/Http/Middleware/HandleCors.php(61): Illuminate/Pipeline/Pipeline->Illuminate/Pipeline/{closure}(Object(Illuminate/Http/Request))
#37 C:/Aplicaciones con c#/SitioWebQueeconomico/vendor/laravel/framework/src/Illuminate/Pipeline/Pipeline.php(219): Illuminate/Http/Middleware/HandleCors->handle(Object(Illuminate/Http/Request), Object(Closure))
#38 C:/Aplicaciones con c#/SitioWebQueeconomico/vendor/laravel/framework/src/Illuminate/Http/Middleware/TrustProxies.php(58): Illuminate/Pipeline/Pipeline->Illuminate/Pipeline/{closure}(Object(Illuminate/Http/Request))
#39 C:/Aplicaciones con c#/SitioWebQueeconomico/vendor/laravel/framework/src/Illuminate/Pipeline/Pipeline.php(219): Illuminate/Http/Middleware/TrustProxies->handle(Object(Illuminate/Http/Request), Object(Closure))
#40 C:/Aplicaciones con c#/SitioWebQueeconomico/vendor/laravel/framework/src/Illuminate/Foundation/Http/Middleware/InvokeDeferredCallbacks.php(22): Illuminate/Pipeline/Pipeline->Illuminate/Pipeline/{closure}(Object(Illuminate/Http/Request))
#41 C:/Aplicaciones con c#/SitioWebQueeconomico/vendor/laravel/framework/src/Illuminate/Pipeline/Pipeline.php(219): Illuminate/Foundation/Http/Middleware/InvokeDeferredCallbacks->handle(Object(Illuminate/Http/Request), Object(Closure))
#42 C:/Aplicaciones con c#/SitioWebQueeconomico/vendor/laravel/framework/src/Illuminate/Http/Middleware/ValidatePathEncoding.php(26): Illuminate/Pipeline/Pipeline->Illuminate/Pipeline/{closure}(Object(Illuminate/Http/Request))
#43 C:/Aplicaciones con c#/SitioWebQueeconomico/vendor/laravel/framework/src/Illuminate/Pipeline/Pipeline.php(219): Illuminate/Http/Middleware/ValidatePathEncoding->handle(Object(Illuminate/Http/Request), Object(Closure))
#44 C:/Aplicaciones con c#/SitioWebQueeconomico/vendor/laravel/framework/src/Illuminate/Pipeline/Pipeline.php(137): Illuminate/Pipeline/Pipeline->Illuminate/Pipeline/{closure}(Object(Illuminate/Http/Request))
#45 C:/Aplicaciones con c#/SitioWebQueeconomico/vendor/laravel/framework/src/Illuminate/Foundation/Http/Kernel.php(175): Illuminate/Pipeline/Pipeline->then(Object(Closure))
#46 C:/Aplicaciones con c#/SitioWebQueeconomico/vendor/laravel/framework/src/Illuminate/Foundation/Http/Kernel.php(144): Illuminate/Foundation/Http/Kernel->sendRequestThroughRouter(Object(Illuminate/Http/Request))
#47 C:/Aplicaciones con c#/SitioWebQueeconomico/vendor/laravel/framework/src/Illuminate/Foundation/Testing/Concerns/MakesHttpRequests.php(607): Illuminate/Foundation/Http/Kernel->handle(Object(Illuminate/Http/Request))
#48 C:/Aplicaciones con c#/SitioWebQueeconomico/vendor/laravel/framework/src/Illuminate/Foundation/Testing/Concerns/MakesHttpRequests.php(368): Illuminate/Foundation/Testing/TestCase->call('GET', '/register', Array, Array, Array, Array)
#49 C:/Aplicaciones con c#/SitioWebQueeconomico/tests/Feature/Auth/RegistrationTest.php(15): Illuminate/Foundation/Testing/TestCase->get('/register')
#50 C:/Aplicaciones con c#/SitioWebQueeconomico/vendor/phpunit/phpunit/src/Framework/TestCase.php(1667): Tests/Feature/Auth/RegistrationTest->test_registration_screen_can_be_rendered()
#51 C:/Aplicaciones con c#/SitioWebQueeconomico/vendor/phpunit/phpunit/src/Framework/TestCase.php(519): PHPUnit/Framework/TestCase->runTest()
#52 C:/Aplicaciones con c#/SitioWebQueeconomico/vendor/phpunit/phpunit/src/Framework/TestRunner/TestRunner.php(87): PHPUnit/Framework/TestCase->runBare()
#53 C:/Aplicaciones con c#/SitioWebQueeconomico/vendor/phpunit/phpunit/src/Framework/TestCase.php(365): PHPUnit/Framework/TestRunner->run(Object(Tests/Feature/Auth/RegistrationTest))
#54 C:/Aplicaciones con c#/SitioWebQueeconomico/vendor/phpunit/phpunit/src/Framework/TestSuite.php(369): PHPUnit/Framework/TestCase->run()
#55 C:/Aplicaciones con c#/SitioWebQueeconomico/vendor/phpunit/phpunit/src/Framework/TestSuite.php(369): PHPUnit/Framework/TestSuite->run()
#56 C:/Aplicaciones con c#/SitioWebQueeconomico/vendor/phpunit/phpunit/src/Framework/TestSuite.php(369): PHPUnit/Framework/TestSuite->run()
#57 C:/Aplicaciones con c#/SitioWebQueeconomico/vendor/phpunit/phpunit/src/TextUI/TestRunner.php(64): PHPUnit/Framework/TestSuite->run()
#58 C:/Aplicaciones con c#/SitioWebQueeconomico/vendor/phpunit/phpunit/src/TextUI/Application.php(211): PHPUnit/TextUI/TestRunner->run(Object(PHPUnit/TextUI/Configuration/Configuration), Object(PHPUnit/Runner/ResultCache/DefaultResultCache), Object(PHPUnit/Framework/TestSuite))
#59 C:/Aplicaciones con c#/SitioWebQueeconomico/vendor/phpunit/phpunit/phpunit(104): PHPUnit/TextUI/Application->run(Array)
#60 {main}
"} 
[2026-07-03 22:58:46] testing.ERROR: No application encryption key has been specified. {"exception":"[object] (Illuminate\\Encryption\\MissingAppKeyException(code: 0): No application encryption key has been specified. at C:/Aplicaciones con c#/SitioWebQueeconomico/vendor/laravel/framework/src/Illuminate/Encryption/EncryptionServiceProvider.php:83)
[stacktrace]
#0 C:/Aplicaciones con c#/SitioWebQueeconomico/vendor/laravel/framework/src/Illuminate/Support/helpers.php(393): Illuminate/Encryption/EncryptionServiceProvider->Illuminate/Encryption/{closure}(NULL)
#1 C:/Aplicaciones con c#/SitioWebQueeconomico/vendor/laravel/framework/src/Illuminate/Encryption/EncryptionServiceProvider.php(81): tap(NULL, Object(Closure))
#2 C:/Aplicaciones con c#/SitioWebQueeconomico/vendor/laravel/framework/src/Illuminate/Encryption/EncryptionServiceProvider.php(64): Illuminate/Encryption/EncryptionServiceProvider->key(Array)
#3 C:/Aplicaciones con c#/SitioWebQueeconomico/vendor/laravel/framework/src/Illuminate/Encryption/EncryptionServiceProvider.php(32): Illuminate/Encryption/EncryptionServiceProvider->parseKey(Array)
#4 C:/Aplicaciones con c#/SitioWebQueeconomico/vendor/laravel/framework/src/Illuminate/Container/Container.php(1115): Illuminate/Encryption/EncryptionServiceProvider->Illuminate/Encryption/{closure}(Object(Illuminate/Foundation/Application), Array)
#5 C:/Aplicaciones con c#/SitioWebQueeconomico/vendor/laravel/framework/src/Illuminate/Container/Container.php(933): Illuminate/Container/Container->build(Object(Closure))
#6 C:/Aplicaciones con c#/SitioWebQueeconomico/vendor/laravel/framework/src/Illuminate/Foundation/Application.php(1078): Illuminate/Container/Container->resolve('encrypter', Array, true)
#7 C:/Aplicaciones con c#/SitioWebQueeconomico/vendor/laravel/framework/src/Illuminate/Container/Container.php(864): Illuminate/Foundation/Application->resolve('encrypter', Array)
#8 C:/Aplicaciones con c#/SitioWebQueeconomico/vendor/laravel/framework/src/Illuminate/Foundation/Application.php(1058): Illuminate/Container/Container->make('encrypter', Array)
#9 C:/Aplicaciones con c#/SitioWebQueeconomico/vendor/laravel/framework/src/Illuminate/Container/Container.php(1336): Illuminate/Foundation/Application->make('encrypter')
#10 C:/Aplicaciones con c#/SitioWebQueeconomico/vendor/laravel/framework/src/Illuminate/Container/Container.php(1237): Illuminate/Container/Container->resolveClass(Object(ReflectionParameter), 'Illuminate//Cont...')
#11 C:/Aplicaciones con c#/SitioWebQueeconomico/vendor/laravel/framework/src/Illuminate/Container/Container.php(1162): Illuminate/Container/Container->resolveDependencies(Array)
#12 C:/Aplicaciones con c#/SitioWebQueeconomico/vendor/laravel/framework/src/Illuminate/Container/Container.php(933): Illuminate/Container/Container->build('Illuminate//Cook...')
#13 C:/Aplicaciones con c#/SitioWebQueeconomico/vendor/laravel/framework/src/Illuminate/Foundation/Application.php(1078): Illuminate/Container/Container->resolve('Illuminate//Cook...', Array, true)
#14 C:/Aplicaciones con c#/SitioWebQueeconomico/vendor/laravel/framework/src/Illuminate/Container/Container.php(864): Illuminate/Foundation/Application->resolve('Illuminate//Cook...', Array)
#15 C:/Aplicaciones con c#/SitioWebQueeconomico/vendor/laravel/framework/src/Illuminate/Foundation/Application.php(1058): Illuminate/Container/Container->make('Illuminate//Cook...', Array)
#16 C:/Aplicaciones con c#/SitioWebQueeconomico/vendor/laravel/framework/src/Illuminate/Pipeline/Pipeline.php(208): Illuminate/Foundation/Application->make('Illuminate//Cook...')
#17 C:/Aplicaciones con c#/SitioWebQueeconomico/vendor/laravel/framework/src/Illuminate/Pipeline/Pipeline.php(137): Illuminate/Pipeline/Pipeline->Illuminate/Pipeline/{closure}(Object(Illuminate/Http/Request))
#18 C:/Aplicaciones con c#/SitioWebQueeconomico/vendor/laravel/framework/src/Illuminate/Routing/Router.php(821): Illuminate/Pipeline/Pipeline->then(Object(Closure))
#19 C:/Aplicaciones con c#/SitioWebQueeconomico/vendor/laravel/framework/src/Illuminate/Routing/Router.php(800): Illuminate/Routing/Router->runRouteWithinStack(Object(Illuminate/Routing/Route), Object(Illuminate/Http/Request))
#20 C:/Aplicaciones con c#/SitioWebQueeconomico/vendor/laravel/framework/src/Illuminate/Routing/Router.php(764): Illuminate/Routing/Router->runRoute(Object(Illuminate/Http/Request), Object(Illuminate/Routing/Route))
#21 C:/Aplicaciones con c#/SitioWebQueeconomico/vendor/laravel/framework/src/Illuminate/Routing/Router.php(753): Illuminate/Routing/Router->dispatchToRoute(Object(Illuminate/Http/Request))
#22 C:/Aplicaciones con c#/SitioWebQueeconomico/vendor/laravel/framework/src/Illuminate/Foundation/Http/Kernel.php(200): Illuminate/Routing/Router->dispatch(Object(Illuminate/Http/Request))
#23 C:/Aplicaciones con c#/SitioWebQueeconomico/vendor/laravel/framework/src/Illuminate/Pipeline/Pipeline.php(180): Illuminate/Foundation/Http/Kernel->Illuminate/Foundation/Http/{closure}(Object(Illuminate/Http/Request))
#24 C:/Aplicaciones con c#/SitioWebQueeconomico/app/Http/Middleware/SecurityHeadersMiddleware.php(13): Illuminate/Pipeline/Pipeline->Illuminate/Pipeline/{closure}(Object(Illuminate/Http/Request))
#25 C:/Aplicaciones con c#/SitioWebQueeconomico/vendor/laravel/framework/src/Illuminate/Pipeline/Pipeline.php(219): App/Http/Middleware/SecurityHeadersMiddleware->handle(Object(Illuminate/Http/Request), Object(Closure))
#26 C:/Aplicaciones con c#/SitioWebQueeconomico/vendor/laravel/framework/src/Illuminate/Foundation/Http/Middleware/TransformsRequest.php(21): Illuminate/Pipeline/Pipeline->Illuminate/Pipeline/{closure}(Object(Illuminate/Http/Request))
#27 C:/Aplicaciones con c#/SitioWebQueeconomico/vendor/laravel/framework/src/Illuminate/Foundation/Http/Middleware/ConvertEmptyStringsToNull.php(31): Illuminate/Foundation/Http/Middleware/TransformsRequest->handle(Object(Illuminate/Http/Request), Object(Closure))
#28 C:/Aplicaciones con c#/SitioWebQueeconomico/vendor/laravel/framework/src/Illuminate/Pipeline/Pipeline.php(219): Illuminate/Foundation/Http/Middleware/ConvertEmptyStringsToNull->handle(Object(Illuminate/Http/Request), Object(Closure))
#29 C:/Aplicaciones con c#/SitioWebQueeconomico/vendor/laravel/framework/src/Illuminate/Foundation/Http/Middleware/TransformsRequest.php(21): Illuminate/Pipeline/Pipeline->Illuminate/Pipeline/{closure}(Object(Illuminate/Http/Request))
#30 C:/Aplicaciones con c#/SitioWebQueeconomico/vendor/laravel/framework/src/Illuminate/Foundation/Http/Middleware/TrimStrings.php(51): Illuminate/Foundation/Http/Middleware/TransformsRequest->handle(Object(Illuminate/Http/Request), Object(Closure))
#31 C:/Aplicaciones con c#/SitioWebQueeconomico/vendor/laravel/framework/src/Illuminate/Pipeline/Pipeline.php(219): Illuminate/Foundation/Http/Middleware/TrimStrings->handle(Object(Illuminate/Http/Request), Object(Closure))
#32 C:/Aplicaciones con c#/SitioWebQueeconomico/vendor/laravel/framework/src/Illuminate/Http/Middleware/ValidatePostSize.php(27): Illuminate/Pipeline/Pipeline->Illuminate/Pipeline/{closure}(Object(Illuminate/Http/Request))
#33 C:/Aplicaciones con c#/SitioWebQueeconomico/vendor/laravel/framework/src/Illuminate/Pipeline/Pipeline.php(219): Illuminate/Http/Middleware/ValidatePostSize->handle(Object(Illuminate/Http/Request), Object(Closure))
#34 C:/Aplicaciones con c#/SitioWebQueeconomico/vendor/laravel/framework/src/Illuminate/Foundation/Http/Middleware/PreventRequestsDuringMaintenance.php(109): Illuminate/Pipeline/Pipeline->Illuminate/Pipeline/{closure}(Object(Illuminate/Http/Request))
#35 C:/Aplicaciones con c#/SitioWebQueeconomico/vendor/laravel/framework/src/Illuminate/Pipeline/Pipeline.php(219): Illuminate/Foundation/Http/Middleware/PreventRequestsDuringMaintenance->handle(Object(Illuminate/Http/Request), Object(Closure))
#36 C:/Aplicaciones con c#/SitioWebQueeconomico/vendor/laravel/framework/src/Illuminate/Http/Middleware/HandleCors.php(61): Illuminate/Pipeline/Pipeline->Illuminate/Pipeline/{closure}(Object(Illuminate/Http/Request))
#37 C:/Aplicaciones con c#/SitioWebQueeconomico/vendor/laravel/framework/src/Illuminate/Pipeline/Pipeline.php(219): Illuminate/Http/Middleware/HandleCors->handle(Object(Illuminate/Http/Request), Object(Closure))
#38 C:/Aplicaciones con c#/SitioWebQueeconomico/vendor/laravel/framework/src/Illuminate/Http/Middleware/TrustProxies.php(58): Illuminate/Pipeline/Pipeline->Illuminate/Pipeline/{closure}(Object(Illuminate/Http/Request))
#39 C:/Aplicaciones con c#/SitioWebQueeconomico/vendor/laravel/framework/src/Illuminate/Pipeline/Pipeline.php(219): Illuminate/Http/Middleware/TrustProxies->handle(Object(Illuminate/Http/Request), Object(Closure))
#40 C:/Aplicaciones con c#/SitioWebQueeconomico/vendor/laravel/framework/src/Illuminate/Foundation/Http/Middleware/InvokeDeferredCallbacks.php(22): Illuminate/Pipeline/Pipeline->Illuminate/Pipeline/{closure}(Object(Illuminate/Http/Request))
#41 C:/Aplicaciones con c#/SitioWebQueeconomico/vendor/laravel/framework/src/Illuminate/Pipeline/Pipeline.php(219): Illuminate/Foundation/Http/Middleware/InvokeDeferredCallbacks->handle(Object(Illuminate/Http/Request), Object(Closure))
#42 C:/Aplicaciones con c#/SitioWebQueeconomico/vendor/laravel/framework/src/Illuminate/Http/Middleware/ValidatePathEncoding.php(26): Illuminate/Pipeline/Pipeline->Illuminate/Pipeline/{closure}(Object(Illuminate/Http/Request))
#43 C:/Aplicaciones con c#/SitioWebQueeconomico/vendor/laravel/framework/src/Illuminate/Pipeline/Pipeline.php(219): Illuminate/Http/Middleware/ValidatePathEncoding->handle(Object(Illuminate/Http/Request), Object(Closure))
#44 C:/Aplicaciones con c#/SitioWebQueeconomico/vendor/laravel/framework/src/Illuminate/Pipeline/Pipeline.php(137): Illuminate/Pipeline/Pipeline->Illuminate/Pipeline/{closure}(Object(Illuminate/Http/Request))
#45 C:/Aplicaciones con c#/SitioWebQueeconomico/vendor/laravel/framework/src/Illuminate/Foundation/Http/Kernel.php(175): Illuminate/Pipeline/Pipeline->then(Object(Closure))
#46 C:/Aplicaciones con c#/SitioWebQueeconomico/vendor/laravel/framework/src/Illuminate/Foundation/Http/Kernel.php(144): Illuminate/Foundation/Http/Kernel->sendRequestThroughRouter(Object(Illuminate/Http/Request))
#47 C:/Aplicaciones con c#/SitioWebQueeconomico/vendor/laravel/framework/src/Illuminate/Foundation/Testing/Concerns/MakesHttpRequests.php(607): Illuminate/Foundation/Http/Kernel->handle(Object(Illuminate/Http/Request))
#48 C:/Aplicaciones con c#/SitioWebQueeconomico/vendor/laravel/framework/src/Illuminate/Foundation/Testing/Concerns/MakesHttpRequests.php(397): Illuminate/Foundation/Testing/TestCase->call('POST', '/register', Array, Array, Array, Array)
#49 C:/Aplicaciones con c#/SitioWebQueeconomico/tests/Feature/Auth/RegistrationTest.php(24): Illuminate/Foundation/Testing/TestCase->post('/register', Array)
#50 C:/Aplicaciones con c#/SitioWebQueeconomico/vendor/phpunit/phpunit/src/Framework/TestCase.php(1667): Tests/Feature/Auth/RegistrationTest->test_new_users_can_register()
#51 C:/Aplicaciones con c#/SitioWebQueeconomico/vendor/phpunit/phpunit/src/Framework/TestCase.php(519): PHPUnit/Framework/TestCase->runTest()
#52 C:/Aplicaciones con c#/SitioWebQueeconomico/vendor/phpunit/phpunit/src/Framework/TestRunner/TestRunner.php(87): PHPUnit/Framework/TestCase->runBare()
#53 C:/Aplicaciones con c#/SitioWebQueeconomico/vendor/phpunit/phpunit/src/Framework/TestCase.php(365): PHPUnit/Framework/TestRunner->run(Object(Tests/Feature/Auth/RegistrationTest))
#54 C:/Aplicaciones con c#/SitioWebQueeconomico/vendor/phpunit/phpunit/src/Framework/TestSuite.php(369): PHPUnit/Framework/TestCase->run()
#55 C:/Aplicaciones con c#/SitioWebQueeconomico/vendor/phpunit/phpunit/src/Framework/TestSuite.php(369): PHPUnit/Framework/TestSuite->run()
#56 C:/Aplicaciones con c#/SitioWebQueeconomico/vendor/phpunit/phpunit/src/Framework/TestSuite.php(369): PHPUnit/Framework/TestSuite->run()
#57 C:/Aplicaciones con c#/SitioWebQueeconomico/vendor/phpunit/phpunit/src/TextUI/TestRunner.php(64): PHPUnit/Framework/TestSuite->run()
#58 C:/Aplicaciones con c#/SitioWebQueeconomico/vendor/phpunit/phpunit/src/TextUI/Application.php(211): PHPUnit/TextUI/TestRunner->run(Object(PHPUnit/TextUI/Configuration/Configuration), Object(PHPUnit/Runner/ResultCache/DefaultResultCache), Object(PHPUnit/Framework/TestSuite))
#59 C:/Aplicaciones con c#/SitioWebQueeconomico/vendor/phpunit/phpunit/phpunit(104): PHPUnit/TextUI/Application->run(Array)
#60 {main}
"} 
[2026-07-04 04:22:13] production.ERROR: The "--compact" option does not exist. {"exception":"[object] (Symfony\\Component\\Console\\Exception\\RuntimeException(code: 0): The \"--compact\" option does not exist. at C:/Aplicaciones con c#/SitioWebQueeconomico/vendor/symfony/console/Input/ArgvInput.php:226)
[stacktrace]
#0 C:/Aplicaciones con c#/SitioWebQueeconomico/vendor/symfony/console/Input/ArgvInput.php(155): Symfony/Component/Console/Input/ArgvInput->addLongOption('compact', NULL)
#1 C:/Aplicaciones con c#/SitioWebQueeconomico/vendor/symfony/console/Input/ArgvInput.php(88): Symfony/Component/Console/Input/ArgvInput->parseLongOption('--compact')
#2 C:/Aplicaciones con c#/SitioWebQueeconomico/vendor/symfony/console/Input/ArgvInput.php(77): Symfony/Component/Console/Input/ArgvInput->parseToken('--compact', true)
#3 C:/Aplicaciones con c#/SitioWebQueeconomico/vendor/symfony/console/Input/Input.php(53): Symfony/Component/Console/Input/ArgvInput->parse()
#4 C:/Aplicaciones con c#/SitioWebQueeconomico/vendor/symfony/console/Command/Command.php(295): Symfony/Component/Console/Input/Input->bind(Object(Symfony/Component/Console/Input/InputDefinition))
#5 C:/Aplicaciones con c#/SitioWebQueeconomico/vendor/laravel/framework/src/Illuminate/Console/Command.php(180): Symfony/Component/Console/Command/Command->run(Object(Symfony/Component/Console/Input/ArgvInput), Object(Illuminate/Console/OutputStyle))
#6 C:/Aplicaciones con c#/SitioWebQueeconomico/vendor/symfony/console/Application.php(1117): Illuminate/Console/Command->run(Object(Symfony/Component/Console/Input/ArgvInput), Object(Symfony/Component/Console/Output/ConsoleOutput))
#7 C:/Aplicaciones con c#/SitioWebQueeconomico/vendor/symfony/console/Application.php(356): Symfony/Component/Console/Application->doRunCommand(Object(Illuminate/Foundation/Console/RouteListCommand), Object(Symfony/Component/Console/Input/ArgvInput), Object(Symfony/Component/Console/Output/ConsoleOutput))
#8 C:/Aplicaciones con c#/SitioWebQueeconomico/vendor/symfony/console/Application.php(195): Symfony/Component/Console/Application->doRun(Object(Symfony/Component/Console/Input/ArgvInput), Object(Symfony/Component/Console/Output/ConsoleOutput))
#9 C:/Aplicaciones con c#/SitioWebQueeconomico/vendor/laravel/framework/src/Illuminate/Foundation/Console/Kernel.php(198): Symfony/Component/Console/Application->run(Object(Symfony/Component/Console/Input/ArgvInput), Object(Symfony/Component/Console/Output/ConsoleOutput))
#10 C:/Aplicaciones con c#/SitioWebQueeconomico/vendor/laravel/framework/src/Illuminate/Foundation/Application.php(1235): Illuminate/Foundation/Console/Kernel->handle(Object(Symfony/Component/Console/Input/ArgvInput), Object(Symfony/Component/Console/Output/ConsoleOutput))
#11 C:/Aplicaciones con c#/SitioWebQueeconomico/artisan(16): Illuminate/Foundation/Application->handleCommand(Object(Symfony/Component/Console/Input/ArgvInput))
#12 {main}
"} 
[2026-07-04 04:22:13] production.ERROR: The "--compact" option does not exist. {"exception":"[object] (Symfony\\Component\\Console\\Exception\\RuntimeException(code: 0): The \"--compact\" option does not exist. at C:/Aplicaciones con c#/SitioWebQueeconomico/vendor/symfony/console/Input/ArgvInput.php:226)
[stacktrace]
#0 C:/Aplicaciones con c#/SitioWebQueeconomico/vendor/symfony/console/Input/ArgvInput.php(155): Symfony/Component/Console/Input/ArgvInput->addLongOption('compact', NULL)
#1 C:/Aplicaciones con c#/SitioWebQueeconomico/vendor/symfony/console/Input/ArgvInput.php(88): Symfony/Component/Console/Input/ArgvInput->parseLongOption('--compact')
#2 C:/Aplicaciones con c#/SitioWebQueeconomico/vendor/symfony/console/Input/ArgvInput.php(77): Symfony/Component/Console/Input/ArgvInput->parseToken('--compact', true)
#3 C:/Aplicaciones con c#/SitioWebQueeconomico/vendor/symfony/console/Input/Input.php(53): Symfony/Component/Console/Input/ArgvInput->parse()
#4 C:/Aplicaciones con c#/SitioWebQueeconomico/vendor/symfony/console/Command/Command.php(295): Symfony/Component/Console/Input/Input->bind(Object(Symfony/Component/Console/Input/InputDefinition))
#5 C:/Aplicaciones con c#/SitioWebQueeconomico/vendor/laravel/framework/src/Illuminate/Console/Command.php(180): Symfony/Component/Console/Command/Command->run(Object(Symfony/Component/Console/Input/ArgvInput), Object(Illuminate/Console/OutputStyle))
#6 C:/Aplicaciones con c#/SitioWebQueeconomico/vendor/symfony/console/Application.php(1117): Illuminate/Console/Command->run(Object(Symfony/Component/Console/Input/ArgvInput), Object(Symfony/Component/Console/Output/ConsoleOutput))
#7 C:/Aplicaciones con c#/SitioWebQueeconomico/vendor/symfony/console/Application.php(356): Symfony/Component/Console/Application->doRunCommand(Object(Illuminate/Foundation/Console/RouteListCommand), Object(Symfony/Component/Console/Input/ArgvInput), Object(Symfony/Component/Console/Output/ConsoleOutput))
#8 C:/Aplicaciones con c#/SitioWebQueeconomico/vendor/symfony/console/Application.php(195): Symfony/Component/Console/Application->doRun(Object(Symfony/Component/Console/Input/ArgvInput), Object(Symfony/Component/Console/Output/ConsoleOutput))
#9 C:/Aplicaciones con c#/SitioWebQueeconomico/vendor/laravel/framework/src/Illuminate/Foundation/Console/Kernel.php(198): Symfony/Component/Console/Application->run(Object(Symfony/Component/Console/Input/ArgvInput), Object(Symfony/Component/Console/Output/ConsoleOutput))
#10 C:/Aplicaciones con c#/SitioWebQueeconomico/vendor/laravel/framework/src/Illuminate/Foundation/Application.php(1235): Illuminate/Foundation/Console/Kernel->handle(Object(Symfony/Component/Console/Input/ArgvInput), Object(Symfony/Component/Console/Output/ConsoleOutput))
#11 C:/Aplicaciones con c#/SitioWebQueeconomico/artisan(16): Illuminate/Foundation/Application->handleCommand(Object(Symfony/Component/Console/Input/ArgvInput))
#12 {main}
"} 
[2026-07-04 04:27:22] production.ERROR: No application encryption key has been specified. {"exception":"[object] (Illuminate\\Encryption\\MissingAppKeyException(code: 0): No application encryption key has been specified. at C:/Aplicaciones con c#/SitioWebQueeconomico/vendor/laravel/framework/src/Illuminate/Encryption/EncryptionServiceProvider.php:83)
[stacktrace]
#0 C:/Aplicaciones con c#/SitioWebQueeconomico/vendor/laravel/framework/src/Illuminate/Support/helpers.php(393): Illuminate/Encryption/EncryptionServiceProvider->Illuminate/Encryption/{closure}(NULL)
#1 C:/Aplicaciones con c#/SitioWebQueeconomico/vendor/laravel/framework/src/Illuminate/Encryption/EncryptionServiceProvider.php(81): tap(NULL, Object(Closure))
#2 C:/Aplicaciones con c#/SitioWebQueeconomico/vendor/laravel/framework/src/Illuminate/Encryption/EncryptionServiceProvider.php(64): Illuminate/Encryption/EncryptionServiceProvider->key(Array)
#3 C:/Aplicaciones con c#/SitioWebQueeconomico/vendor/laravel/framework/src/Illuminate/Encryption/EncryptionServiceProvider.php(32): Illuminate/Encryption/EncryptionServiceProvider->parseKey(Array)
#4 C:/Aplicaciones con c#/SitioWebQueeconomico/vendor/laravel/framework/src/Illuminate/Container/Container.php(1115): Illuminate/Encryption/EncryptionServiceProvider->Illuminate/Encryption/{closure}(Object(Illuminate/Foundation/Application), Array)
#5 C:/Aplicaciones con c#/SitioWebQueeconomico/vendor/laravel/framework/src/Illuminate/Container/Container.php(933): Illuminate/Container/Container->build(Object(Closure))
#6 C:/Aplicaciones con c#/SitioWebQueeconomico/vendor/laravel/framework/src/Illuminate/Foundation/Application.php(1078): Illuminate/Container/Container->resolve('encrypter', Array, true)
#7 C:/Aplicaciones con c#/SitioWebQueeconomico/vendor/laravel/framework/src/Illuminate/Container/Container.php(864): Illuminate/Foundation/Application->resolve('encrypter', Array)
#8 C:/Aplicaciones con c#/SitioWebQueeconomico/vendor/laravel/framework/src/Illuminate/Foundation/Application.php(1058): Illuminate/Container/Container->make('encrypter', Array)
#9 C:/Aplicaciones con c#/SitioWebQueeconomico/vendor/laravel/framework/src/Illuminate/Container/Container.php(1336): Illuminate/Foundation/Application->make('encrypter')
#10 C:/Aplicaciones con c#/SitioWebQueeconomico/vendor/laravel/framework/src/Illuminate/Container/Container.php(1237): Illuminate/Container/Container->resolveClass(Object(ReflectionParameter), 'Illuminate//Cont...')
#11 C:/Aplicaciones con c#/SitioWebQueeconomico/vendor/laravel/framework/src/Illuminate/Container/Container.php(1162): Illuminate/Container/Container->resolveDependencies(Array)
#12 C:/Aplicaciones con c#/SitioWebQueeconomico/vendor/laravel/framework/src/Illuminate/Container/Container.php(933): Illuminate/Container/Container->build('Illuminate//Cook...')
#13 C:/Aplicaciones con c#/SitioWebQueeconomico/vendor/laravel/framework/src/Illuminate/Foundation/Application.php(1078): Illuminate/Container/Container->resolve('Illuminate//Cook...', Array, true)
#14 C:/Aplicaciones con c#/SitioWebQueeconomico/vendor/laravel/framework/src/Illuminate/Container/Container.php(864): Illuminate/Foundation/Application->resolve('Illuminate//Cook...', Array)
#15 C:/Aplicaciones con c#/SitioWebQueeconomico/vendor/laravel/framework/src/Illuminate/Foundation/Application.php(1058): Illuminate/Container/Container->make('Illuminate//Cook...', Array)
#16 C:/Aplicaciones con c#/SitioWebQueeconomico/vendor/laravel/framework/src/Illuminate/Pipeline/Pipeline.php(208): Illuminate/Foundation/Application->make('Illuminate//Cook...')
#17 C:/Aplicaciones con c#/SitioWebQueeconomico/vendor/laravel/framework/src/Illuminate/Pipeline/Pipeline.php(137): Illuminate/Pipeline/Pipeline->Illuminate/Pipeline/{closure}(Object(Illuminate/Http/Request))
#18 C:/Aplicaciones con c#/SitioWebQueeconomico/vendor/laravel/framework/src/Illuminate/Routing/Router.php(821): Illuminate/Pipeline/Pipeline->then(Object(Closure))
#19 C:/Aplicaciones con c#/SitioWebQueeconomico/vendor/laravel/framework/src/Illuminate/Routing/Router.php(800): Illuminate/Routing/Router->runRouteWithinStack(Object(Illuminate/Routing/Route), Object(Illuminate/Http/Request))
#20 C:/Aplicaciones con c#/SitioWebQueeconomico/vendor/laravel/framework/src/Illuminate/Routing/Router.php(764): Illuminate/Routing/Router->runRoute(Object(Illuminate/Http/Request), Object(Illuminate/Routing/Route))
#21 C:/Aplicaciones con c#/SitioWebQueeconomico/vendor/laravel/framework/src/Illuminate/Routing/Router.php(753): Illuminate/Routing/Router->dispatchToRoute(Object(Illuminate/Http/Request))
#22 C:/Aplicaciones con c#/SitioWebQueeconomico/vendor/laravel/framework/src/Illuminate/Foundation/Http/Kernel.php(200): Illuminate/Routing/Router->dispatch(Object(Illuminate/Http/Request))
#23 C:/Aplicaciones con c#/SitioWebQueeconomico/vendor/laravel/framework/src/Illuminate/Pipeline/Pipeline.php(180): Illuminate/Foundation/Http/Kernel->Illuminate/Foundation/Http/{closure}(Object(Illuminate/Http/Request))
#24 C:/Aplicaciones con c#/SitioWebQueeconomico/app/Http/Middleware/SecurityHeadersMiddleware.php(13): Illuminate/Pipeline/Pipeline->Illuminate/Pipeline/{closure}(Object(Illuminate/Http/Request))
#25 C:/Aplicaciones con c#/SitioWebQueeconomico/vendor/laravel/framework/src/Illuminate/Pipeline/Pipeline.php(219): App/Http/Middleware/SecurityHeadersMiddleware->handle(Object(Illuminate/Http/Request), Object(Closure))
#26 C:/Aplicaciones con c#/SitioWebQueeconomico/vendor/laravel/framework/src/Illuminate/Foundation/Http/Middleware/TransformsRequest.php(21): Illuminate/Pipeline/Pipeline->Illuminate/Pipeline/{closure}(Object(Illuminate/Http/Request))
#27 C:/Aplicaciones con c#/SitioWebQueeconomico/vendor/laravel/framework/src/Illuminate/Foundation/Http/Middleware/ConvertEmptyStringsToNull.php(31): Illuminate/Foundation/Http/Middleware/TransformsRequest->handle(Object(Illuminate/Http/Request), Object(Closure))
#28 C:/Aplicaciones con c#/SitioWebQueeconomico/vendor/laravel/framework/src/Illuminate/Pipeline/Pipeline.php(219): Illuminate/Foundation/Http/Middleware/ConvertEmptyStringsToNull->handle(Object(Illuminate/Http/Request), Object(Closure))
#29 C:/Aplicaciones con c#/SitioWebQueeconomico/vendor/laravel/framework/src/Illuminate/Foundation/Http/Middleware/TransformsRequest.php(21): Illuminate/Pipeline/Pipeline->Illuminate/Pipeline/{closure}(Object(Illuminate/Http/Request))
#30 C:/Aplicaciones con c#/SitioWebQueeconomico/vendor/laravel/framework/src/Illuminate/Foundation/Http/Middleware/TrimStrings.php(51): Illuminate/Foundation/Http/Middleware/TransformsRequest->handle(Object(Illuminate/Http/Request), Object(Closure))
#31 C:/Aplicaciones con c#/SitioWebQueeconomico/vendor/laravel/framework/src/Illuminate/Pipeline/Pipeline.php(219): Illuminate/Foundation/Http/Middleware/TrimStrings->handle(Object(Illuminate/Http/Request), Object(Closure))
#32 C:/Aplicaciones con c#/SitioWebQueeconomico/vendor/laravel/framework/src/Illuminate/Http/Middleware/ValidatePostSize.php(27): Illuminate/Pipeline/Pipeline->Illuminate/Pipeline/{closure}(Object(Illuminate/Http/Request))
#33 C:/Aplicaciones con c#/SitioWebQueeconomico/vendor/laravel/framework/src/Illuminate/Pipeline/Pipeline.php(219): Illuminate/Http/Middleware/ValidatePostSize->handle(Object(Illuminate/Http/Request), Object(Closure))
#34 C:/Aplicaciones con c#/SitioWebQueeconomico/vendor/laravel/framework/src/Illuminate/Foundation/Http/Middleware/PreventRequestsDuringMaintenance.php(109): Illuminate/Pipeline/Pipeline->Illuminate/Pipeline/{closure}(Object(Illuminate/Http/Request))
#35 C:/Aplicaciones con c#/SitioWebQueeconomico/vendor/laravel/framework/src/Illuminate/Pipeline/Pipeline.php(219): Illuminate/Foundation/Http/Middleware/PreventRequestsDuringMaintenance->handle(Object(Illuminate/Http/Request), Object(Closure))
#36 C:/Aplicaciones con c#/SitioWebQueeconomico/vendor/laravel/framework/src/Illuminate/Http/Middleware/HandleCors.php(61): Illuminate/Pipeline/Pipeline->Illuminate/Pipeline/{closure}(Object(Illuminate/Http/Request))
#37 C:/Aplicaciones con c#/SitioWebQueeconomico/vendor/laravel/framework/src/Illuminate/Pipeline/Pipeline.php(219): Illuminate/Http/Middleware/HandleCors->handle(Object(Illuminate/Http/Request), Object(Closure))
#38 C:/Aplicaciones con c#/SitioWebQueeconomico/vendor/laravel/framework/src/Illuminate/Http/Middleware/TrustProxies.php(58): Illuminate/Pipeline/Pipeline->Illuminate/Pipeline/{closure}(Object(Illuminate/Http/Request))
#39 C:/Aplicaciones con c#/SitioWebQueeconomico/vendor/laravel/framework/src/Illuminate/Pipeline/Pipeline.php(219): Illuminate/Http/Middleware/TrustProxies->handle(Object(Illuminate/Http/Request), Object(Closure))
#40 C:/Aplicaciones con c#/SitioWebQueeconomico/vendor/laravel/framework/src/Illuminate/Foundation/Http/Middleware/InvokeDeferredCallbacks.php(22): Illuminate/Pipeline/Pipeline->Illuminate/Pipeline/{closure}(Object(Illuminate/Http/Request))
#41 C:/Aplicaciones con c#/SitioWebQueeconomico/vendor/laravel/framework/src/Illuminate/Pipeline/Pipeline.php(219): Illuminate/Foundation/Http/Middleware/InvokeDeferredCallbacks->handle(Object(Illuminate/Http/Request), Object(Closure))
#42 C:/Aplicaciones con c#/SitioWebQueeconomico/vendor/laravel/framework/src/Illuminate/Http/Middleware/ValidatePathEncoding.php(26): Illuminate/Pipeline/Pipeline->Illuminate/Pipeline/{closure}(Object(Illuminate/Http/Request))
#43 C:/Aplicaciones con c#/SitioWebQueeconomico/vendor/laravel/framework/src/Illuminate/Pipeline/Pipeline.php(219): Illuminate/Http/Middleware/ValidatePathEncoding->handle(Object(Illuminate/Http/Request), Object(Closure))
#44 C:/Aplicaciones con c#/SitioWebQueeconomico/vendor/laravel/framework/src/Illuminate/Pipeline/Pipeline.php(137): Illuminate/Pipeline/Pipeline->Illuminate/Pipeline/{closure}(Object(Illuminate/Http/Request))
#45 C:/Aplicaciones con c#/SitioWebQueeconomico/vendor/laravel/framework/src/Illuminate/Foundation/Http/Kernel.php(175): Illuminate/Pipeline/Pipeline->then(Object(Closure))
#46 C:/Aplicaciones con c#/SitioWebQueeconomico/vendor/laravel/framework/src/Illuminate/Foundation/Http/Kernel.php(144): Illuminate/Foundation/Http/Kernel->sendRequestThroughRouter(Object(Illuminate/Http/Request))
#47 C:/Aplicaciones con c#/SitioWebQueeconomico/vendor/laravel/framework/src/Illuminate/Foundation/Application.php(1220): Illuminate/Foundation/Http/Kernel->handle(Object(Illuminate/Http/Request))
#48 C:/Aplicaciones con c#/SitioWebQueeconomico/public/index.php(20): Illuminate/Foundation/Application->handleRequest(Object(Illuminate/Http/Request))
#49 C:/Aplicaciones con c#/SitioWebQueeconomico/vendor/laravel/framework/src/Illuminate/Foundation/resources/server.php(23): require_once('C://Aplicaciones...')
#50 {main}
"} 
[2026-07-04 04:27:23] production.ERROR: SQLSTATE[HY000]: General error: 1 no such table: categories (Connection: sqlite, Database: C:\Aplicaciones con c#\SitioWebQueeconomico\database\database.sqlite, SQL: select * from "categories" where "parent_id" is null and "is_active" = 1 order by "sort_order" asc, "name" asc) (View: C:\Aplicaciones con c#\SitioWebQueeconomico\resources\views\layouts\store.blade.php) (View: C:\Aplicaciones con c#\SitioWebQueeconomico\resources\views\layouts\store.blade.php) {"exception":"[object] (Illuminate\\View\\ViewException(code: 0): SQLSTATE[HY000]: General error: 1 no such table: categories (Connection: sqlite, Database: C:\\Aplicaciones con c#\\SitioWebQueeconomico\\database\\database.sqlite, SQL: select * from \"categories\" where \"parent_id\" is null and \"is_active\" = 1 order by \"sort_order\" asc, \"name\" asc) (View: C:\\Aplicaciones con c#\\SitioWebQueeconomico\\resources\\views\\layouts\\store.blade.php) (View: C:\\Aplicaciones con c#\\SitioWebQueeconomico\\resources\\views\\layouts\\store.blade.php) at C:/Aplicaciones con c#/SitioWebQueeconomico/vendor/laravel/framework/src/Illuminate/Database/Connection.php:838)
[stacktrace]
#0 C:/Aplicaciones con c#/SitioWebQueeconomico/vendor/laravel/framework/src/Illuminate/View/Engines/PhpEngine.php(59): Illuminate/View/Engines/CompilerEngine->handleViewException(Object(Illuminate/View/ViewException), 1)
#1 C:/Aplicaciones con c#/SitioWebQueeconomico/vendor/laravel/framework/src/Illuminate/View/Engines/CompilerEngine.php(76): Illuminate/View/Engines/PhpEngine->evaluatePath('C://Aplicaciones...', Array)
#2 C:/Aplicaciones con c#/SitioWebQueeconomico/vendor/laravel/framework/src/Illuminate/View/View.php(208): Illuminate/View/Engines/CompilerEngine->get('C://Aplicaciones...', Array)
#3 C:/Aplicaciones con c#/SitioWebQueeconomico/vendor/laravel/framework/src/Illuminate/View/View.php(191): Illuminate/View/View->getContents()
#4 C:/Aplicaciones con c#/SitioWebQueeconomico/vendor/laravel/framework/src/Illuminate/View/View.php(160): Illuminate/View/View->renderContents()
#5 C:/Aplicaciones con c#/SitioWebQueeconomico/vendor/laravel/framework/src/Illuminate/Http/Response.php(78): Illuminate/View/View->render()
#6 C:/Aplicaciones con c#/SitioWebQueeconomico/vendor/laravel/framework/src/Illuminate/Http/Response.php(34): Illuminate/Http/Response->setContent(Object(Illuminate/View/View))
#7 C:/Aplicaciones con c#/SitioWebQueeconomico/vendor/laravel/framework/src/Illuminate/Routing/ResponseFactory.php(61): Illuminate/Http/Response->__construct(Object(Illuminate/View/View), 500, Array)
#8 C:/Aplicaciones con c#/SitioWebQueeconomico/vendor/laravel/framework/src/Illuminate/Routing/ResponseFactory.php(91): Illuminate/Routing/ResponseFactory->make(Object(Illuminate/View/View), 500, Array)
#9 C:/Aplicaciones con c#/SitioWebQueeconomico/vendor/laravel/framework/src/Illuminate/Foundation/Exceptions/Handler.php(926): Illuminate/Routing/ResponseFactory->view('errors::500', Array, 500, Array)
#10 C:/Aplicaciones con c#/SitioWebQueeconomico/vendor/laravel/framework/src/Illuminate/Foundation/Exceptions/Handler.php(847): Illuminate/Foundation/Exceptions/Handler->renderHttpException(Object(Symfony/Component/HttpKernel/Exception/HttpException))
#11 C:/Aplicaciones con c#/SitioWebQueeconomico/vendor/laravel/framework/src/Illuminate/Foundation/Exceptions/Handler.php(738): Illuminate/Foundation/Exceptions/Handler->prepareResponse(Object(Illuminate/Http/Request), Object(Symfony/Component/HttpKernel/Exception/HttpException))
#12 C:/Aplicaciones con c#/SitioWebQueeconomico/vendor/laravel/framework/src/Illuminate/Foundation/Exceptions/Handler.php(626): Illuminate/Foundation/Exceptions/Handler->renderExceptionResponse(Object(Illuminate/Http/Request), Object(Illuminate/Encryption/MissingAppKeyException))
#13 C:/Aplicaciones con c#/SitioWebQueeconomico/vendor/laravel/framework/src/Illuminate/Routing/Pipeline.php(51): Illuminate/Foundation/Exceptions/Handler->render(Object(Illuminate/Http/Request), Object(Illuminate/Encryption/MissingAppKeyException))
#14 C:/Aplicaciones con c#/SitioWebQueeconomico/vendor/laravel/framework/src/Illuminate/Pipeline/Pipeline.php(224): Illuminate/Routing/Pipeline->handleException(Object(Illuminate/Http/Request), Object(Illuminate/Encryption/MissingAppKeyException))
#15 C:/Aplicaciones con c#/SitioWebQueeconomico/vendor/laravel/framework/src/Illuminate/Pipeline/Pipeline.php(137): Illuminate/Pipeline/Pipeline->Illuminate/Pipeline/{closure}(Object(Illuminate/Http/Request))
#16 C:/Aplicaciones con c#/SitioWebQueeconomico/vendor/laravel/framework/src/Illuminate/Routing/Router.php(821): Illuminate/Pipeline/Pipeline->then(Object(Closure))
#17 C:/Aplicaciones con c#/SitioWebQueeconomico/vendor/laravel/framework/src/Illuminate/Routing/Router.php(800): Illuminate/Routing/Router->runRouteWithinStack(Object(Illuminate/Routing/Route), Object(Illuminate/Http/Request))
#18 C:/Aplicaciones con c#/SitioWebQueeconomico/vendor/laravel/framework/src/Illuminate/Routing/Router.php(764): Illuminate/Routing/Router->runRoute(Object(Illuminate/Http/Request), Object(Illuminate/Routing/Route))
#19 C:/Aplicaciones con c#/SitioWebQueeconomico/vendor/laravel/framework/src/Illuminate/Routing/Router.php(753): Illuminate/Routing/Router->dispatchToRoute(Object(Illuminate/Http/Request))
#20 C:/Aplicaciones con c#/SitioWebQueeconomico/vendor/laravel/framework/src/Illuminate/Foundation/Http/Kernel.php(200): Illuminate/Routing/Router->dispatch(Object(Illuminate/Http/Request))
#21 C:/Aplicaciones con c#/SitioWebQueeconomico/vendor/laravel/framework/src/Illuminate/Pipeline/Pipeline.php(180): Illuminate/Foundation/Http/Kernel->Illuminate/Foundation/Http/{closure}(Object(Illuminate/Http/Request))
#22 C:/Aplicaciones con c#/SitioWebQueeconomico/app/Http/Middleware/SecurityHeadersMiddleware.php(13): Illuminate/Pipeline/Pipeline->Illuminate/Pipeline/{closure}(Object(Illuminate/Http/Request))
#23 C:/Aplicaciones con c#/SitioWebQueeconomico/vendor/laravel/framework/src/Illuminate/Pipeline/Pipeline.php(219): App/Http/Middleware/SecurityHeadersMiddleware->handle(Object(Illuminate/Http/Request), Object(Closure))
#24 C:/Aplicaciones con c#/SitioWebQueeconomico/vendor/laravel/framework/src/Illuminate/Foundation/Http/Middleware/TransformsRequest.php(21): Illuminate/Pipeline/Pipeline->Illuminate/Pipeline/{closure}(Object(Illuminate/Http/Request))
#25 C:/Aplicaciones con c#/SitioWebQueeconomico/vendor/laravel/framework/src/Illuminate/Foundation/Http/Middleware/ConvertEmptyStringsToNull.php(31): Illuminate/Foundation/Http/Middleware/TransformsRequest->handle(Object(Illuminate/Http/Request), Object(Closure))
#26 C:/Aplicaciones con c#/SitioWebQueeconomico/vendor/laravel/framework/src/Illuminate/Pipeline/Pipeline.php(219): Illuminate/Foundation/Http/Middleware/ConvertEmptyStringsToNull->handle(Object(Illuminate/Http/Request), Object(Closure))
#27 C:/Aplicaciones con c#/SitioWebQueeconomico/vendor/laravel/framework/src/Illuminate/Foundation/Http/Middleware/TransformsRequest.php(21): Illuminate/Pipeline/Pipeline->Illuminate/Pipeline/{closure}(Object(Illuminate/Http/Request))
#28 C:/Aplicaciones con c#/SitioWebQueeconomico/vendor/laravel/framework/src/Illuminate/Foundation/Http/Middleware/TrimStrings.php(51): Illuminate/Foundation/Http/Middleware/TransformsRequest->handle(Object(Illuminate/Http/Request), Object(Closure))
#29 C:/Aplicaciones con c#/SitioWebQueeconomico/vendor/laravel/framework/src/Illuminate/Pipeline/Pipeline.php(219): Illuminate/Foundation/Http/Middleware/TrimStrings->handle(Object(Illuminate/Http/Request), Object(Closure))
#30 C:/Aplicaciones con c#/SitioWebQueeconomico/vendor/laravel/framework/src/Illuminate/Http/Middleware/ValidatePostSize.php(27): Illuminate/Pipeline/Pipeline->Illuminate/Pipeline/{closure}(Object(Illuminate/Http/Request))
#31 C:/Aplicaciones con c#/SitioWebQueeconomico/vendor/laravel/framework/src/Illuminate/Pipeline/Pipeline.php(219): Illuminate/Http/Middleware/ValidatePostSize->handle(Object(Illuminate/Http/Request), Object(Closure))
#32 C:/Aplicaciones con c#/SitioWebQueeconomico/vendor/laravel/framework/src/Illuminate/Foundation/Http/Middleware/PreventRequestsDuringMaintenance.php(109): Illuminate/Pipeline/Pipeline->Illuminate/Pipeline/{closure}(Object(Illuminate/Http/Request))
#33 C:/Aplicaciones con c#/SitioWebQueeconomico/vendor/laravel/framework/src/Illuminate/Pipeline/Pipeline.php(219): Illuminate/Foundation/Http/Middleware/PreventRequestsDuringMaintenance->handle(Object(Illuminate/Http/Request), Object(Closure))
#34 C:/Aplicaciones con c#/SitioWebQueeconomico/vendor/laravel/framework/src/Illuminate/Http/Middleware/HandleCors.php(61): Illuminate/Pipeline/Pipeline->Illuminate/Pipeline/{closure}(Object(Illuminate/Http/Request))
#35 C:/Aplicaciones con c#/SitioWebQueeconomico/vendor/laravel/framework/src/Illuminate/Pipeline/Pipeline.php(219): Illuminate/Http/Middleware/HandleCors->handle(Object(Illuminate/Http/Request), Object(Closure))
#36 C:/Aplicaciones con c#/SitioWebQueeconomico/vendor/laravel/framework/src/Illuminate/Http/Middleware/TrustProxies.php(58): Illuminate/Pipeline/Pipeline->Illuminate/Pipeline/{closure}(Object(Illuminate/Http/Request))
#37 C:/Aplicaciones con c#/SitioWebQueeconomico/vendor/laravel/framework/src/Illuminate/Pipeline/Pipeline.php(219): Illuminate/Http/Middleware/TrustProxies->handle(Object(Illuminate/Http/Request), Object(Closure))
#38 C:/Aplicaciones con c#/SitioWebQueeconomico/vendor/laravel/framework/src/Illuminate/Foundation/Http/Middleware/InvokeDeferredCallbacks.php(22): Illuminate/Pipeline/Pipeline->Illuminate/Pipeline/{closure}(Object(Illuminate/Http/Request))
#39 C:/Aplicaciones con c#/SitioWebQueeconomico/vendor/laravel/framework/src/Illuminate/Pipeline/Pipeline.php(219): Illuminate/Foundation/Http/Middleware/InvokeDeferredCallbacks->handle(Object(Illuminate/Http/Request), Object(Closure))
#40 C:/Aplicaciones con c#/SitioWebQueeconomico/vendor/laravel/framework/src/Illuminate/Http/Middleware/ValidatePathEncoding.php(26): Illuminate/Pipeline/Pipeline->Illuminate/Pipeline/{closure}(Object(Illuminate/Http/Request))
#41 C:/Aplicaciones con c#/SitioWebQueeconomico/vendor/laravel/framework/src/Illuminate/Pipeline/Pipeline.php(219): Illuminate/Http/Middleware/ValidatePathEncoding->handle(Object(Illuminate/Http/Request), Object(Closure))
#42 C:/Aplicaciones con c#/SitioWebQueeconomico/vendor/laravel/framework/src/Illuminate/Pipeline/Pipeline.php(137): Illuminate/Pipeline/Pipeline->Illuminate/Pipeline/{closure}(Object(Illuminate/Http/Request))
#43 C:/Aplicaciones con c#/SitioWebQueeconomico/vendor/laravel/framework/src/Illuminate/Foundation/Http/Kernel.php(175): Illuminate/Pipeline/Pipeline->then(Object(Closure))
#44 C:/Aplicaciones con c#/SitioWebQueeconomico/vendor/laravel/framework/src/Illuminate/Foundation/Http/Kernel.php(144): Illuminate/Foundation/Http/Kernel->sendRequestThroughRouter(Object(Illuminate/Http/Request))
#45 C:/Aplicaciones con c#/SitioWebQueeconomico/vendor/laravel/framework/src/Illuminate/Foundation/Application.php(1220): Illuminate/Foundation/Http/Kernel->handle(Object(Illuminate/Http/Request))
#46 C:/Aplicaciones con c#/SitioWebQueeconomico/public/index.php(20): Illuminate/Foundation/Application->handleRequest(Object(Illuminate/Http/Request))
#47 C:/Aplicaciones con c#/SitioWebQueeconomico/vendor/laravel/framework/src/Illuminate/Foundation/resources/server.php(23): require_once('C://Aplicaciones...')
#48 {main}

[previous exception] [object] (Illuminate\\View\\ViewException(code: 0): SQLSTATE[HY000]: General error: 1 no such table: categories (Connection: sqlite, Database: C:\\Aplicaciones con c#\\SitioWebQueeconomico\\database\\database.sqlite, SQL: select * from \"categories\" where \"parent_id\" is null and \"is_active\" = 1 order by \"sort_order\" asc, \"name\" asc) (View: C:\\Aplicaciones con c#\\SitioWebQueeconomico\\resources\\views\\layouts\\store.blade.php) at C:/Aplicaciones con c#/SitioWebQueeconomico/vendor/laravel/framework/src/Illuminate/Database/Connection.php:838)
[stacktrace]
#0 C:/Aplicaciones con c#/SitioWebQueeconomico/vendor/laravel/framework/src/Illuminate/View/Engines/PhpEngine.php(59): Illuminate/View/Engines/CompilerEngine->handleViewException(Object(Illuminate/Database/QueryException), 2)
#1 C:/Aplicaciones con c#/SitioWebQueeconomico/vendor/laravel/framework/src/Illuminate/View/Engines/CompilerEngine.php(76): Illuminate/View/Engines/PhpEngine->evaluatePath('C://Aplicaciones...', Array)
#2 C:/Aplicaciones con c#/SitioWebQueeconomico/vendor/laravel/framework/src/Illuminate/View/View.php(208): Illuminate/View/Engines/CompilerEngine->get('C://Aplicaciones...', Array)
#3 C:/Aplicaciones con c#/SitioWebQueeconomico/vendor/laravel/framework/src/Illuminate/View/View.php(191): Illuminate/View/View->getContents()
#4 C:/Aplicaciones con c#/SitioWebQueeconomico/vendor/laravel/framework/src/Illuminate/View/View.php(160): Illuminate/View/View->renderContents()
#5 C:/Aplicaciones con c#/SitioWebQueeconomico/storage/framework/views/63eb17342198cbaaa27a84a0502cd0c4.php(10): Illuminate/View/View->render()
#6 C:/Aplicaciones con c#/SitioWebQueeconomico/vendor/laravel/framework/src/Illuminate/Filesystem/Filesystem.php(123): require('C://Aplicaciones...')
#7 C:/Aplicaciones con c#/SitioWebQueeconomico/vendor/laravel/framework/src/Illuminate/Filesystem/Filesystem.php(124): Illuminate/Filesystem/Filesystem::Illuminate/Filesystem/{closure}()
#8 C:/Aplicaciones con c#/SitioWebQueeconomico/vendor/laravel/framework/src/Illuminate/View/Engines/PhpEngine.php(57): Illuminate/Filesystem/Filesystem->getRequire('C://Aplicaciones...', Array)
#9 C:/Aplicaciones con c#/SitioWebQueeconomico/vendor/laravel/framework/src/Illuminate/View/Engines/CompilerEngine.php(76): Illuminate/View/Engines/PhpEngine->evaluatePath('C://Aplicaciones...', Array)
#10 C:/Aplicaciones con c#/SitioWebQueeconomico/vendor/laravel/framework/src/Illuminate/View/View.php(208): Illuminate/View/Engines/CompilerEngine->get('C://Aplicaciones...', Array)
#11 C:/Aplicaciones con c#/SitioWebQueeconomico/vendor/laravel/framework/src/Illuminate/View/View.php(191): Illuminate/View/View->getContents()
#12 C:/Aplicaciones con c#/SitioWebQueeconomico/vendor/laravel/framework/src/Illuminate/View/View.php(160): Illuminate/View/View->renderContents()
#13 C:/Aplicaciones con c#/SitioWebQueeconomico/vendor/laravel/framework/src/Illuminate/Http/Response.php(78): Illuminate/View/View->render()
#14 C:/Aplicaciones con c#/SitioWebQueeconomico/vendor/laravel/framework/src/Illuminate/Http/Response.php(34): Illuminate/Http/Response->setContent(Object(Illuminate/View/View))
#15 C:/Aplicaciones con c#/SitioWebQueeconomico/vendor/laravel/framework/src/Illuminate/Routing/ResponseFactory.php(61): Illuminate/Http/Response->__construct(Object(Illuminate/View/View), 500, Array)
#16 C:/Aplicaciones con c#/SitioWebQueeconomico/vendor/laravel/framework/src/Illuminate/Routing/ResponseFactory.php(91): Illuminate/Routing/ResponseFactory->make(Object(Illuminate/View/View), 500, Array)
#17 C:/Aplicaciones con c#/SitioWebQueeconomico/vendor/laravel/framework/src/Illuminate/Foundation/Exceptions/Handler.php(926): Illuminate/Routing/ResponseFactory->view('errors::500', Array, 500, Array)
#18 C:/Aplicaciones con c#/SitioWebQueeconomico/vendor/laravel/framework/src/Illuminate/Foundation/Exceptions/Handler.php(847): Illuminate/Foundation/Exceptions/Handler->renderHttpException(Object(Symfony/Component/HttpKernel/Exception/HttpException))
#19 C:/Aplicaciones con c#/SitioWebQueeconomico/vendor/laravel/framework/src/Illuminate/Foundation/Exceptions/Handler.php(738): Illuminate/Foundation/Exceptions/Handler->prepareResponse(Object(Illuminate/Http/Request), Object(Symfony/Component/HttpKernel/Exception/HttpException))
#20 C:/Aplicaciones con c#/SitioWebQueeconomico/vendor/laravel/framework/src/Illuminate/Foundation/Exceptions/Handler.php(626): Illuminate/Foundation/Exceptions/Handler->renderExceptionResponse(Object(Illuminate/Http/Request), Object(Illuminate/Encryption/MissingAppKeyException))
#21 C:/Aplicaciones con c#/SitioWebQueeconomico/vendor/laravel/framework/src/Illuminate/Routing/Pipeline.php(51): Illuminate/Foundation/Exceptions/Handler->render(Object(Illuminate/Http/Request), Object(Illuminate/Encryption/MissingAppKeyException))
#22 C:/Aplicaciones con c#/SitioWebQueeconomico/vendor/laravel/framework/src/Illuminate/Pipeline/Pipeline.php(224): Illuminate/Routing/Pipeline->handleException(Object(Illuminate/Http/Request), Object(Illuminate/Encryption/MissingAppKeyException))
#23 C:/Aplicaciones con c#/SitioWebQueeconomico/vendor/laravel/framework/src/Illuminate/Pipeline/Pipeline.php(137): Illuminate/Pipeline/Pipeline->Illuminate/Pipeline/{closure}(Object(Illuminate/Http/Request))
#24 C:/Aplicaciones con c#/SitioWebQueeconomico/vendor/laravel/framework/src/Illuminate/Routing/Router.php(821): Illuminate/Pipeline/Pipeline->then(Object(Closure))
#25 C:/Aplicaciones con c#/SitioWebQueeconomico/vendor/laravel/framework/src/Illuminate/Routing/Router.php(800): Illuminate/Routing/Router->runRouteWithinStack(Object(Illuminate/Routing/Route), Object(Illuminate/Http/Request))
#26 C:/Aplicaciones con c#/SitioWebQueeconomico/vendor/laravel/framework/src/Illuminate/Routing/Router.php(764): Illuminate/Routing/Router->runRoute(Object(Illuminate/Http/Request), Object(Illuminate/Routing/Route))
#27 C:/Aplicaciones con c#/SitioWebQueeconomico/vendor/laravel/framework/src/Illuminate/Routing/Router.php(753): Illuminate/Routing/Router->dispatchToRoute(Object(Illuminate/Http/Request))
#28 C:/Aplicaciones con c#/SitioWebQueeconomico/vendor/laravel/framework/src/Illuminate/Foundation/Http/Kernel.php(200): Illuminate/Routing/Router->dispatch(Object(Illuminate/Http/Request))
#29 C:/Aplicaciones con c#/SitioWebQueeconomico/vendor/laravel/framework/src/Illuminate/Pipeline/Pipeline.php(180): Illuminate/Foundation/Http/Kernel->Illuminate/Foundation/Http/{closure}(Object(Illuminate/Http/Request))
#30 C:/Aplicaciones con c#/SitioWebQueeconomico/app/Http/Middleware/SecurityHeadersMiddleware.php(13): Illuminate/Pipeline/Pipeline->Illuminate/Pipeline/{closure}(Object(Illuminate/Http/Request))
#31 C:/Aplicaciones con c#/SitioWebQueeconomico/vendor/laravel/framework/src/Illuminate/Pipeline/Pipeline.php(219): App/Http/Middleware/SecurityHeadersMiddleware->handle(Object(Illuminate/Http/Request), Object(Closure))
#32 C:/Aplicaciones con c#/SitioWebQueeconomico/vendor/laravel/framework/src/Illuminate/Foundation/Http/Middleware/TransformsRequest.php(21): Illuminate/Pipeline/Pipeline->Illuminate/Pipeline/{closure}(Object(Illuminate/Http/Request))
#33 C:/Aplicaciones con c#/SitioWebQueeconomico/vendor/laravel/framework/src/Illuminate/Foundation/Http/Middleware/ConvertEmptyStringsToNull.php(31): Illuminate/Foundation/Http/Middleware/TransformsRequest->handle(Object(Illuminate/Http/Request), Object(Closure))
#34 C:/Aplicaciones con c#/SitioWebQueeconomico/vendor/laravel/framework/src/Illuminate/Pipeline/Pipeline.php(219): Illuminate/Foundation/Http/Middleware/ConvertEmptyStringsToNull->handle(Object(Illuminate/Http/Request), Object(Closure))
#35 C:/Aplicaciones con c#/SitioWebQueeconomico/vendor/laravel/framework/src/Illuminate/Foundation/Http/Middleware/TransformsRequest.php(21): Illuminate/Pipeline/Pipeline->Illuminate/Pipeline/{closure}(Object(Illuminate/Http/Request))
#36 C:/Aplicaciones con c#/SitioWebQueeconomico/vendor/laravel/framework/src/Illuminate/Foundation/Http/Middleware/TrimStrings.php(51): Illuminate/Foundation/Http/Middleware/TransformsRequest->handle(Object(Illuminate/Http/Request), Object(Closure))
#37 C:/Aplicaciones con c#/SitioWebQueeconomico/vendor/laravel/framework/src/Illuminate/Pipeline/Pipeline.php(219): Illuminate/Foundation/Http/Middleware/TrimStrings->handle(Object(Illuminate/Http/Request), Object(Closure))
#38 C:/Aplicaciones con c#/SitioWebQueeconomico/vendor/laravel/framework/src/Illuminate/Http/Middleware/ValidatePostSize.php(27): Illuminate/Pipeline/Pipeline->Illuminate/Pipeline/{closure}(Object(Illuminate/Http/Request))
#39 C:/Aplicaciones con c#/SitioWebQueeconomico/vendor/laravel/framework/src/Illuminate/Pipeline/Pipeline.php(219): Illuminate/Http/Middleware/ValidatePostSize->handle(Object(Illuminate/Http/Request), Object(Closure))
#40 C:/Aplicaciones con c#/SitioWebQueeconomico/vendor/laravel/framework/src/Illuminate/Foundation/Http/Middleware/PreventRequestsDuringMaintenance.php(109): Illuminate/Pipeline/Pipeline->Illuminate/Pipeline/{closure}(Object(Illuminate/Http/Request))
#41 C:/Aplicaciones con c#/SitioWebQueeconomico/vendor/laravel/framework/src/Illuminate/Pipeline/Pipeline.php(219): Illuminate/Foundation/Http/Middleware/PreventRequestsDuringMaintenance->handle(Object(Illuminate/Http/Request), Object(Closure))
#42 C:/Aplicaciones con c#/SitioWebQueeconomico/vendor/laravel/framework/src/Illuminate/Http/Middleware/HandleCors.php(61): Illuminate/Pipeline/Pipeline->Illuminate/Pipeline/{closure}(Object(Illuminate/Http/Request))
#43 C:/Aplicaciones con c#/SitioWebQueeconomico/vendor/laravel/framework/src/Illuminate/Pipeline/Pipeline.php(219): Illuminate/Http/Middleware/HandleCors->handle(Object(Illuminate/Http/Request), Object(Closure))
#44 C:/Aplicaciones con c#/SitioWebQueeconomico/vendor/laravel/framework/src/Illuminate/Http/Middleware/TrustProxies.php(58): Illuminate/Pipeline/Pipeline->Illuminate/Pipeline/{closure}(Object(Illuminate/Http/Request))
#45 C:/Aplicaciones con c#/SitioWebQueeconomico/vendor/laravel/framework/src/Illuminate/Pipeline/Pipeline.php(219): Illuminate/Http/Middleware/TrustProxies->handle(Object(Illuminate/Http/Request), Object(Closure))
#46 C:/Aplicaciones con c#/SitioWebQueeconomico/vendor/laravel/framework/src/Illuminate/Foundation/Http/Middleware/InvokeDeferredCallbacks.php(22): Illuminate/Pipeline/Pipeline->Illuminate/Pipeline/{closure}(Object(Illuminate/Http/Request))
#47 C:/Aplicaciones con c#/SitioWebQueeconomico/vendor/laravel/framework/src/Illuminate/Pipeline/Pipeline.php(219): Illuminate/Foundation/Http/Middleware/InvokeDeferredCallbacks->handle(Object(Illuminate/Http/Request), Object(Closure))
#48 C:/Aplicaciones con c#/SitioWebQueeconomico/vendor/laravel/framework/src/Illuminate/Http/Middleware/ValidatePathEncoding.php(26): Illuminate/Pipeline/Pipeline->Illuminate/Pipeline/{closure}(Object(Illuminate/Http/Request))
#49 C:/Aplicaciones con c#/SitioWebQueeconomico/vendor/laravel/framework/src/Illuminate/Pipeline/Pipeline.php(219): Illuminate/Http/Middleware/ValidatePathEncoding->handle(Object(Illuminate/Http/Request), Object(Closure))
#50 C:/Aplicaciones con c#/SitioWebQueeconomico/vendor/laravel/framework/src/Illuminate/Pipeline/Pipeline.php(137): Illuminate/Pipeline/Pipeline->Illuminate/Pipeline/{closure}(Object(Illuminate/Http/Request))
#51 C:/Aplicaciones con c#/SitioWebQueeconomico/vendor/laravel/framework/src/Illuminate/Foundation/Http/Kernel.php(175): Illuminate/Pipeline/Pipeline->then(Object(Closure))
#52 C:/Aplicaciones con c#/SitioWebQueeconomico/vendor/laravel/framework/src/Illuminate/Foundation/Http/Kernel.php(144): Illuminate/Foundation/Http/Kernel->sendRequestThroughRouter(Object(Illuminate/Http/Request))
#53 C:/Aplicaciones con c#/SitioWebQueeconomico/vendor/laravel/framework/src/Illuminate/Foundation/Application.php(1220): Illuminate/Foundation/Http/Kernel->handle(Object(Illuminate/Http/Request))
#54 C:/Aplicaciones con c#/SitioWebQueeconomico/public/index.php(20): Illuminate/Foundation/Application->handleRequest(Object(Illuminate/Http/Request))
#55 C:/Aplicaciones con c#/SitioWebQueeconomico/vendor/laravel/framework/src/Illuminate/Foundation/resources/server.php(23): require_once('C://Aplicaciones...')
#56 {main}

[previous exception] [object] (Illuminate\\Database\\QueryException(code: HY000): SQLSTATE[HY000]: General error: 1 no such table: categories (Connection: sqlite, Database: C:\\Aplicaciones con c#\\SitioWebQueeconomico\\database\\database.sqlite, SQL: select * from \"categories\" where \"parent_id\" is null and \"is_active\" = 1 order by \"sort_order\" asc, \"name\" asc) at C:/Aplicaciones con c#/SitioWebQueeconomico/vendor/laravel/framework/src/Illuminate/Database/Connection.php:838)
[stacktrace]
#0 C:/Aplicaciones con c#/SitioWebQueeconomico/vendor/laravel/framework/src/Illuminate/Database/Connection.php(794): Illuminate/Database/Connection->runQueryCallback('select * from \"...', Array, Object(Closure))
#1 C:/Aplicaciones con c#/SitioWebQueeconomico/vendor/laravel/framework/src/Illuminate/Database/Connection.php(411): Illuminate/Database/Connection->run('select * from \"...', Array, Object(Closure))
#2 C:/Aplicaciones con c#/SitioWebQueeconomico/vendor/laravel/framework/src/Illuminate/Database/Query/Builder.php(3505): Illuminate/Database/Connection->select('select * from \"...', Array, true)
#3 C:/Aplicaciones con c#/SitioWebQueeconomico/vendor/laravel/framework/src/Illuminate/Database/Query/Builder.php(3490): Illuminate/Database/Query/Builder->runSelect()
#4 C:/Aplicaciones con c#/SitioWebQueeconomico/vendor/laravel/framework/src/Illuminate/Database/Query/Builder.php(4080): Illuminate/Database/Query/Builder->Illuminate/Database/Query/{closure}()
#5 C:/Aplicaciones con c#/SitioWebQueeconomico/vendor/laravel/framework/src/Illuminate/Database/Query/Builder.php(3489): Illuminate/Database/Query/Builder->onceWithColumns(Array, Object(Closure))
#6 C:/Aplicaciones con c#/SitioWebQueeconomico/vendor/laravel/framework/src/Illuminate/Database/Eloquent/Builder.php(902): Illuminate/Database/Query/Builder->get(Array)
#7 C:/Aplicaciones con c#/SitioWebQueeconomico/vendor/laravel/framework/src/Illuminate/Database/Eloquent/Builder.php(884): Illuminate/Database/Eloquent/Builder->getModels(Array)
#8 C:/Aplicaciones con c#/SitioWebQueeconomico/app/Services/StorefrontService.php(86): Illuminate/Database/Eloquent/Builder->get()
#9 C:/Aplicaciones con c#/SitioWebQueeconomico/storage/framework/views/54b5118591c87acf27eb71f3a8c7dfc0.php(3): App/Services/StorefrontService->categoryMenu()
#10 C:/Aplicaciones con c#/SitioWebQueeconomico/vendor/laravel/framework/src/Illuminate/Filesystem/Filesystem.php(123): require('C://Aplicaciones...')
#11 C:/Aplicaciones con c#/SitioWebQueeconomico/vendor/laravel/framework/src/Illuminate/Filesystem/Filesystem.php(124): Illuminate/Filesystem/Filesystem::Illuminate/Filesystem/{closure}()
#12 C:/Aplicaciones con c#/SitioWebQueeconomico/vendor/laravel/framework/src/Illuminate/View/Engines/PhpEngine.php(57): Illuminate/Filesystem/Filesystem->getRequire('C://Aplicaciones...', Array)
#13 C:/Aplicaciones con c#/SitioWebQueeconomico/vendor/laravel/framework/src/Illuminate/View/Engines/CompilerEngine.php(76): Illuminate/View/Engines/PhpEngine->evaluatePath('C://Aplicaciones...', Array)
#14 C:/Aplicaciones con c#/SitioWebQueeconomico/vendor/laravel/framework/src/Illuminate/View/View.php(208): Illuminate/View/Engines/CompilerEngine->get('C://Aplicaciones...', Array)
#15 C:/Aplicaciones con c#/SitioWebQueeconomico/vendor/laravel/framework/src/Illuminate/View/View.php(191): Illuminate/View/View->getContents()
#16 C:/Aplicaciones con c#/SitioWebQueeconomico/vendor/laravel/framework/src/Illuminate/View/View.php(160): Illuminate/View/View->renderContents()
#17 C:/Aplicaciones con c#/SitioWebQueeconomico/storage/framework/views/63eb17342198cbaaa27a84a0502cd0c4.php(10): Illuminate/View/View->render()
#18 C:/Aplicaciones con c#/SitioWebQueeconomico/vendor/laravel/framework/src/Illuminate/Filesystem/Filesystem.php(123): require('C://Aplicaciones...')
#19 C:/Aplicaciones con c#/SitioWebQueeconomico/vendor/laravel/framework/src/Illuminate/Filesystem/Filesystem.php(124): Illuminate/Filesystem/Filesystem::Illuminate/Filesystem/{closure}()
#20 C:/Aplicaciones con c#/SitioWebQueeconomico/vendor/laravel/framework/src/Illuminate/View/Engines/PhpEngine.php(57): Illuminate/Filesystem/Filesystem->getRequire('C://Aplicaciones...', Array)
#21 C:/Aplicaciones con c#/SitioWebQueeconomico/vendor/laravel/framework/src/Illuminate/View/Engines/CompilerEngine.php(76): Illuminate/View/Engines/PhpEngine->evaluatePath('C://Aplicaciones...', Array)
#22 C:/Aplicaciones con c#/SitioWebQueeconomico/vendor/laravel/framework/src/Illuminate/View/View.php(208): Illuminate/View/Engines/CompilerEngine->get('C://Aplicaciones...', Array)
#23 C:/Aplicaciones con c#/SitioWebQueeconomico/vendor/laravel/framework/src/Illuminate/View/View.php(191): Illuminate/View/View->getContents()
#24 C:/Aplicaciones con c#/SitioWebQueeconomico/vendor/laravel/framework/src/Illuminate/View/View.php(160): Illuminate/View/View->renderContents()
#25 C:/Aplicaciones con c#/SitioWebQueeconomico/vendor/laravel/framework/src/Illuminate/Http/Response.php(78): Illuminate/View/View->render()
#26 C:/Aplicaciones con c#/SitioWebQueeconomico/vendor/laravel/framework/src/Illuminate/Http/Response.php(34): Illuminate/Http/Response->setContent(Object(Illuminate/View/View))
#27 C:/Aplicaciones con c#/SitioWebQueeconomico/vendor/laravel/framework/src/Illuminate/Routing/ResponseFactory.php(61): Illuminate/Http/Response->__construct(Object(Illuminate/View/View), 500, Array)
#28 C:/Aplicaciones con c#/SitioWebQueeconomico/vendor/laravel/framework/src/Illuminate/Routing/ResponseFactory.php(91): Illuminate/Routing/ResponseFactory->make(Object(Illuminate/View/View), 500, Array)
#29 C:/Aplicaciones con c#/SitioWebQueeconomico/vendor/laravel/framework/src/Illuminate/Foundation/Exceptions/Handler.php(926): Illuminate/Routing/ResponseFactory->view('errors::500', Array, 500, Array)
#30 C:/Aplicaciones con c#/SitioWebQueeconomico/vendor/laravel/framework/src/Illuminate/Foundation/Exceptions/Handler.php(847): Illuminate/Foundation/Exceptions/Handler->renderHttpException(Object(Symfony/Component/HttpKernel/Exception/HttpException))
#31 C:/Aplicaciones con c#/SitioWebQueeconomico/vendor/laravel/framework/src/Illuminate/Foundation/Exceptions/Handler.php(738): Illuminate/Foundation/Exceptions/Handler->prepareResponse(Object(Illuminate/Http/Request), Object(Symfony/Component/HttpKernel/Exception/HttpException))
#32 C:/Aplicaciones con c#/SitioWebQueeconomico/vendor/laravel/framework/src/Illuminate/Foundation/Exceptions/Handler.php(626): Illuminate/Foundation/Exceptions/Handler->renderExceptionResponse(Object(Illuminate/Http/Request), Object(Illuminate/Encryption/MissingAppKeyException))
#33 C:/Aplicaciones con c#/SitioWebQueeconomico/vendor/laravel/framework/src/Illuminate/Routing/Pipeline.php(51): Illuminate/Foundation/Exceptions/Handler->render(Object(Illuminate/Http/Request), Object(Illuminate/Encryption/MissingAppKeyException))
#34 C:/Aplicaciones con c#/SitioWebQueeconomico/vendor/laravel/framework/src/Illuminate/Pipeline/Pipeline.php(224): Illuminate/Routing/Pipeline->handleException(Object(Illuminate/Http/Request), Object(Illuminate/Encryption/MissingAppKeyException))
#35 C:/Aplicaciones con c#/SitioWebQueeconomico/vendor/laravel/framework/src/Illuminate/Pipeline/Pipeline.php(137): Illuminate/Pipeline/Pipeline->Illuminate/Pipeline/{closure}(Object(Illuminate/Http/Request))
#36 C:/Aplicaciones con c#/SitioWebQueeconomico/vendor/laravel/framework/src/Illuminate/Routing/Router.php(821): Illuminate/Pipeline/Pipeline->then(Object(Closure))
#37 C:/Aplicaciones con c#/SitioWebQueeconomico/vendor/laravel/framework/src/Illuminate/Routing/Router.php(800): Illuminate/Routing/Router->runRouteWithinStack(Object(Illuminate/Routing/Route), Object(Illuminate/Http/Request))
#38 C:/Aplicaciones con c#/SitioWebQueeconomico/vendor/laravel/framework/src/Illuminate/Routing/Router.php(764): Illuminate/Routing/Router->runRoute(Object(Illuminate/Http/Request), Object(Illuminate/Routing/Route))
#39 C:/Aplicaciones con c#/SitioWebQueeconomico/vendor/laravel/framework/src/Illuminate/Routing/Router.php(753): Illuminate/Routing/Router->dispatchToRoute(Object(Illuminate/Http/Request))
#40 C:/Aplicaciones con c#/SitioWebQueeconomico/vendor/laravel/framework/src/Illuminate/Foundation/Http/Kernel.php(200): Illuminate/Routing/Router->dispatch(Object(Illuminate/Http/Request))
#41 C:/Aplicaciones con c#/SitioWebQueeconomico/vendor/laravel/framework/src/Illuminate/Pipeline/Pipeline.php(180): Illuminate/Foundation/Http/Kernel->Illuminate/Foundation/Http/{closure}(Object(Illuminate/Http/Request))
#42 C:/Aplicaciones con c#/SitioWebQueeconomico/app/Http/Middleware/SecurityHeadersMiddleware.php(13): Illuminate/Pipeline/Pipeline->Illuminate/Pipeline/{closure}(Object(Illuminate/Http/Request))
#43 C:/Aplicaciones con c#/SitioWebQueeconomico/vendor/laravel/framework/src/Illuminate/Pipeline/Pipeline.php(219): App/Http/Middleware/SecurityHeadersMiddleware->handle(Object(Illuminate/Http/Request), Object(Closure))
#44 C:/Aplicaciones con c#/SitioWebQueeconomico/vendor/laravel/framework/src/Illuminate/Foundation/Http/Middleware/TransformsRequest.php(21): Illuminate/Pipeline/Pipeline->Illuminate/Pipeline/{closure}(Object(Illuminate/Http/Request))
#45 C:/Aplicaciones con c#/SitioWebQueeconomico/vendor/laravel/framework/src/Illuminate/Foundation/Http/Middleware/ConvertEmptyStringsToNull.php(31): Illuminate/Foundation/Http/Middleware/TransformsRequest->handle(Object(Illuminate/Http/Request), Object(Closure))
#46 C:/Aplicaciones con c#/SitioWebQueeconomico/vendor/laravel/framework/src/Illuminate/Pipeline/Pipeline.php(219): Illuminate/Foundation/Http/Middleware/ConvertEmptyStringsToNull->handle(Object(Illuminate/Http/Request), Object(Closure))
#47 C:/Aplicaciones con c#/SitioWebQueeconomico/vendor/laravel/framework/src/Illuminate/Foundation/Http/Middleware/TransformsRequest.php(21): Illuminate/Pipeline/Pipeline->Illuminate/Pipeline/{closure}(Object(Illuminate/Http/Request))
#48 C:/Aplicaciones con c#/SitioWebQueeconomico/vendor/laravel/framework/src/Illuminate/Foundation/Http/Middleware/TrimStrings.php(51): Illuminate/Foundation/Http/Middleware/TransformsRequest->handle(Object(Illuminate/Http/Request), Object(Closure))
#49 C:/Aplicaciones con c#/SitioWebQueeconomico/vendor/laravel/framework/src/Illuminate/Pipeline/Pipeline.php(219): Illuminate/Foundation/Http/Middleware/TrimStrings->handle(Object(Illuminate/Http/Request), Object(Closure))
#50 C:/Aplicaciones con c#/SitioWebQueeconomico/vendor/laravel/framework/src/Illuminate/Http/Middleware/ValidatePostSize.php(27): Illuminate/Pipeline/Pipeline->Illuminate/Pipeline/{closure}(Object(Illuminate/Http/Request))
#51 C:/Aplicaciones con c#/SitioWebQueeconomico/vendor/laravel/framework/src/Illuminate/Pipeline/Pipeline.php(219): Illuminate/Http/Middleware/ValidatePostSize->handle(Object(Illuminate/Http/Request), Object(Closure))
#52 C:/Aplicaciones con c#/SitioWebQueeconomico/vendor/laravel/framework/src/Illuminate/Foundation/Http/Middleware/PreventRequestsDuringMaintenance.php(109): Illuminate/Pipeline/Pipeline->Illuminate/Pipeline/{closure}(Object(Illuminate/Http/Request))
#53 C:/Aplicaciones con c#/SitioWebQueeconomico/vendor/laravel/framework/src/Illuminate/Pipeline/Pipeline.php(219): Illuminate/Foundation/Http/Middleware/PreventRequestsDuringMaintenance->handle(Object(Illuminate/Http/Request), Object(Closure))
#54 C:/Aplicaciones con c#/SitioWebQueeconomico/vendor/laravel/framework/src/Illuminate/Http/Middleware/HandleCors.php(61): Illuminate/Pipeline/Pipeline->Illuminate/Pipeline/{closure}(Object(Illuminate/Http/Request))
#55 C:/Aplicaciones con c#/SitioWebQueeconomico/vendor/laravel/framework/src/Illuminate/Pipeline/Pipeline.php(219): Illuminate/Http/Middleware/HandleCors->handle(Object(Illuminate/Http/Request), Object(Closure))
#56 C:/Aplicaciones con c#/SitioWebQueeconomico/vendor/laravel/framework/src/Illuminate/Http/Middleware/TrustProxies.php(58): Illuminate/Pipeline/Pipeline->Illuminate/Pipeline/{closure}(Object(Illuminate/Http/Request))
#57 C:/Aplicaciones con c#/SitioWebQueeconomico/vendor/laravel/framework/src/Illuminate/Pipeline/Pipeline.php(219): Illuminate/Http/Middleware/TrustProxies->handle(Object(Illuminate/Http/Request), Object(Closure))
#58 C:/Aplicaciones con c#/SitioWebQueeconomico/vendor/laravel/framework/src/Illuminate/Foundation/Http/Middleware/InvokeDeferredCallbacks.php(22): Illuminate/Pipeline/Pipeline->Illuminate/Pipeline/{closure}(Object(Illuminate/Http/Request))
#59 C:/Aplicaciones con c#/SitioWebQueeconomico/vendor/laravel/framework/src/Illuminate/Pipeline/Pipeline.php(219): Illuminate/Foundation/Http/Middleware/InvokeDeferredCallbacks->handle(Object(Illuminate/Http/Request), Object(Closure))
#60 C:/Aplicaciones con c#/SitioWebQueeconomico/vendor/laravel/framework/src/Illuminate/Http/Middleware/ValidatePathEncoding.php(26): Illuminate/Pipeline/Pipeline->Illuminate/Pipeline/{closure}(Object(Illuminate/Http/Request))
#61 C:/Aplicaciones con c#/SitioWebQueeconomico/vendor/laravel/framework/src/Illuminate/Pipeline/Pipeline.php(219): Illuminate/Http/Middleware/ValidatePathEncoding->handle(Object(Illuminate/Http/Request), Object(Closure))
#62 C:/Aplicaciones con c#/SitioWebQueeconomico/vendor/laravel/framework/src/Illuminate/Pipeline/Pipeline.php(137): Illuminate/Pipeline/Pipeline->Illuminate/Pipeline/{closure}(Object(Illuminate/Http/Request))
#63 C:/Aplicaciones con c#/SitioWebQueeconomico/vendor/laravel/framework/src/Illuminate/Foundation/Http/Kernel.php(175): Illuminate/Pipeline/Pipeline->then(Object(Closure))
#64 C:/Aplicaciones con c#/SitioWebQueeconomico/vendor/laravel/framework/src/Illuminate/Foundation/Http/Kernel.php(144): Illuminate/Foundation/Http/Kernel->sendRequestThroughRouter(Object(Illuminate/Http/Request))
#65 C:/Aplicaciones con c#/SitioWebQueeconomico/vendor/laravel/framework/src/Illuminate/Foundation/Application.php(1220): Illuminate/Foundation/Http/Kernel->handle(Object(Illuminate/Http/Request))
#66 C:/Aplicaciones con c#/SitioWebQueeconomico/public/index.php(20): Illuminate/Foundation/Application->handleRequest(Object(Illuminate/Http/Request))
#67 C:/Aplicaciones con c#/SitioWebQueeconomico/vendor/laravel/framework/src/Illuminate/Foundation/resources/server.php(23): require_once('C://Aplicaciones...')
#68 {main}

[previous exception] [object] (PDOException(code: HY000): SQLSTATE[HY000]: General error: 1 no such table: categories at C:/Aplicaciones con c#/SitioWebQueeconomico/vendor/laravel/framework/src/Illuminate/Database/Connection.php:420)
[stacktrace]
#0 C:/Aplicaciones con c#/SitioWebQueeconomico/vendor/laravel/framework/src/Illuminate/Database/Connection.php(420): PDO->prepare('select * from \"...')
#1 C:/Aplicaciones con c#/SitioWebQueeconomico/vendor/laravel/framework/src/Illuminate/Database/Connection.php(827): Illuminate/Database/Connection->Illuminate/Database/{closure}('select * from \"...', Array)
#2 C:/Aplicaciones con c#/SitioWebQueeconomico/vendor/laravel/framework/src/Illuminate/Database/Connection.php(794): Illuminate/Database/Connection->runQueryCallback('select * from \"...', Array, Object(Closure))
#3 C:/Aplicaciones con c#/SitioWebQueeconomico/vendor/laravel/framework/src/Illuminate/Database/Connection.php(411): Illuminate/Database/Connection->run('select * from \"...', Array, Object(Closure))
#4 C:/Aplicaciones con c#/SitioWebQueeconomico/vendor/laravel/framework/src/Illuminate/Database/Query/Builder.php(3505): Illuminate/Database/Connection->select('select * from \"...', Array, true)
#5 C:/Aplicaciones con c#/SitioWebQueeconomico/vendor/laravel/framework/src/Illuminate/Database/Query/Builder.php(3490): Illuminate/Database/Query/Builder->runSelect()
#6 C:/Aplicaciones con c#/SitioWebQueeconomico/vendor/laravel/framework/src/Illuminate/Database/Query/Builder.php(4080): Illuminate/Database/Query/Builder->Illuminate/Database/Query/{closure}()
#7 C:/Aplicaciones con c#/SitioWebQueeconomico/vendor/laravel/framework/src/Illuminate/Database/Query/Builder.php(3489): Illuminate/Database/Query/Builder->onceWithColumns(Array, Object(Closure))
#8 C:/Aplicaciones con c#/SitioWebQueeconomico/vendor/laravel/framework/src/Illuminate/Database/Eloquent/Builder.php(902): Illuminate/Database/Query/Builder->get(Array)
#9 C:/Aplicaciones con c#/SitioWebQueeconomico/vendor/laravel/framework/src/Illuminate/Database/Eloquent/Builder.php(884): Illuminate/Database/Eloquent/Builder->getModels(Array)
#10 C:/Aplicaciones con c#/SitioWebQueeconomico/app/Services/StorefrontService.php(86): Illuminate/Database/Eloquent/Builder->get()
#11 C:/Aplicaciones con c#/SitioWebQueeconomico/storage/framework/views/54b5118591c87acf27eb71f3a8c7dfc0.php(3): App/Services/StorefrontService->categoryMenu()
#12 C:/Aplicaciones con c#/SitioWebQueeconomico/vendor/laravel/framework/src/Illuminate/Filesystem/Filesystem.php(123): require('C://Aplicaciones...')
#13 C:/Aplicaciones con c#/SitioWebQueeconomico/vendor/laravel/framework/src/Illuminate/Filesystem/Filesystem.php(124): Illuminate/Filesystem/Filesystem::Illuminate/Filesystem/{closure}()
#14 C:/Aplicaciones con c#/SitioWebQueeconomico/vendor/laravel/framework/src/Illuminate/View/Engines/PhpEngine.php(57): Illuminate/Filesystem/Filesystem->getRequire('C://Aplicaciones...', Array)
#15 C:/Aplicaciones con c#/SitioWebQueeconomico/vendor/laravel/framework/src/Illuminate/View/Engines/CompilerEngine.php(76): Illuminate/View/Engines/PhpEngine->evaluatePath('C://Aplicaciones...', Array)
#16 C:/Aplicaciones con c#/SitioWebQueeconomico/vendor/laravel/framework/src/Illuminate/View/View.php(208): Illuminate/View/Engines/CompilerEngine->get('C://Aplicaciones...', Array)
#17 C:/Aplicaciones con c#/SitioWebQueeconomico/vendor/laravel/framework/src/Illuminate/View/View.php(191): Illuminate/View/View->getContents()
#18 C:/Aplicaciones con c#/SitioWebQueeconomico/vendor/laravel/framework/src/Illuminate/View/View.php(160): Illuminate/View/View->renderContents()
#19 C:/Aplicaciones con c#/SitioWebQueeconomico/storage/framework/views/63eb17342198cbaaa27a84a0502cd0c4.php(10): Illuminate/View/View->render()
#20 C:/Aplicaciones con c#/SitioWebQueeconomico/vendor/laravel/framework/src/Illuminate/Filesystem/Filesystem.php(123): require('C://Aplicaciones...')
#21 C:/Aplicaciones con c#/SitioWebQueeconomico/vendor/laravel/framework/src/Illuminate/Filesystem/Filesystem.php(124): Illuminate/Filesystem/Filesystem::Illuminate/Filesystem/{closure}()
#22 C:/Aplicaciones con c#/SitioWebQueeconomico/vendor/laravel/framework/src/Illuminate/View/Engines/PhpEngine.php(57): Illuminate/Filesystem/Filesystem->getRequire('C://Aplicaciones...', Array)
#23 C:/Aplicaciones con c#/SitioWebQueeconomico/vendor/laravel/framework/src/Illuminate/View/Engines/CompilerEngine.php(76): Illuminate/View/Engines/PhpEngine->evaluatePath('C://Aplicaciones...', Array)
#24 C:/Aplicaciones con c#/SitioWebQueeconomico/vendor/laravel/framework/src/Illuminate/View/View.php(208): Illuminate/View/Engines/CompilerEngine->get('C://Aplicaciones...', Array)
#25 C:/Aplicaciones con c#/SitioWebQueeconomico/vendor/laravel/framework/src/Illuminate/View/View.php(191): Illuminate/View/View->getContents()
#26 C:/Aplicaciones con c#/SitioWebQueeconomico/vendor/laravel/framework/src/Illuminate/View/View.php(160): Illuminate/View/View->renderContents()
#27 C:/Aplicaciones con c#/SitioWebQueeconomico/vendor/laravel/framework/src/Illuminate/Http/Response.php(78): Illuminate/View/View->render()
#28 C:/Aplicaciones con c#/SitioWebQueeconomico/vendor/laravel/framework/src/Illuminate/Http/Response.php(34): Illuminate/Http/Response->setContent(Object(Illuminate/View/View))
#29 C:/Aplicaciones con c#/SitioWebQueeconomico/vendor/laravel/framework/src/Illuminate/Routing/ResponseFactory.php(61): Illuminate/Http/Response->__construct(Object(Illuminate/View/View), 500, Array)
#30 C:/Aplicaciones con c#/SitioWebQueeconomico/vendor/laravel/framework/src/Illuminate/Routing/ResponseFactory.php(91): Illuminate/Routing/ResponseFactory->make(Object(Illuminate/View/View), 500, Array)
#31 C:/Aplicaciones con c#/SitioWebQueeconomico/vendor/laravel/framework/src/Illuminate/Foundation/Exceptions/Handler.php(926): Illuminate/Routing/ResponseFactory->view('errors::500', Array, 500, Array)
#32 C:/Aplicaciones con c#/SitioWebQueeconomico/vendor/laravel/framework/src/Illuminate/Foundation/Exceptions/Handler.php(847): Illuminate/Foundation/Exceptions/Handler->renderHttpException(Object(Symfony/Component/HttpKernel/Exception/HttpException))
#33 C:/Aplicaciones con c#/SitioWebQueeconomico/vendor/laravel/framework/src/Illuminate/Foundation/Exceptions/Handler.php(738): Illuminate/Foundation/Exceptions/Handler->prepareResponse(Object(Illuminate/Http/Request), Object(Symfony/Component/HttpKernel/Exception/HttpException))
#34 C:/Aplicaciones con c#/SitioWebQueeconomico/vendor/laravel/framework/src/Illuminate/Foundation/Exceptions/Handler.php(626): Illuminate/Foundation/Exceptions/Handler->renderExceptionResponse(Object(Illuminate/Http/Request), Object(Illuminate/Encryption/MissingAppKeyException))
#35 C:/Aplicaciones con c#/SitioWebQueeconomico/vendor/laravel/framework/src/Illuminate/Routing/Pipeline.php(51): Illuminate/Foundation/Exceptions/Handler->render(Object(Illuminate/Http/Request), Object(Illuminate/Encryption/MissingAppKeyException))
#36 C:/Aplicaciones con c#/SitioWebQueeconomico/vendor/laravel/framework/src/Illuminate/Pipeline/Pipeline.php(224): Illuminate/Routing/Pipeline->handleException(Object(Illuminate/Http/Request), Object(Illuminate/Encryption/MissingAppKeyException))
#37 C:/Aplicaciones con c#/SitioWebQueeconomico/vendor/laravel/framework/src/Illuminate/Pipeline/Pipeline.php(137): Illuminate/Pipeline/Pipeline->Illuminate/Pipeline/{closure}(Object(Illuminate/Http/Request))
#38 C:/Aplicaciones con c#/SitioWebQueeconomico/vendor/laravel/framework/src/Illuminate/Routing/Router.php(821): Illuminate/Pipeline/Pipeline->then(Object(Closure))
#39 C:/Aplicaciones con c#/SitioWebQueeconomico/vendor/laravel/framework/src/Illuminate/Routing/Router.php(800): Illuminate/Routing/Router->runRouteWithinStack(Object(Illuminate/Routing/Route), Object(Illuminate/Http/Request))
#40 C:/Aplicaciones con c#/SitioWebQueeconomico/vendor/laravel/framework/src/Illuminate/Routing/Router.php(764): Illuminate/Routing/Router->runRoute(Object(Illuminate/Http/Request), Object(Illuminate/Routing/Route))
#41 C:/Aplicaciones con c#/SitioWebQueeconomico/vendor/laravel/framework/src/Illuminate/Routing/Router.php(753): Illuminate/Routing/Router->dispatchToRoute(Object(Illuminate/Http/Request))
#42 C:/Aplicaciones con c#/SitioWebQueeconomico/vendor/laravel/framework/src/Illuminate/Foundation/Http/Kernel.php(200): Illuminate/Routing/Router->dispatch(Object(Illuminate/Http/Request))
#43 C:/Aplicaciones con c#/SitioWebQueeconomico/vendor/laravel/framework/src/Illuminate/Pipeline/Pipeline.php(180): Illuminate/Foundation/Http/Kernel->Illuminate/Foundation/Http/{closure}(Object(Illuminate/Http/Request))
#44 C:/Aplicaciones con c#/SitioWebQueeconomico/app/Http/Middleware/SecurityHeadersMiddleware.php(13): Illuminate/Pipeline/Pipeline->Illuminate/Pipeline/{closure}(Object(Illuminate/Http/Request))
#45 C:/Aplicaciones con c#/SitioWebQueeconomico/vendor/laravel/framework/src/Illuminate/Pipeline/Pipeline.php(219): App/Http/Middleware/SecurityHeadersMiddleware->handle(Object(Illuminate/Http/Request), Object(Closure))
#46 C:/Aplicaciones con c#/SitioWebQueeconomico/vendor/laravel/framework/src/Illuminate/Foundation/Http/Middleware/TransformsRequest.php(21): Illuminate/Pipeline/Pipeline->Illuminate/Pipeline/{closure}(Object(Illuminate/Http/Request))
#47 C:/Aplicaciones con c#/SitioWebQueeconomico/vendor/laravel/framework/src/Illuminate/Foundation/Http/Middleware/ConvertEmptyStringsToNull.php(31): Illuminate/Foundation/Http/Middleware/TransformsRequest->handle(Object(Illuminate/Http/Request), Object(Closure))
#48 C:/Aplicaciones con c#/SitioWebQueeconomico/vendor/laravel/framework/src/Illuminate/Pipeline/Pipeline.php(219): Illuminate/Foundation/Http/Middleware/ConvertEmptyStringsToNull->handle(Object(Illuminate/Http/Request), Object(Closure))
#49 C:/Aplicaciones con c#/SitioWebQueeconomico/vendor/laravel/framework/src/Illuminate/Foundation/Http/Middleware/TransformsRequest.php(21): Illuminate/Pipeline/Pipeline->Illuminate/Pipeline/{closure}(Object(Illuminate/Http/Request))
#50 C:/Aplicaciones con c#/SitioWebQueeconomico/vendor/laravel/framework/src/Illuminate/Foundation/Http/Middleware/TrimStrings.php(51): Illuminate/Foundation/Http/Middleware/TransformsRequest->handle(Object(Illuminate/Http/Request), Object(Closure))
#51 C:/Aplicaciones con c#/SitioWebQueeconomico/vendor/laravel/framework/src/Illuminate/Pipeline/Pipeline.php(219): Illuminate/Foundation/Http/Middleware/TrimStrings->handle(Object(Illuminate/Http/Request), Object(Closure))
#52 C:/Aplicaciones con c#/SitioWebQueeconomico/vendor/laravel/framework/src/Illuminate/Http/Middleware/ValidatePostSize.php(27): Illuminate/Pipeline/Pipeline->Illuminate/Pipeline/{closure}(Object(Illuminate/Http/Request))
#53 C:/Aplicaciones con c#/SitioWebQueeconomico/vendor/laravel/framework/src/Illuminate/Pipeline/Pipeline.php(219): Illuminate/Http/Middleware/ValidatePostSize->handle(Object(Illuminate/Http/Request), Object(Closure))
#54 C:/Aplicaciones con c#/SitioWebQueeconomico/vendor/laravel/framework/src/Illuminate/Foundation/Http/Middleware/PreventRequestsDuringMaintenance.php(109): Illuminate/Pipeline/Pipeline->Illuminate/Pipeline/{closure}(Object(Illuminate/Http/Request))
#55 C:/Aplicaciones con c#/SitioWebQueeconomico/vendor/laravel/framework/src/Illuminate/Pipeline/Pipeline.php(219): Illuminate/Foundation/Http/Middleware/PreventRequestsDuringMaintenance->handle(Object(Illuminate/Http/Request), Object(Closure))
#56 C:/Aplicaciones con c#/SitioWebQueeconomico/vendor/laravel/framework/src/Illuminate/Http/Middleware/HandleCors.php(61): Illuminate/Pipeline/Pipeline->Illuminate/Pipeline/{closure}(Object(Illuminate/Http/Request))
#57 C:/Aplicaciones con c#/SitioWebQueeconomico/vendor/laravel/framework/src/Illuminate/Pipeline/Pipeline.php(219): Illuminate/Http/Middleware/HandleCors->handle(Object(Illuminate/Http/Request), Object(Closure))
#58 C:/Aplicaciones con c#/SitioWebQueeconomico/vendor/laravel/framework/src/Illuminate/Http/Middleware/TrustProxies.php(58): Illuminate/Pipeline/Pipeline->Illuminate/Pipeline/{closure}(Object(Illuminate/Http/Request))
#59 C:/Aplicaciones con c#/SitioWebQueeconomico/vendor/laravel/framework/src/Illuminate/Pipeline/Pipeline.php(219): Illuminate/Http/Middleware/TrustProxies->handle(Object(Illuminate/Http/Request), Object(Closure))
#60 C:/Aplicaciones con c#/SitioWebQueeconomico/vendor/laravel/framework/src/Illuminate/Foundation/Http/Middleware/InvokeDeferredCallbacks.php(22): Illuminate/Pipeline/Pipeline->Illuminate/Pipeline/{closure}(Object(Illuminate/Http/Request))
#61 C:/Aplicaciones con c#/SitioWebQueeconomico/vendor/laravel/framework/src/Illuminate/Pipeline/Pipeline.php(219): Illuminate/Foundation/Http/Middleware/InvokeDeferredCallbacks->handle(Object(Illuminate/Http/Request), Object(Closure))
#62 C:/Aplicaciones con c#/SitioWebQueeconomico/vendor/laravel/framework/src/Illuminate/Http/Middleware/ValidatePathEncoding.php(26): Illuminate/Pipeline/Pipeline->Illuminate/Pipeline/{closure}(Object(Illuminate/Http/Request))
#63 C:/Aplicaciones con c#/SitioWebQueeconomico/vendor/laravel/framework/src/Illuminate/Pipeline/Pipeline.php(219): Illuminate/Http/Middleware/ValidatePathEncoding->handle(Object(Illuminate/Http/Request), Object(Closure))
#64 C:/Aplicaciones con c#/SitioWebQueeconomico/vendor/laravel/framework/src/Illuminate/Pipeline/Pipeline.php(137): Illuminate/Pipeline/Pipeline->Illuminate/Pipeline/{closure}(Object(Illuminate/Http/Request))
#65 C:/Aplicaciones con c#/SitioWebQueeconomico/vendor/laravel/framework/src/Illuminate/Foundation/Http/Kernel.php(175): Illuminate/Pipeline/Pipeline->then(Object(Closure))
#66 C:/Aplicaciones con c#/SitioWebQueeconomico/vendor/laravel/framework/src/Illuminate/Foundation/Http/Kernel.php(144): Illuminate/Foundation/Http/Kernel->sendRequestThroughRouter(Object(Illuminate/Http/Request))
#67 C:/Aplicaciones con c#/SitioWebQueeconomico/vendor/laravel/framework/src/Illuminate/Foundation/Application.php(1220): Illuminate/Foundation/Http/Kernel->handle(Object(Illuminate/Http/Request))
#68 C:/Aplicaciones con c#/SitioWebQueeconomico/public/index.php(20): Illuminate/Foundation/Application->handleRequest(Object(Illuminate/Http/Request))
#69 C:/Aplicaciones con c#/SitioWebQueeconomico/vendor/laravel/framework/src/Illuminate/Foundation/resources/server.php(23): require_once('C://Aplicaciones...')
#70 {main}
"} 
[2026-07-04 04:27:23] production.ERROR: No application encryption key has been specified. {"exception":"[object] (Illuminate\\Encryption\\MissingAppKeyException(code: 0): No application encryption key has been specified. at C:/Aplicaciones con c#/SitioWebQueeconomico/vendor/laravel/framework/src/Illuminate/Encryption/EncryptionServiceProvider.php:83)
[stacktrace]
#0 C:/Aplicaciones con c#/SitioWebQueeconomico/vendor/laravel/framework/src/Illuminate/Support/helpers.php(393): Illuminate/Encryption/EncryptionServiceProvider->Illuminate/Encryption/{closure}(NULL)
#1 C:/Aplicaciones con c#/SitioWebQueeconomico/vendor/laravel/framework/src/Illuminate/Encryption/EncryptionServiceProvider.php(81): tap(NULL, Object(Closure))
#2 C:/Aplicaciones con c#/SitioWebQueeconomico/vendor/laravel/framework/src/Illuminate/Encryption/EncryptionServiceProvider.php(64): Illuminate/Encryption/EncryptionServiceProvider->key(Array)
#3 C:/Aplicaciones con c#/SitioWebQueeconomico/vendor/laravel/framework/src/Illuminate/Encryption/EncryptionServiceProvider.php(32): Illuminate/Encryption/EncryptionServiceProvider->parseKey(Array)
#4 C:/Aplicaciones con c#/SitioWebQueeconomico/vendor/laravel/framework/src/Illuminate/Container/Container.php(1115): Illuminate/Encryption/EncryptionServiceProvider->Illuminate/Encryption/{closure}(Object(Illuminate/Foundation/Application), Array)
#5 C:/Aplicaciones con c#/SitioWebQueeconomico/vendor/laravel/framework/src/Illuminate/Container/Container.php(933): Illuminate/Container/Container->build(Object(Closure))
#6 C:/Aplicaciones con c#/SitioWebQueeconomico/vendor/laravel/framework/src/Illuminate/Foundation/Application.php(1078): Illuminate/Container/Container->resolve('encrypter', Array, true)
#7 C:/Aplicaciones con c#/SitioWebQueeconomico/vendor/laravel/framework/src/Illuminate/Container/Container.php(864): Illuminate/Foundation/Application->resolve('encrypter', Array)
#8 C:/Aplicaciones con c#/SitioWebQueeconomico/vendor/laravel/framework/src/Illuminate/Foundation/Application.php(1058): Illuminate/Container/Container->make('encrypter', Array)
#9 C:/Aplicaciones con c#/SitioWebQueeconomico/vendor/laravel/framework/src/Illuminate/Container/Container.php(1336): Illuminate/Foundation/Application->make('encrypter')
#10 C:/Aplicaciones con c#/SitioWebQueeconomico/vendor/laravel/framework/src/Illuminate/Container/Container.php(1237): Illuminate/Container/Container->resolveClass(Object(ReflectionParameter), 'Illuminate//Cont...')
#11 C:/Aplicaciones con c#/SitioWebQueeconomico/vendor/laravel/framework/src/Illuminate/Container/Container.php(1162): Illuminate/Container/Container->resolveDependencies(Array)
#12 C:/Aplicaciones con c#/SitioWebQueeconomico/vendor/laravel/framework/src/Illuminate/Container/Container.php(933): Illuminate/Container/Container->build('Illuminate//Cook...')
#13 C:/Aplicaciones con c#/SitioWebQueeconomico/vendor/laravel/framework/src/Illuminate/Foundation/Application.php(1078): Illuminate/Container/Container->resolve('Illuminate//Cook...', Array, true)
#14 C:/Aplicaciones con c#/SitioWebQueeconomico/vendor/laravel/framework/src/Illuminate/Container/Container.php(864): Illuminate/Foundation/Application->resolve('Illuminate//Cook...', Array)
#15 C:/Aplicaciones con c#/SitioWebQueeconomico/vendor/laravel/framework/src/Illuminate/Foundation/Application.php(1058): Illuminate/Container/Container->make('Illuminate//Cook...', Array)
#16 C:/Aplicaciones con c#/SitioWebQueeconomico/vendor/laravel/framework/src/Illuminate/Foundation/Http/Kernel.php(257): Illuminate/Foundation/Application->make('Illuminate//Cook...')
#17 C:/Aplicaciones con c#/SitioWebQueeconomico/vendor/laravel/framework/src/Illuminate/Foundation/Http/Kernel.php(215): Illuminate/Foundation/Http/Kernel->terminateMiddleware(Object(Illuminate/Http/Request), Object(Illuminate/Http/Response))
#18 C:/Aplicaciones con c#/SitioWebQueeconomico/vendor/laravel/framework/src/Illuminate/Foundation/Application.php(1222): Illuminate/Foundation/Http/Kernel->terminate(Object(Illuminate/Http/Request), Object(Illuminate/Http/Response))
#19 C:/Aplicaciones con c#/SitioWebQueeconomico/public/index.php(20): Illuminate/Foundation/Application->handleRequest(Object(Illuminate/Http/Request))
#20 C:/Aplicaciones con c#/SitioWebQueeconomico/vendor/laravel/framework/src/Illuminate/Foundation/resources/server.php(23): require_once('C://Aplicaciones...')
#21 {main}
"} 
[2026-07-04 04:27:23] production.ERROR: SQLSTATE[HY000]: General error: 1 no such table: categories (Connection: sqlite, Database: C:\Aplicaciones con c#\SitioWebQueeconomico\database\database.sqlite, SQL: select * from "categories" where "parent_id" is null and "is_active" = 1 order by "sort_order" asc, "name" asc) (View: C:\Aplicaciones con c#\SitioWebQueeconomico\resources\views\layouts\store.blade.php) (View: C:\Aplicaciones con c#\SitioWebQueeconomico\resources\views\layouts\store.blade.php) {"exception":"[object] (Illuminate\\View\\ViewException(code: 0): SQLSTATE[HY000]: General error: 1 no such table: categories (Connection: sqlite, Database: C:\\Aplicaciones con c#\\SitioWebQueeconomico\\database\\database.sqlite, SQL: select * from \"categories\" where \"parent_id\" is null and \"is_active\" = 1 order by \"sort_order\" asc, \"name\" asc) (View: C:\\Aplicaciones con c#\\SitioWebQueeconomico\\resources\\views\\layouts\\store.blade.php) (View: C:\\Aplicaciones con c#\\SitioWebQueeconomico\\resources\\views\\layouts\\store.blade.php) at C:/Aplicaciones con c#/SitioWebQueeconomico/vendor/laravel/framework/src/Illuminate/Database/Connection.php:838)
[stacktrace]
#0 C:/Aplicaciones con c#/SitioWebQueeconomico/vendor/laravel/framework/src/Illuminate/View/Engines/PhpEngine.php(59): Illuminate/View/Engines/CompilerEngine->handleViewException(Object(Illuminate/View/ViewException), 0)
#1 C:/Aplicaciones con c#/SitioWebQueeconomico/vendor/laravel/framework/src/Illuminate/View/Engines/CompilerEngine.php(76): Illuminate/View/Engines/PhpEngine->evaluatePath('C://Aplicaciones...', Array)
#2 C:/Aplicaciones con c#/SitioWebQueeconomico/vendor/laravel/framework/src/Illuminate/View/View.php(208): Illuminate/View/Engines/CompilerEngine->get('C://Aplicaciones...', Array)
#3 C:/Aplicaciones con c#/SitioWebQueeconomico/vendor/laravel/framework/src/Illuminate/View/View.php(191): Illuminate/View/View->getContents()
#4 C:/Aplicaciones con c#/SitioWebQueeconomico/vendor/laravel/framework/src/Illuminate/View/View.php(160): Illuminate/View/View->renderContents()
#5 C:/Aplicaciones con c#/SitioWebQueeconomico/vendor/laravel/framework/src/Illuminate/Http/Response.php(78): Illuminate/View/View->render()
#6 C:/Aplicaciones con c#/SitioWebQueeconomico/vendor/laravel/framework/src/Illuminate/Http/Response.php(34): Illuminate/Http/Response->setContent(Object(Illuminate/View/View))
#7 C:/Aplicaciones con c#/SitioWebQueeconomico/vendor/laravel/framework/src/Illuminate/Routing/ResponseFactory.php(61): Illuminate/Http/Response->__construct(Object(Illuminate/View/View), 500, Array)
#8 C:/Aplicaciones con c#/SitioWebQueeconomico/vendor/laravel/framework/src/Illuminate/Routing/ResponseFactory.php(91): Illuminate/Routing/ResponseFactory->make(Object(Illuminate/View/View), 500, Array)
#9 C:/Aplicaciones con c#/SitioWebQueeconomico/vendor/laravel/framework/src/Illuminate/Foundation/Exceptions/Handler.php(926): Illuminate/Routing/ResponseFactory->view('errors::500', Array, 500, Array)
#10 C:/Aplicaciones con c#/SitioWebQueeconomico/vendor/laravel/framework/src/Illuminate/Foundation/Exceptions/Handler.php(847): Illuminate/Foundation/Exceptions/Handler->renderHttpException(Object(Symfony/Component/HttpKernel/Exception/HttpException))
#11 C:/Aplicaciones con c#/SitioWebQueeconomico/vendor/laravel/framework/src/Illuminate/Foundation/Exceptions/Handler.php(738): Illuminate/Foundation/Exceptions/Handler->prepareResponse(Object(Illuminate/Http/Request), Object(Symfony/Component/HttpKernel/Exception/HttpException))
#12 C:/Aplicaciones con c#/SitioWebQueeconomico/vendor/laravel/framework/src/Illuminate/Foundation/Exceptions/Handler.php(626): Illuminate/Foundation/Exceptions/Handler->renderExceptionResponse(Object(Illuminate/Http/Request), Object(Illuminate/Encryption/MissingAppKeyException))
#13 C:/Aplicaciones con c#/SitioWebQueeconomico/vendor/laravel/framework/src/Illuminate/Foundation/Bootstrap/HandleExceptions.php(225): Illuminate/Foundation/Exceptions/Handler->render(Object(Illuminate/Http/Request), Object(Illuminate/Encryption/MissingAppKeyException))
#14 C:/Aplicaciones con c#/SitioWebQueeconomico/vendor/laravel/framework/src/Illuminate/Foundation/Bootstrap/HandleExceptions.php(202): Illuminate/Foundation/Bootstrap/HandleExceptions->renderHttpResponse(Object(Illuminate/Encryption/MissingAppKeyException))
#15 C:/Aplicaciones con c#/SitioWebQueeconomico/vendor/laravel/framework/src/Illuminate/Foundation/Bootstrap/HandleExceptions.php(262): Illuminate/Foundation/Bootstrap/HandleExceptions->handleException(Object(Illuminate/Encryption/MissingAppKeyException))
#16 [internal function]: Illuminate/Foundation/Bootstrap/HandleExceptions->Illuminate/Foundation/Bootstrap/{closure}(Object(Illuminate/Encryption/MissingAppKeyException))
#17 {main}

[previous exception] [object] (Illuminate\\View\\ViewException(code: 0): SQLSTATE[HY000]: General error: 1 no such table: categories (Connection: sqlite, Database: C:\\Aplicaciones con c#\\SitioWebQueeconomico\\database\\database.sqlite, SQL: select * from \"categories\" where \"parent_id\" is null and \"is_active\" = 1 order by \"sort_order\" asc, \"name\" asc) (View: C:\\Aplicaciones con c#\\SitioWebQueeconomico\\resources\\views\\layouts\\store.blade.php) at C:/Aplicaciones con c#/SitioWebQueeconomico/vendor/laravel/framework/src/Illuminate/Database/Connection.php:838)
[stacktrace]
#0 C:/Aplicaciones con c#/SitioWebQueeconomico/vendor/laravel/framework/src/Illuminate/View/Engines/PhpEngine.php(59): Illuminate/View/Engines/CompilerEngine->handleViewException(Object(Illuminate/Database/QueryException), 1)
#1 C:/Aplicaciones con c#/SitioWebQueeconomico/vendor/laravel/framework/src/Illuminate/View/Engines/CompilerEngine.php(76): Illuminate/View/Engines/PhpEngine->evaluatePath('C://Aplicaciones...', Array)
#2 C:/Aplicaciones con c#/SitioWebQueeconomico/vendor/laravel/framework/src/Illuminate/View/View.php(208): Illuminate/View/Engines/CompilerEngine->get('C://Aplicaciones...', Array)
#3 C:/Aplicaciones con c#/SitioWebQueeconomico/vendor/laravel/framework/src/Illuminate/View/View.php(191): Illuminate/View/View->getContents()
#4 C:/Aplicaciones con c#/SitioWebQueeconomico/vendor/laravel/framework/src/Illuminate/View/View.php(160): Illuminate/View/View->renderContents()
#5 C:/Aplicaciones con c#/SitioWebQueeconomico/storage/framework/views/63eb17342198cbaaa27a84a0502cd0c4.php(10): Illuminate/View/View->render()
#6 C:/Aplicaciones con c#/SitioWebQueeconomico/vendor/laravel/framework/src/Illuminate/Filesystem/Filesystem.php(123): require('C://Aplicaciones...')
#7 C:/Aplicaciones con c#/SitioWebQueeconomico/vendor/laravel/framework/src/Illuminate/Filesystem/Filesystem.php(124): Illuminate/Filesystem/Filesystem::Illuminate/Filesystem/{closure}()
#8 C:/Aplicaciones con c#/SitioWebQueeconomico/vendor/laravel/framework/src/Illuminate/View/Engines/PhpEngine.php(57): Illuminate/Filesystem/Filesystem->getRequire('C://Aplicaciones...', Array)
#9 C:/Aplicaciones con c#/SitioWebQueeconomico/vendor/laravel/framework/src/Illuminate/View/Engines/CompilerEngine.php(76): Illuminate/View/Engines/PhpEngine->evaluatePath('C://Aplicaciones...', Array)
#10 C:/Aplicaciones con c#/SitioWebQueeconomico/vendor/laravel/framework/src/Illuminate/View/View.php(208): Illuminate/View/Engines/CompilerEngine->get('C://Aplicaciones...', Array)
#11 C:/Aplicaciones con c#/SitioWebQueeconomico/vendor/laravel/framework/src/Illuminate/View/View.php(191): Illuminate/View/View->getContents()
#12 C:/Aplicaciones con c#/SitioWebQueeconomico/vendor/laravel/framework/src/Illuminate/View/View.php(160): Illuminate/View/View->renderContents()
#13 C:/Aplicaciones con c#/SitioWebQueeconomico/vendor/laravel/framework/src/Illuminate/Http/Response.php(78): Illuminate/View/View->render()
#14 C:/Aplicaciones con c#/SitioWebQueeconomico/vendor/laravel/framework/src/Illuminate/Http/Response.php(34): Illuminate/Http/Response->setContent(Object(Illuminate/View/View))
#15 C:/Aplicaciones con c#/SitioWebQueeconomico/vendor/laravel/framework/src/Illuminate/Routing/ResponseFactory.php(61): Illuminate/Http/Response->__construct(Object(Illuminate/View/View), 500, Array)
#16 C:/Aplicaciones con c#/SitioWebQueeconomico/vendor/laravel/framework/src/Illuminate/Routing/ResponseFactory.php(91): Illuminate/Routing/ResponseFactory->make(Object(Illuminate/View/View), 500, Array)
#17 C:/Aplicaciones con c#/SitioWebQueeconomico/vendor/laravel/framework/src/Illuminate/Foundation/Exceptions/Handler.php(926): Illuminate/Routing/ResponseFactory->view('errors::500', Array, 500, Array)
#18 C:/Aplicaciones con c#/SitioWebQueeconomico/vendor/laravel/framework/src/Illuminate/Foundation/Exceptions/Handler.php(847): Illuminate/Foundation/Exceptions/Handler->renderHttpException(Object(Symfony/Component/HttpKernel/Exception/HttpException))
#19 C:/Aplicaciones con c#/SitioWebQueeconomico/vendor/laravel/framework/src/Illuminate/Foundation/Exceptions/Handler.php(738): Illuminate/Foundation/Exceptions/Handler->prepareResponse(Object(Illuminate/Http/Request), Object(Symfony/Component/HttpKernel/Exception/HttpException))
#20 C:/Aplicaciones con c#/SitioWebQueeconomico/vendor/laravel/framework/src/Illuminate/Foundation/Exceptions/Handler.php(626): Illuminate/Foundation/Exceptions/Handler->renderExceptionResponse(Object(Illuminate/Http/Request), Object(Illuminate/Encryption/MissingAppKeyException))
#21 C:/Aplicaciones con c#/SitioWebQueeconomico/vendor/laravel/framework/src/Illuminate/Foundation/Bootstrap/HandleExceptions.php(225): Illuminate/Foundation/Exceptions/Handler->render(Object(Illuminate/Http/Request), Object(Illuminate/Encryption/MissingAppKeyException))
#22 C:/Aplicaciones con c#/SitioWebQueeconomico/vendor/laravel/framework/src/Illuminate/Foundation/Bootstrap/HandleExceptions.php(202): Illuminate/Foundation/Bootstrap/HandleExceptions->renderHttpResponse(Object(Illuminate/Encryption/MissingAppKeyException))
#23 C:/Aplicaciones con c#/SitioWebQueeconomico/vendor/laravel/framework/src/Illuminate/Foundation/Bootstrap/HandleExceptions.php(262): Illuminate/Foundation/Bootstrap/HandleExceptions->handleException(Object(Illuminate/Encryption/MissingAppKeyException))
#24 [internal function]: Illuminate/Foundation/Bootstrap/HandleExceptions->Illuminate/Foundation/Bootstrap/{closure}(Object(Illuminate/Encryption/MissingAppKeyException))
#25 {main}

[previous exception] [object] (Illuminate\\Database\\QueryException(code: HY000): SQLSTATE[HY000]: General error: 1 no such table: categories (Connection: sqlite, Database: C:\\Aplicaciones con c#\\SitioWebQueeconomico\\database\\database.sqlite, SQL: select * from \"categories\" where \"parent_id\" is null and \"is_active\" = 1 order by \"sort_order\" asc, \"name\" asc) at C:/Aplicaciones con c#/SitioWebQueeconomico/vendor/laravel/framework/src/Illuminate/Database/Connection.php:838)
[stacktrace]
#0 C:/Aplicaciones con c#/SitioWebQueeconomico/vendor/laravel/framework/src/Illuminate/Database/Connection.php(794): Illuminate/Database/Connection->runQueryCallback('select * from \"...', Array, Object(Closure))
#1 C:/Aplicaciones con c#/SitioWebQueeconomico/vendor/laravel/framework/src/Illuminate/Database/Connection.php(411): Illuminate/Database/Connection->run('select * from \"...', Array, Object(Closure))
#2 C:/Aplicaciones con c#/SitioWebQueeconomico/vendor/laravel/framework/src/Illuminate/Database/Query/Builder.php(3505): Illuminate/Database/Connection->select('select * from \"...', Array, true)
#3 C:/Aplicaciones con c#/SitioWebQueeconomico/vendor/laravel/framework/src/Illuminate/Database/Query/Builder.php(3490): Illuminate/Database/Query/Builder->runSelect()
#4 C:/Aplicaciones con c#/SitioWebQueeconomico/vendor/laravel/framework/src/Illuminate/Database/Query/Builder.php(4080): Illuminate/Database/Query/Builder->Illuminate/Database/Query/{closure}()
#5 C:/Aplicaciones con c#/SitioWebQueeconomico/vendor/laravel/framework/src/Illuminate/Database/Query/Builder.php(3489): Illuminate/Database/Query/Builder->onceWithColumns(Array, Object(Closure))
#6 C:/Aplicaciones con c#/SitioWebQueeconomico/vendor/laravel/framework/src/Illuminate/Database/Eloquent/Builder.php(902): Illuminate/Database/Query/Builder->get(Array)
#7 C:/Aplicaciones con c#/SitioWebQueeconomico/vendor/laravel/framework/src/Illuminate/Database/Eloquent/Builder.php(884): Illuminate/Database/Eloquent/Builder->getModels(Array)
#8 C:/Aplicaciones con c#/SitioWebQueeconomico/app/Services/StorefrontService.php(86): Illuminate/Database/Eloquent/Builder->get()
#9 C:/Aplicaciones con c#/SitioWebQueeconomico/storage/framework/views/54b5118591c87acf27eb71f3a8c7dfc0.php(3): App/Services/StorefrontService->categoryMenu()
#10 C:/Aplicaciones con c#/SitioWebQueeconomico/vendor/laravel/framework/src/Illuminate/Filesystem/Filesystem.php(123): require('C://Aplicaciones...')
#11 C:/Aplicaciones con c#/SitioWebQueeconomico/vendor/laravel/framework/src/Illuminate/Filesystem/Filesystem.php(124): Illuminate/Filesystem/Filesystem::Illuminate/Filesystem/{closure}()
#12 C:/Aplicaciones con c#/SitioWebQueeconomico/vendor/laravel/framework/src/Illuminate/View/Engines/PhpEngine.php(57): Illuminate/Filesystem/Filesystem->getRequire('C://Aplicaciones...', Array)
#13 C:/Aplicaciones con c#/SitioWebQueeconomico/vendor/laravel/framework/src/Illuminate/View/Engines/CompilerEngine.php(76): Illuminate/View/Engines/PhpEngine->evaluatePath('C://Aplicaciones...', Array)
#14 C:/Aplicaciones con c#/SitioWebQueeconomico/vendor/laravel/framework/src/Illuminate/View/View.php(208): Illuminate/View/Engines/CompilerEngine->get('C://Aplicaciones...', Array)
#15 C:/Aplicaciones con c#/SitioWebQueeconomico/vendor/laravel/framework/src/Illuminate/View/View.php(191): Illuminate/View/View->getContents()
#16 C:/Aplicaciones con c#/SitioWebQueeconomico/vendor/laravel/framework/src/Illuminate/View/View.php(160): Illuminate/View/View->renderContents()
#17 C:/Aplicaciones con c#/SitioWebQueeconomico/storage/framework/views/63eb17342198cbaaa27a84a0502cd0c4.php(10): Illuminate/View/View->render()
#18 C:/Aplicaciones con c#/SitioWebQueeconomico/vendor/laravel/framework/src/Illuminate/Filesystem/Filesystem.php(123): require('C://Aplicaciones...')
#19 C:/Aplicaciones con c#/SitioWebQueeconomico/vendor/laravel/framework/src/Illuminate/Filesystem/Filesystem.php(124): Illuminate/Filesystem/Filesystem::Illuminate/Filesystem/{closure}()
#20 C:/Aplicaciones con c#/SitioWebQueeconomico/vendor/laravel/framework/src/Illuminate/View/Engines/PhpEngine.php(57): Illuminate/Filesystem/Filesystem->getRequire('C://Aplicaciones...', Array)
#21 C:/Aplicaciones con c#/SitioWebQueeconomico/vendor/laravel/framework/src/Illuminate/View/Engines/CompilerEngine.php(76): Illuminate/View/Engines/PhpEngine->evaluatePath('C://Aplicaciones...', Array)
#22 C:/Aplicaciones con c#/SitioWebQueeconomico/vendor/laravel/framework/src/Illuminate/View/View.php(208): Illuminate/View/Engines/CompilerEngine->get('C://Aplicaciones...', Array)
#23 C:/Aplicaciones con c#/SitioWebQueeconomico/vendor/laravel/framework/src/Illuminate/View/View.php(191): Illuminate/View/View->getContents()
#24 C:/Aplicaciones con c#/SitioWebQueeconomico/vendor/laravel/framework/src/Illuminate/View/View.php(160): Illuminate/View/View->renderContents()
#25 C:/Aplicaciones con c#/SitioWebQueeconomico/vendor/laravel/framework/src/Illuminate/Http/Response.php(78): Illuminate/View/View->render()
#26 C:/Aplicaciones con c#/SitioWebQueeconomico/vendor/laravel/framework/src/Illuminate/Http/Response.php(34): Illuminate/Http/Response->setContent(Object(Illuminate/View/View))
#27 C:/Aplicaciones con c#/SitioWebQueeconomico/vendor/laravel/framework/src/Illuminate/Routing/ResponseFactory.php(61): Illuminate/Http/Response->__construct(Object(Illuminate/View/View), 500, Array)
#28 C:/Aplicaciones con c#/SitioWebQueeconomico/vendor/laravel/framework/src/Illuminate/Routing/ResponseFactory.php(91): Illuminate/Routing/ResponseFactory->make(Object(Illuminate/View/View), 500, Array)
#29 C:/Aplicaciones con c#/SitioWebQueeconomico/vendor/laravel/framework/src/Illuminate/Foundation/Exceptions/Handler.php(926): Illuminate/Routing/ResponseFactory->view('errors::500', Array, 500, Array)
#30 C:/Aplicaciones con c#/SitioWebQueeconomico/vendor/laravel/framework/src/Illuminate/Foundation/Exceptions/Handler.php(847): Illuminate/Foundation/Exceptions/Handler->renderHttpException(Object(Symfony/Component/HttpKernel/Exception/HttpException))
#31 C:/Aplicaciones con c#/SitioWebQueeconomico/vendor/laravel/framework/src/Illuminate/Foundation/Exceptions/Handler.php(738): Illuminate/Foundation/Exceptions/Handler->prepareResponse(Object(Illuminate/Http/Request), Object(Symfony/Component/HttpKernel/Exception/HttpException))
#32 C:/Aplicaciones con c#/SitioWebQueeconomico/vendor/laravel/framework/src/Illuminate/Foundation/Exceptions/Handler.php(626): Illuminate/Foundation/Exceptions/Handler->renderExceptionResponse(Object(Illuminate/Http/Request), Object(Illuminate/Encryption/MissingAppKeyException))
#33 C:/Aplicaciones con c#/SitioWebQueeconomico/vendor/laravel/framework/src/Illuminate/Foundation/Bootstrap/HandleExceptions.php(225): Illuminate/Foundation/Exceptions/Handler->render(Object(Illuminate/Http/Request), Object(Illuminate/Encryption/MissingAppKeyException))
#34 C:/Aplicaciones con c#/SitioWebQueeconomico/vendor/laravel/framework/src/Illuminate/Foundation/Bootstrap/HandleExceptions.php(202): Illuminate/Foundation/Bootstrap/HandleExceptions->renderHttpResponse(Object(Illuminate/Encryption/MissingAppKeyException))
#35 C:/Aplicaciones con c#/SitioWebQueeconomico/vendor/laravel/framework/src/Illuminate/Foundation/Bootstrap/HandleExceptions.php(262): Illuminate/Foundation/Bootstrap/HandleExceptions->handleException(Object(Illuminate/Encryption/MissingAppKeyException))
#36 [internal function]: Illuminate/Foundation/Bootstrap/HandleExceptions->Illuminate/Foundation/Bootstrap/{closure}(Object(Illuminate/Encryption/MissingAppKeyException))
#37 {main}

[previous exception] [object] (PDOException(code: HY000): SQLSTATE[HY000]: General error: 1 no such table: categories at C:/Aplicaciones con c#/SitioWebQueeconomico/vendor/laravel/framework/src/Illuminate/Database/Connection.php:420)
[stacktrace]
#0 C:/Aplicaciones con c#/SitioWebQueeconomico/vendor/laravel/framework/src/Illuminate/Database/Connection.php(420): PDO->prepare('select * from \"...')
#1 C:/Aplicaciones con c#/SitioWebQueeconomico/vendor/laravel/framework/src/Illuminate/Database/Connection.php(827): Illuminate/Database/Connection->Illuminate/Database/{closure}('select * from \"...', Array)
#2 C:/Aplicaciones con c#/SitioWebQueeconomico/vendor/laravel/framework/src/Illuminate/Database/Connection.php(794): Illuminate/Database/Connection->runQueryCallback('select * from \"...', Array, Object(Closure))
#3 C:/Aplicaciones con c#/SitioWebQueeconomico/vendor/laravel/framework/src/Illuminate/Database/Connection.php(411): Illuminate/Database/Connection->run('select * from \"...', Array, Object(Closure))
#4 C:/Aplicaciones con c#/SitioWebQueeconomico/vendor/laravel/framework/src/Illuminate/Database/Query/Builder.php(3505): Illuminate/Database/Connection->select('select * from \"...', Array, true)
#5 C:/Aplicaciones con c#/SitioWebQueeconomico/vendor/laravel/framework/src/Illuminate/Database/Query/Builder.php(3490): Illuminate/Database/Query/Builder->runSelect()
#6 C:/Aplicaciones con c#/SitioWebQueeconomico/vendor/laravel/framework/src/Illuminate/Database/Query/Builder.php(4080): Illuminate/Database/Query/Builder->Illuminate/Database/Query/{closure}()
#7 C:/Aplicaciones con c#/SitioWebQueeconomico/vendor/laravel/framework/src/Illuminate/Database/Query/Builder.php(3489): Illuminate/Database/Query/Builder->onceWithColumns(Array, Object(Closure))
#8 C:/Aplicaciones con c#/SitioWebQueeconomico/vendor/laravel/framework/src/Illuminate/Database/Eloquent/Builder.php(902): Illuminate/Database/Query/Builder->get(Array)
#9 C:/Aplicaciones con c#/SitioWebQueeconomico/vendor/laravel/framework/src/Illuminate/Database/Eloquent/Builder.php(884): Illuminate/Database/Eloquent/Builder->getModels(Array)
#10 C:/Aplicaciones con c#/SitioWebQueeconomico/app/Services/StorefrontService.php(86): Illuminate/Database/Eloquent/Builder->get()
#11 C:/Aplicaciones con c#/SitioWebQueeconomico/storage/framework/views/54b5118591c87acf27eb71f3a8c7dfc0.php(3): App/Services/StorefrontService->categoryMenu()
#12 C:/Aplicaciones con c#/SitioWebQueeconomico/vendor/laravel/framework/src/Illuminate/Filesystem/Filesystem.php(123): require('C://Aplicaciones...')
#13 C:/Aplicaciones con c#/SitioWebQueeconomico/vendor/laravel/framework/src/Illuminate/Filesystem/Filesystem.php(124): Illuminate/Filesystem/Filesystem::Illuminate/Filesystem/{closure}()
#14 C:/Aplicaciones con c#/SitioWebQueeconomico/vendor/laravel/framework/src/Illuminate/View/Engines/PhpEngine.php(57): Illuminate/Filesystem/Filesystem->getRequire('C://Aplicaciones...', Array)
#15 C:/Aplicaciones con c#/SitioWebQueeconomico/vendor/laravel/framework/src/Illuminate/View/Engines/CompilerEngine.php(76): Illuminate/View/Engines/PhpEngine->evaluatePath('C://Aplicaciones...', Array)
#16 C:/Aplicaciones con c#/SitioWebQueeconomico/vendor/laravel/framework/src/Illuminate/View/View.php(208): Illuminate/View/Engines/CompilerEngine->get('C://Aplicaciones...', Array)
#17 C:/Aplicaciones con c#/SitioWebQueeconomico/vendor/laravel/framework/src/Illuminate/View/View.php(191): Illuminate/View/View->getContents()
#18 C:/Aplicaciones con c#/SitioWebQueeconomico/vendor/laravel/framework/src/Illuminate/View/View.php(160): Illuminate/View/View->renderContents()
#19 C:/Aplicaciones con c#/SitioWebQueeconomico/storage/framework/views/63eb17342198cbaaa27a84a0502cd0c4.php(10): Illuminate/View/View->render()
#20 C:/Aplicaciones con c#/SitioWebQueeconomico/vendor/laravel/framework/src/Illuminate/Filesystem/Filesystem.php(123): require('C://Aplicaciones...')
#21 C:/Aplicaciones con c#/SitioWebQueeconomico/vendor/laravel/framework/src/Illuminate/Filesystem/Filesystem.php(124): Illuminate/Filesystem/Filesystem::Illuminate/Filesystem/{closure}()
#22 C:/Aplicaciones con c#/SitioWebQueeconomico/vendor/laravel/framework/src/Illuminate/View/Engines/PhpEngine.php(57): Illuminate/Filesystem/Filesystem->getRequire('C://Aplicaciones...', Array)
#23 C:/Aplicaciones con c#/SitioWebQueeconomico/vendor/laravel/framework/src/Illuminate/View/Engines/CompilerEngine.php(76): Illuminate/View/Engines/PhpEngine->evaluatePath('C://Aplicaciones...', Array)
#24 C:/Aplicaciones con c#/SitioWebQueeconomico/vendor/laravel/framework/src/Illuminate/View/View.php(208): Illuminate/View/Engines/CompilerEngine->get('C://Aplicaciones...', Array)
#25 C:/Aplicaciones con c#/SitioWebQueeconomico/vendor/laravel/framework/src/Illuminate/View/View.php(191): Illuminate/View/View->getContents()
#26 C:/Aplicaciones con c#/SitioWebQueeconomico/vendor/laravel/framework/src/Illuminate/View/View.php(160): Illuminate/View/View->renderContents()
#27 C:/Aplicaciones con c#/SitioWebQueeconomico/vendor/laravel/framework/src/Illuminate/Http/Response.php(78): Illuminate/View/View->render()
#28 C:/Aplicaciones con c#/SitioWebQueeconomico/vendor/laravel/framework/src/Illuminate/Http/Response.php(34): Illuminate/Http/Response->setContent(Object(Illuminate/View/View))
#29 C:/Aplicaciones con c#/SitioWebQueeconomico/vendor/laravel/framework/src/Illuminate/Routing/ResponseFactory.php(61): Illuminate/Http/Response->__construct(Object(Illuminate/View/View), 500, Array)
#30 C:/Aplicaciones con c#/SitioWebQueeconomico/vendor/laravel/framework/src/Illuminate/Routing/ResponseFactory.php(91): Illuminate/Routing/ResponseFactory->make(Object(Illuminate/View/View), 500, Array)
#31 C:/Aplicaciones con c#/SitioWebQueeconomico/vendor/laravel/framework/src/Illuminate/Foundation/Exceptions/Handler.php(926): Illuminate/Routing/ResponseFactory->view('errors::500', Array, 500, Array)
#32 C:/Aplicaciones con c#/SitioWebQueeconomico/vendor/laravel/framework/src/Illuminate/Foundation/Exceptions/Handler.php(847): Illuminate/Foundation/Exceptions/Handler->renderHttpException(Object(Symfony/Component/HttpKernel/Exception/HttpException))
#33 C:/Aplicaciones con c#/SitioWebQueeconomico/vendor/laravel/framework/src/Illuminate/Foundation/Exceptions/Handler.php(738): Illuminate/Foundation/Exceptions/Handler->prepareResponse(Object(Illuminate/Http/Request), Object(Symfony/Component/HttpKernel/Exception/HttpException))
#34 C:/Aplicaciones con c#/SitioWebQueeconomico/vendor/laravel/framework/src/Illuminate/Foundation/Exceptions/Handler.php(626): Illuminate/Foundation/Exceptions/Handler->renderExceptionResponse(Object(Illuminate/Http/Request), Object(Illuminate/Encryption/MissingAppKeyException))
#35 C:/Aplicaciones con c#/SitioWebQueeconomico/vendor/laravel/framework/src/Illuminate/Foundation/Bootstrap/HandleExceptions.php(225): Illuminate/Foundation/Exceptions/Handler->render(Object(Illuminate/Http/Request), Object(Illuminate/Encryption/MissingAppKeyException))
#36 C:/Aplicaciones con c#/SitioWebQueeconomico/vendor/laravel/framework/src/Illuminate/Foundation/Bootstrap/HandleExceptions.php(202): Illuminate/Foundation/Bootstrap/HandleExceptions->renderHttpResponse(Object(Illuminate/Encryption/MissingAppKeyException))
#37 C:/Aplicaciones con c#/SitioWebQueeconomico/vendor/laravel/framework/src/Illuminate/Foundation/Bootstrap/HandleExceptions.php(262): Illuminate/Foundation/Bootstrap/HandleExceptions->handleException(Object(Illuminate/Encryption/MissingAppKeyException))
#38 [internal function]: Illuminate/Foundation/Bootstrap/HandleExceptions->Illuminate/Foundation/Bootstrap/{closure}(Object(Illuminate/Encryption/MissingAppKeyException))
#39 {main}
"} 
[2026-07-04 22:39:16] local.ERROR: Writing to directory C:/Users/USUARIO/AppData/Roaming/PsySH is not allowed. {"exception":"[object] (ErrorException(code: 0): Writing to directory C:/Users/USUARIO/AppData/Roaming/PsySH is not allowed. at C:/Aplicaciones con c#/SitioWebQueeconomico/vendor/psy/psysh/src/ConfigPaths.php:456)
[stacktrace]
#0 C:/Aplicaciones con c#/SitioWebQueeconomico/vendor/laravel/framework/src/Illuminate/Foundation/Bootstrap/HandleExceptions.php(262): Illuminate/Foundation/Bootstrap/HandleExceptions->handleError(1024, 'Writing to dire...', 'C://Aplicaciones...', 456)
#1 [internal function]: Illuminate/Foundation/Bootstrap/HandleExceptions->Illuminate/Foundation/Bootstrap/{closure}(1024, 'Writing to dire...', 'C://Aplicaciones...', 456)
#2 C:/Aplicaciones con c#/SitioWebQueeconomico/vendor/psy/psysh/src/ConfigPaths.php(456): trigger_error('Writing to dire...', 1024)
#3 C:/Aplicaciones con c#/SitioWebQueeconomico/vendor/psy/psysh/src/ConfigPaths.php(485): Psy/ConfigPaths::ensureDir('C:/Users/USUARI...')
#4 C:/Aplicaciones con c#/SitioWebQueeconomico/vendor/psy/psysh/src/Configuration.php(1068): Psy/ConfigPaths::touchFileWithMkdir('C:/Users/USUARI...')
#5 C:/Aplicaciones con c#/SitioWebQueeconomico/vendor/psy/psysh/src/Configuration.php(1108): Psy/Configuration->setHistoryFile('C:/Users/USUARI...')
#6 C:/Aplicaciones con c#/SitioWebQueeconomico/vendor/psy/psysh/src/Configuration.php(1285): Psy/Configuration->getHistoryFile()
#7 C:/Aplicaciones con c#/SitioWebQueeconomico/vendor/psy/psysh/src/Shell.php(191): Psy/Configuration->getReadline()
#8 C:/Aplicaciones con c#/SitioWebQueeconomico/vendor/psy/psysh/src/Shell.php(2178): Psy/Shell->boot()
#9 C:/Aplicaciones con c#/SitioWebQueeconomico/vendor/laravel/tinker/src/Console/TinkerCommand.php(77): Psy/Shell->execute('echo App////Model...')
#10 C:/Aplicaciones con c#/SitioWebQueeconomico/vendor/laravel/framework/src/Illuminate/Container/BoundMethod.php(36): Laravel/Tinker/Console/TinkerCommand->handle()
#11 C:/Aplicaciones con c#/SitioWebQueeconomico/vendor/laravel/framework/src/Illuminate/Container/Util.php(43): Illuminate/Container/BoundMethod::Illuminate/Container/{closure}()
#12 C:/Aplicaciones con c#/SitioWebQueeconomico/vendor/laravel/framework/src/Illuminate/Container/BoundMethod.php(96): Illuminate/Container/Util::unwrapIfClosure(Object(Closure))
#13 C:/Aplicaciones con c#/SitioWebQueeconomico/vendor/laravel/framework/src/Illuminate/Container/BoundMethod.php(35): Illuminate/Container/BoundMethod::callBoundMethod(Object(Illuminate/Foundation/Application), Array, Object(Closure))
#14 C:/Aplicaciones con c#/SitioWebQueeconomico/vendor/laravel/framework/src/Illuminate/Container/Container.php(799): Illuminate/Container/BoundMethod::call(Object(Illuminate/Foundation/Application), Array, Array, NULL)
#15 C:/Aplicaciones con c#/SitioWebQueeconomico/vendor/laravel/framework/src/Illuminate/Console/Command.php(211): Illuminate/Container/Container->call(Array)
#16 C:/Aplicaciones con c#/SitioWebQueeconomico/vendor/symfony/console/Command/Command.php(341): Illuminate/Console/Command->execute(Object(Symfony/Component/Console/Input/ArgvInput), Object(Illuminate/Console/OutputStyle))
#17 C:/Aplicaciones con c#/SitioWebQueeconomico/vendor/laravel/framework/src/Illuminate/Console/Command.php(180): Symfony/Component/Console/Command/Command->run(Object(Symfony/Component/Console/Input/ArgvInput), Object(Illuminate/Console/OutputStyle))
#18 C:/Aplicaciones con c#/SitioWebQueeconomico/vendor/symfony/console/Application.php(1117): Illuminate/Console/Command->run(Object(Symfony/Component/Console/Input/ArgvInput), Object(Symfony/Component/Console/Output/ConsoleOutput))
#19 C:/Aplicaciones con c#/SitioWebQueeconomico/vendor/symfony/console/Application.php(356): Symfony/Component/Console/Application->doRunCommand(Object(Laravel/Tinker/Console/TinkerCommand), Object(Symfony/Component/Console/Input/ArgvInput), Object(Symfony/Component/Console/Output/ConsoleOutput))
#20 C:/Aplicaciones con c#/SitioWebQueeconomico/vendor/symfony/console/Application.php(195): Symfony/Component/Console/Application->doRun(Object(Symfony/Component/Console/Input/ArgvInput), Object(Symfony/Component/Console/Output/ConsoleOutput))
#21 C:/Aplicaciones con c#/SitioWebQueeconomico/vendor/laravel/framework/src/Illuminate/Foundation/Console/Kernel.php(198): Symfony/Component/Console/Application->run(Object(Symfony/Component/Console/Input/ArgvInput), Object(Symfony/Component/Console/Output/ConsoleOutput))
#22 C:/Aplicaciones con c#/SitioWebQueeconomico/vendor/laravel/framework/src/Illuminate/Foundation/Application.php(1235): Illuminate/Foundation/Console/Kernel->handle(Object(Symfony/Component/Console/Input/ArgvInput), Object(Symfony/Component/Console/Output/ConsoleOutput))
#23 C:/Aplicaciones con c#/SitioWebQueeconomico/artisan(16): Illuminate/Foundation/Application->handleCommand(Object(Symfony/Component/Console/Input/ArgvInput))
#24 {main}
"} 
[2026-07-04 22:39:39] local.ERROR: rename(C:\Aplicaciones con c#\SitioWebQueeconomico\bootstrap\cache\pacE921.tmp,C:\Aplicaciones con c#\SitioWebQueeconomico\bootstrap\cache/packages.php): Acceso denegado (code: 5) {"exception":"[object] (ErrorException(code: 0): rename(C:\\Aplicaciones con c#\\SitioWebQueeconomico\\bootstrap\\cache\\pacE921.tmp,C:\\Aplicaciones con c#\\SitioWebQueeconomico\\bootstrap\\cache/packages.php): Acceso denegado (code: 5) at C:/Aplicaciones con c#/SitioWebQueeconomico/vendor/laravel/framework/src/Illuminate/Filesystem/Filesystem.php:233)
[stacktrace]
#0 C:/Aplicaciones con c#/SitioWebQueeconomico/vendor/laravel/framework/src/Illuminate/Foundation/Bootstrap/HandleExceptions.php(262): Illuminate/Foundation/Bootstrap/HandleExceptions->handleError(2, 'rename(C://Aplic...', 'C://Aplicaciones...', 233)
#1 [internal function]: Illuminate/Foundation/Bootstrap/HandleExceptions->Illuminate/Foundation/Bootstrap/{closure}(2, 'rename(C://Aplic...', 'C://Aplicaciones...', 233)
#2 C:/Aplicaciones con c#/SitioWebQueeconomico/vendor/laravel/framework/src/Illuminate/Filesystem/Filesystem.php(233): rename('C://Aplicaciones...', 'C://Aplicaciones...')
#3 C:/Aplicaciones con c#/SitioWebQueeconomico/vendor/laravel/framework/src/Illuminate/Foundation/PackageManifest.php(182): Illuminate/Filesystem/Filesystem->replace('C://Aplicaciones...', '<?php return ar...')
#4 C:/Aplicaciones con c#/SitioWebQueeconomico/vendor/laravel/framework/src/Illuminate/Foundation/PackageManifest.php(132): Illuminate/Foundation/PackageManifest->write(Array)
#5 C:/Aplicaciones con c#/SitioWebQueeconomico/vendor/laravel/framework/src/Illuminate/Foundation/PackageManifest.php(108): Illuminate/Foundation/PackageManifest->build()
#6 C:/Aplicaciones con c#/SitioWebQueeconomico/vendor/laravel/framework/src/Illuminate/Foundation/PackageManifest.php(90): Illuminate/Foundation/PackageManifest->getManifest()
#7 C:/Aplicaciones con c#/SitioWebQueeconomico/vendor/laravel/framework/src/Illuminate/Foundation/PackageManifest.php(79): Illuminate/Foundation/PackageManifest->config('aliases')
#8 C:/Aplicaciones con c#/SitioWebQueeconomico/vendor/laravel/framework/src/Illuminate/Foundation/Bootstrap/RegisterFacades.php(26): Illuminate/Foundation/PackageManifest->aliases()
#9 C:/Aplicaciones con c#/SitioWebQueeconomico/vendor/laravel/framework/src/Illuminate/Foundation/Application.php(342): Illuminate/Foundation/Bootstrap/RegisterFacades->bootstrap(Object(Illuminate/Foundation/Application))
#10 C:/Aplicaciones con c#/SitioWebQueeconomico/vendor/laravel/framework/src/Illuminate/Foundation/Console/Kernel.php(494): Illuminate/Foundation/Application->bootstrapWith(Array)
#11 C:/Aplicaciones con c#/SitioWebQueeconomico/vendor/laravel/framework/src/Illuminate/Foundation/Console/Kernel.php(196): Illuminate/Foundation/Console/Kernel->bootstrap()
#12 C:/Aplicaciones con c#/SitioWebQueeconomico/vendor/laravel/framework/src/Illuminate/Foundation/Application.php(1235): Illuminate/Foundation/Console/Kernel->handle(Object(Symfony/Component/Console/Input/ArgvInput), Object(Symfony/Component/Console/Output/ConsoleOutput))
#13 C:/Aplicaciones con c#/SitioWebQueeconomico/artisan(16): Illuminate/Foundation/Application->handleCommand(Object(Symfony/Component/Console/Input/ArgvInput))
#14 {main}
"} 
